date,volume,open,high,low,close,adjclose,ticker
2018-06-15,3696200,59.630001068115234,60.08000183105469,59.369998931884766,60.0099983215332,60.0099983215332,TMUS
2018-07-26,23518700,43.58000183105469,43.83000183105469,43.220001220703125,43.529998779296875,41.35072708129883,CSCO
2018-04-13,2828300,108.8499984741211,109.45999908447266,108.5199966430664,109.26000213623048,101.97518157958984,PEP
2018-03-14,21141100,45.34000015258789,45.7599983215332,45.09000015258789,45.279998779296875,42.34009552001953,CSCO
2019-05-21,2506000,277.0899963378906,279.7799987792969,274.6499938964844,275.3299865722656,275.3299865722656,AVGO
2019-12-16,58824900,41.72999954223633,42.97999954223633,41.72999954223633,42.349998474121094,42.349998474121094,AMD
2019-08-05,74333200,28.260000228881836,28.489999771118164,27.649999618530273,27.989999771118164,27.989999771118164,AMD
2018-11-01,5736700,112.0,113.13999938964844,110.9800033569336,111.51000213623048,105.9011459350586,PEP
2018-03-29,4687400,238.08999633789065,240.83999633789065,234.7599945068359,235.6499938964844,235.6499938964844,AVGO
2019-07-15,16947400,204.08999633789065,205.8699951171875,204.0,205.2100067138672,202.7898101806641,AAPL
2018-06-08,4795500,101.18000030517578,102.61000061035156,101.18000030517578,102.48999786376952,96.53631591796876,PEP
2018-12-03,34732800,113.0,113.41999816894533,110.7300033569336,112.08999633789062,109.84996032714844,MSFT
2019-01-03,91312200,143.97999572753906,145.72000122070312,142.0,142.19000244140625,139.37625122070312,AAPL
2019-02-11,20993400,171.0500030517578,171.2100067138672,169.25,169.42999267578125,166.7894744873047,AAPL
2019-04-23,10089800,375.4500122070313,384.7999877929687,374.7099914550781,381.8900146484375,381.8900146484375,NFLX
2018-02-22,25887600,43.4900016784668,43.560001373291016,42.75,42.939998626708984,40.15202331542969,CSCO
2019-02-25,7569300,367.010009765625,371.489990234375,363.7900085449219,363.9100036621094,363.9100036621094,NFLX
2018-12-13,88108300,20.6299991607666,20.8700008392334,19.760000228881836,19.86000061035156,19.86000061035156,AMD
2018-01-16,4669900,64.13999938964844,64.13999938964844,62.560001373291016,62.970001220703125,62.970001220703125,TMUS
2019-11-20,79767900,40.959999084472656,41.75,40.06999969482422,40.97999954223633,40.97999954223633,AMD
2018-11-21,4686800,352.0,353.1000061035156,337.3999938964844,338.19000244140625,338.19000244140625,TSLA
2019-03-14,8986600,116.86000061035156,116.9800033569336,115.4499969482422,115.5,111.45795440673828,PEP
2019-07-23,2703500,1995.989990234375,1997.7900390625,1973.1300048828125,1994.489990234375,1994.489990234375,AMZN
2019-03-15,2806200,72.76000213623047,73.5,72.0999984741211,73.45999908447266,73.45999908447266,TMUS
2018-09-10,14283500,273.260009765625,286.0299987792969,271.0,285.5,285.5,TSLA
2018-02-23,1828000,252.13999938964844,255.02999877929688,250.2899932861328,253.7100067138672,253.7100067138672,AVGO
2019-11-22,15901800,150.07000732421875,150.3000030517578,148.82000732421875,149.58999633789062,148.7681884765625,MSFT
2019-06-10,3096000,77.05999755859375,77.37999725341797,76.37999725341797,76.66999816894531,76.66999816894531,TMUS
2018-07-26,9924400,1839.0,1844.6800537109375,1804.5,1808.0,1808.0,AMZN
2018-08-02,62404000,200.5800018310547,208.3800048828125,200.3500061035156,207.38999938964844,201.8712158203125,AAPL
2018-11-02,6955500,1678.5899658203125,1697.43994140625,1651.8299560546875,1665.530029296875,1665.530029296875,AMZN
2019-09-25,58234800,29.479999542236328,29.649999618530273,28.549999237060547,29.540000915527344,29.540000915527344,AMD
2019-04-04,19114300,194.7899932861328,196.3699951171875,193.13999938964844,195.69000244140625,192.6402130126953,AAPL
2018-06-15,13588100,390.7099914550781,398.8599853515625,387.510009765625,391.9800109863281,391.9800109863281,NFLX
2019-08-20,7349900,304.57000732421875,305.0,297.67999267578125,298.989990234375,298.989990234375,NFLX
2019-12-09,2469400,316.0,317.1499938964844,313.94000244140625,314.3800048828125,314.3800048828125,AVGO
2019-06-05,79481500,29.93000030517578,29.989999771118164,29.030000686645508,29.5,29.5,AMD
2018-10-31,7624300,332.5400085449219,342.0,329.1000061035156,337.32000732421875,337.32000732421875,TSLA
2019-12-23,2025400,320.5400085449219,322.3299865722656,317.6099853515625,319.5299987792969,319.5299987792969,AVGO
2018-07-24,58201500,16.75,16.860000610351562,16.110000610351562,16.190000534057617,16.190000534057617,AMD
2019-01-03,5975900,108.91000366210938,110.1500015258789,108.0500030517578,108.26000213623048,103.63098907470705,PEP
2019-09-17,3865400,242.47000122070312,245.6000061035156,240.3699951171875,244.7899932861328,244.7899932861328,TSLA
2018-06-25,6931300,330.1199951171875,338.4700012207031,327.5,333.010009765625,333.010009765625,TSLA
2019-01-15,6056600,335.0,348.79998779296875,334.5,344.42999267578125,344.42999267578125,TSLA
2019-02-27,3148800,1628.1800537109375,1641.81005859375,1615.0999755859375,1641.0899658203125,1641.0899658203125,AMZN
2019-10-15,18794400,46.25,46.58000183105469,46.040000915527344,46.36000061035156,45.58943176269531,CSCO
2019-05-07,2173400,308.6499938964844,309.6199951171875,303.7300109863281,307.2900085449219,307.2900085449219,AVGO
2019-07-30,1116400,299.0899963378906,300.92999267578125,297.1000061035156,299.55999755859375,299.55999755859375,AVGO
2019-10-18,3362500,1787.800048828125,1793.97998046875,1749.199951171875,1757.510009765625,1757.510009765625,AMZN
2018-10-19,3223100,230.0,231.08999633789065,226.92999267578125,228.27999877929688,228.27999877929688,AVGO
2018-09-18,16469600,47.06999969482422,47.650001525878906,47.06999969482422,47.459999084472656,45.083984375,CSCO
2018-04-10,3324400,239.55999755859375,241.55999755859375,237.66000366210935,239.75,239.75,AVGO
2019-09-05,3310800,1821.949951171875,1842.0,1815.5799560546875,1840.719970703125,1840.719970703125,AMZN
2019-08-06,32696700,133.8000030517578,135.67999267578125,133.2100067138672,134.69000244140625,133.05274963378906,MSFT
2019-08-23,5270800,1793.030029296875,1804.9000244140625,1745.22998046875,1749.6199951171875,1749.6199951171875,AMZN
2019-11-01,24404100,46.849998474121094,47.4900016784668,46.63999938964844,47.029998779296875,46.24829864501953,CSCO
2018-05-03,6668200,97.4800033569336,98.08999633789062,96.6999969482422,97.5999984741211,91.09259796142578,PEP
2019-10-14,13304300,139.69000244140625,140.2899932861328,139.52000427246094,139.5500030517578,138.31271362304688,MSFT
2019-08-09,5349100,313.739990234375,316.6400146484375,305.67999267578125,308.92999267578125,308.92999267578125,NFLX
2019-06-21,57588800,57.40999984741211,58.150001525878906,56.97999954223633,57.029998779296875,55.31144332885742,CSCO
2019-11-14,1726800,310.75,311.8399963378906,306.1099853515625,308.9700012207031,308.9700012207031,AVGO
2018-11-07,7374500,343.3399963378906,351.17999267578125,340.79998779296875,348.1600036621094,348.1600036621094,TSLA
2019-06-14,70373000,30.700000762939453,30.959999084472656,30.020000457763672,30.36000061035156,30.36000061035156,AMD
2018-05-21,2925200,1585.0,1592.050048828125,1575.0,1585.4599609375,1585.4599609375,AMZN
2019-10-22,2111700,1788.1500244140625,1789.780029296875,1762.0,1765.72998046875,1765.72998046875,AMZN
2019-03-12,19485300,52.0099983215332,52.279998779296875,51.68000030517578,52.150001525878906,50.26028060913086,CSCO
2019-11-04,16912000,144.8300018310547,145.0,144.16000366210938,144.5500030517578,143.2683868408203,MSFT
2018-03-07,22034400,44.029998779296875,44.38999938964844,43.79999923706055,44.20000076293945,41.33021545410156,CSCO
2019-01-11,85110800,19.469999313354492,20.350000381469727,19.190000534057617,20.270000457763672,20.270000457763672,AMD
2018-02-28,6069700,352.57000732421875,355.239990234375,342.2200012207031,343.05999755859375,343.05999755859375,TSLA
2018-07-03,13474700,42.939998626708984,43.22999954223633,42.619998931884766,42.66999816894531,40.220306396484375,CSCO
2018-05-21,6678100,98.22000122070312,99.9800033569336,98.05999755859376,99.51000213623048,92.8752670288086,PEP
2019-03-18,5429100,1712.699951171875,1750.0,1712.6300048828125,1742.1500244140625,1742.1500244140625,AMZN
2018-04-19,8438800,332.8800048828125,335.30999755859375,326.7699890136719,332.70001220703125,332.70001220703125,NFLX
2019-02-13,18394900,107.5,107.77999877929688,106.70999908447266,106.80999755859376,104.67547607421876,MSFT
2019-10-24,18338800,47.22999954223633,47.22999954223633,46.099998474121094,46.40999984741211,45.63860321044922,CSCO
2018-08-02,4354700,1788.77001953125,1836.56005859375,1786.0,1834.3299560546875,1834.3299560546875,AMZN
2019-12-12,86878000,39.400001525878906,42.619998931884766,39.25,42.59000015258789,42.59000015258789,AMD
2019-05-06,32443100,204.2899932861328,208.83999633789065,203.5,208.47999572753903,205.2309112548828,AAPL
2018-03-07,127603200,11.579999923706056,12.81999969482422,11.550000190734863,12.239999771118164,12.239999771118164,AMD
2019-09-25,3579500,135.2100067138672,135.66000366210938,134.50999450683594,135.08999633789062,132.2243194580078,PEP
2018-12-07,4615500,116.37000274658205,116.9800033569336,115.37999725341795,115.81999969482422,110.86773681640624,PEP
2018-07-13,3079300,61.2400016784668,61.810001373291016,60.970001220703125,61.68000030517578,61.68000030517578,TMUS
2019-12-11,2082900,315.17999267578125,321.3500061035156,315.17999267578125,319.7200012207031,319.7200012207031,AVGO
2019-10-28,6248400,278.04998779296875,285.75,277.3500061035156,281.8599853515625,281.8599853515625,NFLX
2018-03-20,3319000,110.75,111.3000030517578,109.83000183105467,109.9000015258789,102.572509765625,PEP
2018-09-25,3538700,112.63999938964844,112.75,111.76000213623048,111.97000122070312,106.3379898071289,PEP
2018-07-05,18118700,42.560001373291016,42.63999938964844,41.959999084472656,42.560001373291016,40.42929458618164,CSCO
2019-02-21,17249700,171.8000030517578,172.3699951171875,170.3000030517578,171.05999755859375,168.3940887451172,AAPL
2018-07-16,65275300,16.420000076293945,17.0,16.40999984741211,16.579999923706055,16.579999923706055,AMD
2019-12-03,19625500,44.400001525878906,44.4900016784668,43.7400016784668,44.279998779296875,43.54400634765625,CSCO
2019-12-12,24612100,151.64999389648438,153.44000244140625,151.02000427246094,153.24000549316406,152.3981475830078,MSFT
2018-04-03,28003900,41.34000015258789,41.5,40.720001220703125,41.380001068115234,38.69331359863281,CSCO
2019-06-17,70865700,30.25,30.450000762939453,29.18000030517578,29.200000762939453,29.200000762939453,AMD
2019-06-11,82834900,33.43000030517578,33.4900016784668,31.81999969482422,32.40999984741211,32.40999984741211,AMD
2019-09-09,25773900,139.58999633789062,139.75,136.4600067138672,137.52000427246094,136.30072021484375,MSFT
2019-07-24,41952300,33.63999938964844,34.36000061035156,33.45000076293945,34.11000061035156,34.11000061035156,AMD
2018-05-21,19422500,97.0,98.01000213623048,96.8000030517578,97.5999984741211,94.87300872802734,MSFT
2019-09-03,18869300,136.61000061035156,137.1999969482422,135.6999969482422,136.0399932861328,134.83383178710938,MSFT
2018-07-23,15656500,41.91999816894531,42.119998931884766,41.439998626708984,42.060001373291016,39.95431900024414,CSCO
2018-08-28,9222600,367.2300109863281,369.989990234375,360.3800048828125,368.489990234375,368.489990234375,NFLX
2018-01-12,4825100,338.6300048828125,340.4100036621094,333.6700134277344,336.2200012207031,336.2200012207031,TSLA
2019-04-09,5904000,271.6499938964844,275.0,269.6099853515625,272.30999755859375,272.30999755859375,TSLA
2019-12-02,6218800,314.3900146484375,314.3900146484375,303.75,309.989990234375,309.989990234375,NFLX
2019-09-30,17280900,138.0500030517578,139.22000122070312,137.77999877929688,139.02999877929688,137.7973175048828,MSFT
2018-01-18,4026900,1293.949951171875,1304.5999755859375,1284.02001953125,1293.3199462890625,1293.3199462890625,AMZN
2018-11-28,3989400,115.9800033569336,118.5199966430664,115.56999969482422,118.5,112.53953552246094,PEP
2019-07-25,18356900,140.42999267578125,140.61000061035156,139.32000732421875,140.19000244140625,138.4858856201172,MSFT
2018-08-21,4667700,115.25,115.25,113.6500015258789,113.72000122070312,107.11397552490234,PEP
2018-06-26,4386600,1672.3699951171875,1701.5699462890625,1663.3399658203125,1691.0899658203125,1691.0899658203125,AMZN
2019-02-06,2706400,273.2699890136719,280.0,272.75,276.2099914550781,276.2099914550781,AVGO
2018-06-28,12219900,395.0,396.8999938964844,387.1000061035156,395.4200134277344,395.4200134277344,NFLX
2019-02-21,29063200,106.9000015258789,109.4800033569336,106.87000274658205,109.41000366210938,107.68144989013672,MSFT
2019-06-25,4176300,133.97999572753906,134.47999572753906,133.5399932861328,133.80999755859375,130.0725860595703,PEP
2018-10-12,4543000,105.3000030517578,105.76000213623048,104.52999877929688,105.27999877929688,99.9844970703125,PEP
2018-10-17,2662700,68.95999908447266,69.66000366210938,68.58000183105469,69.08000183105469,69.08000183105469,TMUS
2019-03-12,32467600,180.0,182.6699981689453,179.3699951171875,180.91000366210935,178.090576171875,AAPL
2019-05-15,4692600,1827.949951171875,1874.4300537109375,1823.0,1871.1500244140625,1871.1500244140625,AMZN
2019-08-15,3701800,129.66000366210938,131.22000122070312,129.39999389648438,130.72000122070312,127.06890106201172,PEP
2018-02-05,72738500,159.10000610351562,163.8800048828125,156.0,156.49000549316406,151.12440490722656,AAPL
2019-07-23,1969200,299.5,302.3599853515625,299.2099914550781,300.7799987792969,300.7799987792969,AVGO
2019-12-04,5533000,337.75,337.8599853515625,332.8500061035156,333.0299987792969,333.0299987792969,TSLA
2019-09-30,25977400,220.8999938964844,224.5800018310547,220.7899932861328,223.97000122070312,222.1694793701172,AAPL
2019-12-02,27418400,151.80999755859375,151.8300018310547,148.32000732421875,149.5500030517578,148.72842407226562,MSFT
2018-07-24,8115800,217.8000030517578,220.38999938964844,216.0,217.33999633789065,217.33999633789065,AVGO
2019-08-23,83681100,31.299999237060547,31.829999923706055,29.399999618530273,29.540000915527344,29.540000915527344,AMD
2018-08-14,3836700,112.6999969482422,113.48999786376952,112.11000061035156,113.0999984741211,106.5299835205078,PEP
2019-11-25,1963600,316.6099853515625,320.17999267578125,316.2699890136719,319.6199951171875,319.6199951171875,AVGO
2018-10-10,12815300,264.6099853515625,265.510009765625,247.77000427246097,256.8800048828125,256.8800048828125,TSLA
2019-12-19,9822300,324.5,332.8299865722656,324.17999267578125,332.2200012207031,332.2200012207031,NFLX
2018-08-10,65821100,19.09000015258789,19.479999542236328,18.850000381469727,19.059999465942383,19.059999465942383,AMD
2019-08-05,2776500,271.95001220703125,272.239990234375,264.0799865722656,267.6600036621094,267.6600036621094,AVGO
2019-03-26,26097700,118.62000274658205,118.70999908447266,116.8499984741211,117.91000366210938,116.04714965820312,MSFT
2018-01-30,46048200,165.52999877929688,167.3699951171875,164.6999969482422,166.97000122070312,161.24510192871094,AAPL
2019-02-25,1924500,280.7799987792969,280.8299865722656,278.4800109863281,278.6000061035156,278.6000061035156,AVGO
2018-07-11,4884100,315.79998779296875,321.94000244140625,315.07000732421875,318.9599914550781,318.9599914550781,TSLA
2019-02-19,20204500,49.20000076293945,49.93000030517578,49.20000076293945,49.650001525878906,47.85087203979492,CSCO
2018-09-18,4113100,67.43000030517578,68.58000183105469,67.08000183105469,68.48999786376953,68.48999786376953,TMUS
2019-12-03,28607600,258.30999755859375,259.5299987792969,256.2900085449219,259.45001220703125,258.136962890625,AAPL
2018-04-17,45360300,10.279999732971191,10.529999732971191,10.199999809265137,10.520000457763672,10.520000457763672,AMD
2018-11-09,3361100,235.0,239.02000427246097,232.5399932861328,238.9900054931641,238.9900054931641,AVGO
2018-03-08,76011200,12.399999618530272,12.59000015258789,11.739999771118164,11.970000267028809,11.970000267028809,AMD
2019-07-26,43502800,34.22999954223633,34.77000045776367,33.869998931884766,34.02000045776367,34.02000045776367,AMD
2018-01-08,3606000,64.45999908447266,65.9800033569336,64.30999755859375,65.0999984741211,65.0999984741211,TMUS
2018-01-19,4578500,1312.0,1313.0,1292.989990234375,1294.5799560546875,1294.5799560546875,AMZN
2018-05-25,2051400,57.099998474121094,57.220001220703125,56.58000183105469,56.59000015258789,56.59000015258789,TMUS
2018-12-28,42291400,157.5,158.52000427246094,154.5500030517578,156.22999572753906,153.138427734375,AAPL
2019-09-20,7141600,80.55999755859375,80.8499984741211,79.08000183105469,80.58999633789062,80.58999633789062,TMUS
2018-09-07,9105800,342.20001220703125,355.75,341.25,348.67999267578125,348.67999267578125,NFLX
2019-07-18,6471700,78.77999877929688,79.06999969482422,77.2699966430664,77.97000122070312,77.97000122070312,TMUS
2018-03-29,55021200,41.939998626708984,42.93000030517578,41.58000183105469,42.88999938964844,40.10526657104492,CSCO
2019-03-12,3614500,1669.0,1684.27001953125,1660.97998046875,1673.0999755859375,1673.0999755859375,AMZN
2018-01-16,32845000,40.900001525878906,41.15999984741211,40.31999969482422,40.540000915527344,37.90785217285156,CSCO
2018-06-15,10573000,105.0999984741211,107.75,104.81999969482422,107.61000061035156,101.35889434814452,PEP
2019-11-01,2790400,1788.010009765625,1797.449951171875,1785.2099609375,1791.43994140625,1791.43994140625,AMZN
2019-01-03,42579100,100.0999984741211,100.19000244140624,97.1999969482422,97.4000015258789,95.45352935791016,MSFT
2019-04-17,7318200,125.0,127.11000061035156,123.83999633789062,127.01000213623048,122.56514739990234,PEP
2019-01-03,6965200,307.0,309.3999938964844,297.3800048828125,300.3599853515625,300.3599853515625,TSLA
2019-01-08,41025300,149.55999755859375,151.82000732421875,148.52000427246094,150.75,147.76686096191406,AAPL
2019-04-03,23271800,193.25,196.5,193.1499938964844,195.3500061035156,192.3055419921875,AAPL
2019-02-11,19363600,47.34000015258789,47.709999084472656,47.130001068115234,47.58000183105469,45.85588073730469,CSCO
2019-05-15,30577200,51.7599983215332,52.709999084472656,51.689998626708984,52.439998626708984,50.85975646972656,CSCO
2018-12-31,2659000,257.8299865722656,258.5,250.9499969482422,254.27999877929688,254.27999877929688,AVGO
2018-02-14,2549100,245.0,248.6499938964844,243.47999572753903,247.66000366210935,247.66000366210935,AVGO
2019-10-01,6162600,241.5,245.9499969482422,239.1300048828125,244.69000244140625,244.69000244140625,TSLA
2018-02-26,4955000,1509.199951171875,1522.8399658203125,1507.0,1521.949951171875,1521.949951171875,AMZN
2019-08-27,6309400,294.5400085449219,296.7699890136719,287.20001220703125,291.0299987792969,291.0299987792969,NFLX
2018-07-31,20900300,42.2400016784668,42.619998931884766,41.91999816894531,42.290000915527344,40.172813415527344,CSCO
2019-05-10,5657100,361.6199951171875,365.260009765625,353.05999755859375,361.0400085449219,361.0400085449219,NFLX
2019-09-09,2168600,295.0,297.20001220703125,290.3999938964844,292.6099853515625,292.6099853515625,AVGO
2018-05-18,6894000,98.30999755859376,98.4499969482422,97.31999969482422,97.51000213623048,91.00859832763672,PEP
2018-06-20,4601400,105.7300033569336,106.11000061035156,105.36000061035156,105.80999755859376,99.66345977783205,PEP
2019-10-14,1910200,1728.9100341796875,1741.8900146484375,1722.0,1736.4300537109375,1736.4300537109375,AMZN
2018-01-30,12482900,277.0,282.7300109863281,272.70001220703125,278.79998779296875,278.79998779296875,NFLX
2019-05-13,57430600,187.7100067138672,189.47999572753903,182.8500061035156,185.72000122070312,183.52967834472656,AAPL
2018-05-23,5985100,277.760009765625,279.9100036621094,274.0,279.07000732421875,279.07000732421875,TSLA
2018-02-21,2815600,252.4900054931641,253.47000122070312,248.4499969482422,248.6199951171875,248.6199951171875,AVGO
2019-11-11,14362600,145.33999633789062,146.4199981689453,144.72999572753906,146.11000061035156,144.81454467773438,MSFT
2019-04-23,23323000,204.42999267578125,207.75,203.8999938964844,207.47999572753903,204.24647521972656,AAPL
2019-10-30,9641800,313.0,318.7900085449219,309.9700012207031,315.010009765625,315.010009765625,TSLA
2018-01-18,19610200,41.2400016784668,41.47999954223633,41.029998779296875,41.29999923706055,38.61850357055664,CSCO
2019-07-09,6932800,379.05999755859375,384.760009765625,377.5,379.9299926757813,379.9299926757813,NFLX
2018-09-06,13050200,347.44000244140625,356.0,341.989990234375,346.4599914550781,346.4599914550781,NFLX
2019-01-02,3034600,248.8500061035156,254.6999969482422,246.4900054931641,253.5099945068359,253.5099945068359,AVGO
2018-02-23,5817400,347.8299865722656,354.989990234375,347.1000061035156,352.04998779296875,352.04998779296875,TSLA
2019-12-09,2442800,1750.6600341796875,1766.8900146484375,1745.6099853515625,1749.510009765625,1749.510009765625,AMZN
2019-11-25,21005100,262.7099914550781,266.44000244140625,262.5199890136719,266.3699951171875,265.02191162109375,AAPL
2018-03-07,3154900,248.69000244140625,249.3999938964844,244.3300018310547,247.0500030517578,247.0500030517578,AVGO
2019-07-09,4345700,1947.800048828125,1990.010009765625,1943.47998046875,1988.300048828125,1988.300048828125,AMZN
2018-04-06,13520300,301.0,309.2799987792969,295.5,299.29998779296875,299.29998779296875,TSLA
2019-07-29,4493200,1930.0,1932.22998046875,1890.5400390625,1912.449951171875,1912.449951171875,AMZN
2018-02-20,33930500,172.0500030517578,174.25999450683594,171.4199981689453,171.85000610351562,166.6343994140625,AAPL
2019-07-12,51509700,32.7599983215332,33.38999938964844,32.59000015258789,33.209999084472656,33.209999084472656,AMD
2019-11-21,30348800,263.69000244140625,264.010009765625,261.17999267578125,262.010009765625,260.6839904785156,AAPL
2019-01-25,3033300,265.1700134277344,268.30999755859375,260.9100036621094,267.94000244140625,267.94000244140625,AVGO
2019-01-17,29821200,154.1999969482422,157.66000366210938,153.25999450683594,155.86000061035156,152.77574157714844,AAPL
2018-07-09,7596800,311.989990234375,318.5199890136719,308.0,318.510009765625,318.510009765625,TSLA
2019-02-20,57091600,24.13999938964844,24.3700008392334,23.899999618530273,23.950000762939453,23.950000762939453,AMD
2018-12-27,4353500,62.349998474121094,62.65999984741211,60.88999938964844,62.650001525878906,62.650001525878906,TMUS
2018-10-29,94479600,18.209999084472656,18.229999542236328,16.270000457763672,16.850000381469727,16.850000381469727,AMD
2018-02-22,5394700,108.33000183105467,109.97000122070312,108.0199966430664,109.26000213623048,101.22708129882812,PEP
2019-06-07,4777300,357.3900146484375,365.1499938964844,355.69000244140625,360.8699951171875,360.8699951171875,NFLX
2018-07-19,40171600,104.93000030517578,105.30999755859376,103.88999938964844,104.4000015258789,101.4830093383789,MSFT
2019-10-15,1805000,78.94999694824219,79.94000244140625,78.80000305175781,79.73999786376953,79.73999786376953,TMUS
2019-01-18,88131000,20.3700008392334,21.049999237060547,20.020000457763672,20.770000457763672,20.770000457763672,AMD
2018-04-27,48272800,97.5999984741211,97.9000015258789,93.91000366210938,95.81999969482422,92.74076080322266,MSFT
2018-02-09,16906900,253.8500061035156,255.8000030517578,236.11000061035156,249.47000122070312,249.47000122070312,NFLX
2019-08-16,5098500,216.66000366210935,222.2400054931641,216.02000427246097,219.94000244140625,219.94000244140625,TSLA
2019-11-15,3927600,1760.050048828125,1761.6800537109375,1732.8599853515625,1739.489990234375,1739.489990234375,AMZN
2018-08-06,83579700,18.88999938964844,19.440000534057617,18.459999084472656,19.43000030517578,19.43000030517578,AMD
2018-05-11,2263900,1610.989990234375,1611.0999755859375,1597.8900146484375,1602.9100341796875,1602.9100341796875,AMZN
2019-12-04,4228200,134.9499969482422,137.3699951171875,134.5399932861328,137.3000030517578,134.38743591308594,PEP
2018-10-23,4484100,108.93000030517578,110.52999877929688,108.31999969482422,110.12999725341795,104.59054565429688,PEP
2018-02-02,79432600,13.050000190734863,13.0600004196167,12.43000030517578,12.449999809265137,12.449999809265137,AMD
2018-02-28,4638900,111.0,111.6500015258789,109.68000030517578,109.7300033569336,101.66252136230467,PEP
2019-02-04,1926200,69.41000366210938,69.62999725341797,68.87999725341797,69.41000366210938,69.41000366210938,TMUS
2018-08-27,1629300,65.19999694824219,65.94000244140625,65.19999694824219,65.80000305175781,65.80000305175781,TMUS
2019-09-03,2989800,136.35000610351562,137.6699981689453,135.8800048828125,137.4600067138672,133.6206512451172,PEP
2019-07-25,36705600,34.04999923706055,34.25,33.619998931884766,33.66999816894531,33.66999816894531,AMD
2019-05-16,6441500,356.3699951171875,364.0,353.94000244140625,359.30999755859375,359.30999755859375,NFLX
2018-06-26,24569200,182.9900054931641,186.52999877929688,182.5399932861328,184.42999267578125,179.52218627929688,AAPL
2018-07-05,4870400,108.91000366210938,109.62000274658205,108.0,109.5500030517578,103.18621063232422,PEP
2019-12-18,4106300,75.62000274658203,76.41999816894531,75.45999908447266,76.30999755859375,76.30999755859375,TMUS
2018-03-21,5491200,240.5800018310547,250.58999633789065,240.05999755859375,246.0,246.0,AVGO
2019-05-02,24220600,55.47999954223633,55.88999938964844,54.81999969482422,54.939998626708984,53.284423828125,CSCO
2018-06-28,17365200,184.1000061035156,186.2100067138672,183.8000030517578,185.5,180.5637359619141,AAPL
2018-12-28,4098300,62.70000076293945,63.75,62.61000061035156,63.2400016784668,63.2400016784668,TMUS
2019-06-20,3217200,1933.3299560546875,1935.199951171875,1905.800048828125,1918.18994140625,1918.18994140625,AMZN
2019-10-17,1312500,290.1400146484375,291.7099914550781,288.32000732421875,289.42999267578125,289.42999267578125,AVGO
2018-06-28,26650700,97.37999725341795,99.11000061035156,97.26000213623048,98.62999725341795,95.8742218017578,MSFT
2018-01-02,4352200,312.0,322.1099853515625,311.0,320.5299987792969,320.5299987792969,TSLA
2018-08-24,15575200,46.20000076293945,46.439998626708984,46.06999969482422,46.31999969482422,44.00105285644531,CSCO
2018-06-07,99860300,15.829999923706056,15.970000267028809,14.850000381469728,14.890000343322754,14.890000343322754,AMD
2018-01-16,29565900,177.89999389648438,179.38999938964844,176.13999938964844,176.19000244140625,170.1489715576172,AAPL
2019-05-20,6516200,278.0,279.95001220703125,268.6400146484375,272.5899963378906,272.5899963378906,AVGO
2019-10-07,1908200,77.62999725341797,78.68000030517578,77.62999725341797,78.4800033569336,78.4800033569336,TMUS
2018-10-17,4495900,107.20999908447266,108.77999877929688,107.19000244140624,108.30999755859376,102.86209106445312,PEP
2018-04-26,27963000,164.1199951171875,165.72999572753906,163.3699951171875,164.22000122070312,159.2359619140625,AAPL
2019-06-11,11653500,219.13999938964844,220.8999938964844,213.5,217.1000061035156,217.1000061035156,TSLA
2018-04-06,3024800,233.72999572753903,236.5399932861328,227.7599945068359,228.8699951171875,228.8699951171875,AVGO
2018-06-21,18389900,421.3800048828125,423.2099914550781,406.3699951171875,415.44000244140625,415.44000244140625,NFLX
2019-02-07,86723900,22.989999771118164,23.219999313354492,22.31999969482422,22.670000076293945,22.670000076293945,AMD
2018-12-12,35627700,170.39999389648438,171.9199981689453,169.02000427246094,169.10000610351562,165.7537384033203,AAPL
2019-10-22,27431000,138.97000122070312,140.00999450683594,136.25999450683594,136.3699951171875,135.16090393066406,MSFT
2018-07-26,31372100,110.73999786376952,111.0,109.5,109.62000274658205,106.55715942382812,MSFT
2019-02-08,3868300,112.93000030517578,113.04000091552734,111.93000030517578,113.0199966430664,108.18744659423828,PEP
2019-06-20,20969800,57.0,57.540000915527344,56.68000030517578,57.40999984741211,55.67999267578125,CSCO
2019-08-06,4010400,76.51000213623047,77.31999969482422,75.97000122070312,77.27999877929688,77.27999877929688,TMUS
2018-02-16,39267500,43.88999938964844,45.09000015258789,43.790000915527344,44.33000183105469,41.451778411865234,CSCO
2019-08-19,67596900,32.0,32.189998626708984,31.420000076293945,31.479999542236328,31.479999542236328,AMD
2019-10-25,2086900,283.260009765625,291.3699951171875,283.2200012207031,289.82000732421875,289.82000732421875,AVGO
2018-12-17,7674000,362.0,365.7000122070313,343.8800048828125,348.4200134277344,348.4200134277344,TSLA
2018-05-08,28402800,184.9900054931641,186.22000122070312,183.6699981689453,186.0500030517578,180.40342712402344,AAPL
2018-08-16,4504600,113.73999786376952,114.7300033569336,113.37000274658205,114.25,107.6131820678711,PEP
2018-02-09,63499100,86.30000305175781,88.93000030517578,83.83000183105469,88.18000030517578,84.94723510742188,MSFT
2019-07-29,45922000,34.13999938964844,34.18000030517578,32.97999954223633,33.47999954223633,33.47999954223633,AMD
2018-03-22,4939800,313.8900146484375,318.82000732421875,308.17999267578125,309.1000061035156,309.1000061035156,TSLA
2018-02-08,10314600,343.30999755859375,348.6199951171875,314.6000061035156,315.2300109863281,315.2300109863281,TSLA
2019-01-18,37427600,107.45999908447266,107.9000015258789,105.91000366210938,107.70999908447266,105.5574951171875,MSFT
2018-10-19,9375500,267.3900146484375,269.6600036621094,253.5,260.0,260.0,TSLA
2018-10-16,22669400,45.290000915527344,45.939998626708984,44.849998474121094,45.81999969482422,43.82036209106445,CSCO
2019-05-10,41208700,197.4199981689453,198.8500061035156,192.77000427246097,197.17999267578125,194.85450744628903,AAPL
2018-01-04,3022100,1205.0,1215.8699951171875,1204.6600341796875,1209.5899658203125,1209.5899658203125,AMZN
2018-07-26,192661100,17.15999984741211,18.450000762939453,16.829999923706055,18.350000381469727,18.350000381469727,AMD
2018-08-13,81411300,19.15999984741211,19.93000030517578,19.1200008392334,19.729999542236328,19.729999542236328,AMD
2018-06-25,94418400,15.640000343322754,15.739999771118164,14.539999961853027,15.109999656677246,15.109999656677246,AMD
2018-09-04,19122200,47.84000015258789,48.060001373291016,47.5099983215332,47.72999954223633,45.340457916259766,CSCO
2018-12-04,5329700,67.45999908447266,68.54000091552734,65.47000122070312,66.56999969482422,66.56999969482422,TMUS
2018-05-29,25197400,42.7599983215332,43.15999984741211,42.52000045776367,42.970001220703125,40.50307846069336,CSCO
2018-06-26,26897200,98.81999969482422,100.08000183105467,98.75,99.08000183105467,96.31166076660156,MSFT
2018-06-07,3849600,57.5,58.20000076293945,57.5,57.81999969482422,57.81999969482422,TMUS
2018-11-28,134425300,21.81999969482422,21.8799991607666,20.18000030517578,21.34000015258789,21.34000015258789,AMD
2019-02-27,21487100,111.69000244140624,112.36000061035156,110.87999725341795,112.16999816894533,110.39783477783205,MSFT
2018-09-18,10414000,353.6700134277344,368.1499938964844,351.55999755859375,367.6499938964844,367.6499938964844,NFLX
2019-03-25,43845300,191.5099945068359,191.97999572753903,186.6000061035156,188.7400054931641,185.79852294921875,AAPL
2019-08-15,2001000,272.0,272.7799987792969,264.8500061035156,268.6400146484375,268.6400146484375,AVGO
2019-11-29,11654400,266.6000061035156,268.0,265.8999938964844,267.25,265.8974609375,AAPL
2019-08-13,5289400,309.7699890136719,316.42999267578125,308.1600036621094,312.2799987792969,312.2799987792969,NFLX
2019-02-27,4175100,115.54000091552734,115.6999969482422,114.41000366210938,115.37000274658205,110.43698120117188,PEP
2018-12-26,3674100,237.77999877929688,248.5,233.5,248.13999938964844,248.13999938964844,AVGO
2019-12-30,12128600,47.75,47.880001068115234,47.290000915527344,47.59000015258789,46.79898834228515,CSCO
2018-09-12,49278700,224.94000244140625,225.0,219.83999633789065,221.07000732421875,215.94187927246097,AAPL
2019-03-25,1972400,71.8499984741211,72.41000366210938,71.63999938964844,72.30999755859375,72.30999755859375,TMUS
2018-03-27,13872000,304.0,304.2699890136719,277.17999267578125,279.17999267578125,279.17999267578125,TSLA
2018-11-16,33502100,107.08000183105467,108.87999725341795,106.8000030517578,108.29000091552734,106.12590789794922,MSFT
2019-09-11,18656000,49.95000076293945,50.06999969482422,49.33000183105469,50.029998779296875,48.8286018371582,CSCO
2019-04-25,6255500,374.489990234375,374.760009765625,365.7000122070313,368.3299865722656,368.3299865722656,NFLX
2019-06-12,15186200,222.9499969482422,223.3800048828125,209.0,209.2599945068359,209.2599945068359,TSLA
2019-08-20,3160300,132.8000030517578,133.10000610351562,131.92999267578125,132.05999755859375,128.37147521972656,PEP
2018-08-17,3391600,114.0,115.08999633789062,114.0,114.95999908447266,108.28194427490234,PEP
2018-03-20,22809700,44.4900016784668,44.63999938964844,44.18000030517578,44.369998931884766,41.48917770385742,CSCO
2018-04-12,22297000,42.779998779296875,43.63999938964844,42.72999954223633,43.34000015258789,40.851837158203125,CSCO
2018-02-16,30596900,92.4499969482422,93.5,91.8000030517578,92.0,89.04352569580078,MSFT
2018-04-25,6587300,1458.0,1469.989990234375,1415.02001953125,1460.1700439453125,1460.1700439453125,AMZN
2018-11-21,1992600,230.22000122070312,233.30999755859375,227.5099945068359,230.0,230.0,AVGO
2018-02-28,7653500,293.1000061035156,295.75,290.7799987792969,291.3800048828125,291.3800048828125,NFLX
2018-02-21,40195800,12.119999885559082,12.119999885559082,11.720000267028809,11.720000267028809,11.720000267028809,AMD
2018-07-13,12513900,191.0800018310547,191.83999633789065,190.8999938964844,191.3300018310547,186.2385711669922,AAPL
2018-12-28,109214400,17.530000686645508,18.309999465942383,17.139999389648438,17.81999969482422,17.81999969482422,AMD
2019-11-06,7940900,318.0,326.7200012207031,314.5,326.5799865722656,326.5799865722656,TSLA
2019-07-31,38598800,140.3300018310547,140.49000549316406,135.0800018310547,136.27000427246094,134.61354064941406,MSFT
2019-05-20,69757400,26.979999542236328,27.239999771118164,26.489999771118164,26.68000030517578,26.68000030517578,AMD
2019-03-26,7350900,264.44000244140625,270.260009765625,264.42999267578125,267.7699890136719,267.7699890136719,TSLA
2018-10-26,47258400,215.8999938964844,220.19000244140625,212.6699981689453,216.3000030517578,211.28253173828125,AAPL
2018-06-13,21638400,192.4199981689453,192.8800048828125,190.44000244140625,190.6999969482422,185.62533569335935,AAPL
2019-12-10,10476100,296.1199951171875,298.94000244140625,292.0199890136719,293.1199951171875,293.1199951171875,NFLX
2019-02-21,4825900,115.5,116.93000030517578,115.47000122070312,116.0999984741211,111.13575744628906,PEP
2019-07-01,8238000,230.2100067138672,233.1000061035156,226.27999877929688,227.1699981689453,227.1699981689453,TSLA
2019-09-11,7405900,285.70001220703125,292.6499938964844,284.6099853515625,288.2699890136719,288.2699890136719,NFLX
2019-03-28,3303000,297.1099853515625,303.29998779296875,295.6700134277344,299.07000732421875,299.07000732421875,AVGO
2019-07-26,1499600,301.5899963378906,303.0199890136719,300.5299987792969,300.9200134277344,300.9200134277344,AVGO
2018-06-22,59257100,15.779999732971191,15.90999984741211,15.5600004196167,15.800000190734863,15.800000190734863,AMD
2018-07-30,34668300,107.19000244140624,107.52999877929688,104.76000213623048,105.37000274658205,102.4259033203125,MSFT
2018-02-02,27224200,41.5,41.95000076293945,40.869998931884766,40.93000030517578,38.27252960205078,CSCO
2019-05-14,82980400,26.530000686645508,27.479999542236328,26.149999618530273,27.31999969482422,27.31999969482422,AMD
2019-02-01,32668100,166.9600067138672,168.97999572753906,165.92999267578125,166.52000427246094,163.22479248046875,AAPL
2019-04-26,1640400,309.1499938964844,310.95001220703125,305.1099853515625,310.4100036621094,310.4100036621094,AVGO
2018-07-25,4762300,114.94000244140624,115.66999816894533,114.5,115.20999908447266,108.51741790771484,PEP
2018-12-20,7536500,244.3999938964844,248.5,238.4499969482422,241.88999938964844,241.88999938964844,AVGO
2018-08-03,18659600,107.8000030517578,108.0500030517578,106.81999969482422,108.04000091552734,105.02130889892578,MSFT
2019-11-01,6383900,316.32000732421875,316.4800109863281,309.79998779296875,313.30999755859375,313.30999755859375,TSLA
2018-08-22,5946000,320.8699951171875,323.8800048828125,314.6700134277344,321.6400146484375,321.6400146484375,TSLA
2019-11-04,3407500,299.5199890136719,305.4599914550781,299.1000061035156,305.0,305.0,AVGO
2019-01-18,3463400,259.1300048828125,261.94000244140625,257.0,260.82000732421875,260.82000732421875,AVGO
2018-09-07,2843100,65.33000183105469,65.63999938964844,64.06999969482422,64.38999938964844,64.38999938964844,TMUS
2018-06-01,7112300,353.8800048828125,359.989990234375,352.82000732421875,359.92999267578125,359.92999267578125,NFLX
2019-01-28,8652100,334.70001220703125,336.29998779296875,328.8800048828125,335.6600036621094,335.6600036621094,NFLX
2019-02-11,2644100,68.16999816894531,69.18000030517578,68.0,68.44000244140625,68.44000244140625,TMUS
2019-01-23,24770400,45.13999938964844,45.880001068115234,45.02000045776367,45.459999084472656,43.81269454956055,CSCO
2018-07-16,1695100,61.5099983215332,62.09000015258789,61.5099983215332,61.630001068115234,61.630001068115234,TMUS
2018-10-30,99049400,16.3799991607666,17.239999771118164,16.170000076293945,17.200000762939453,17.200000762939453,AMD
2019-10-04,2471900,1726.02001953125,1740.5799560546875,1719.22998046875,1739.6500244140625,1739.6500244140625,AMZN
2019-11-20,6725100,360.0,361.2000122070313,349.57000732421875,352.2200012207031,352.2200012207031,TSLA
2018-09-14,2698300,114.88999938964844,114.88999938964844,113.72000122070312,114.56999969482422,108.80721282958984,PEP
2018-11-07,121115800,21.420000076293945,22.219999313354492,21.06999969482422,21.84000015258789,21.84000015258789,AMD
2019-01-18,5142700,109.97000122070312,110.3000030517578,109.16999816894533,110.06999969482422,105.36359405517578,PEP
2018-12-11,5773000,243.4600067138672,250.33999633789065,243.4199981689453,246.83999633789065,246.83999633789065,AVGO
2018-12-13,20051700,47.68000030517578,47.970001220703125,47.130001068115234,47.470001220703125,45.39835357666016,CSCO
2019-12-27,2554000,136.8800048828125,137.5800018310547,136.6300048828125,137.5399932861328,135.5652618408203,PEP
2018-05-16,17384700,97.36000061035156,97.4000015258789,96.62000274658205,97.1500015258789,94.4355697631836,MSFT
2018-03-19,6580800,1554.530029296875,1561.6600341796875,1525.3499755859375,1544.9300537109375,1544.9300537109375,AMZN
2018-10-26,119689000,18.489999771118164,18.780000686645508,17.049999237060547,17.6299991607666,17.6299991607666,AMD
2019-09-30,2644700,1726.989990234375,1737.4599609375,1709.219970703125,1735.9100341796875,1735.9100341796875,AMZN
2019-12-19,2652800,1780.5,1792.989990234375,1774.06005859375,1792.280029296875,1792.280029296875,AMZN
2018-08-22,18000600,105.8499984741211,107.33999633789062,105.77999877929688,107.05999755859376,104.46916961669922,MSFT
2018-09-21,96246700,220.77999877929688,221.36000061035156,217.2899932861328,217.66000366210935,212.61097717285156,AAPL
2019-10-08,27955000,225.82000732421875,228.05999755859375,224.3300018310547,224.3999938964844,222.5960235595703,AAPL
2019-02-07,20331200,47.189998626708984,47.31999969482422,46.4900016784668,46.70000076293945,45.00777053833008,CSCO
2019-11-01,37781300,249.5399932861328,255.92999267578125,249.16000366210935,255.82000732421875,253.7634429931641,AAPL
2019-05-14,3427700,295.69000244140625,304.6000061035156,295.4800109863281,302.0,302.0,AVGO
2019-03-19,4188100,74.0,74.05999755859375,72.41000366210938,72.58999633789062,72.58999633789062,TMUS
2019-09-19,35772100,140.3000030517578,142.3699951171875,140.07000732421875,141.07000732421875,139.81924438476562,MSFT
2018-01-03,3116100,267.2900085449219,270.7300109863281,266.0299987792969,269.92999267578125,269.92999267578125,AVGO
2019-01-30,211421200,21.489999771118164,23.1299991607666,21.3700008392334,23.09000015258789,23.09000015258789,AMD
2018-02-01,47227900,94.79000091552734,96.06999969482422,93.58000183105467,94.26000213623048,90.80435180664062,MSFT
2019-11-26,24620100,151.36000061035156,152.4199981689453,151.32000732421875,152.02999877929688,151.19479370117188,MSFT
2019-06-18,12715800,228.72000122070312,234.7400054931641,222.55999755859375,224.7400054931641,224.7400054931641,TSLA
2018-04-25,21706000,43.79999923706055,43.9900016784668,42.75,43.709999084472656,41.20059585571289,CSCO
2019-02-27,11183900,301.7799987792969,316.29998779296875,300.54998779296875,314.739990234375,314.739990234375,TSLA
2019-08-16,6905800,298.8599853515625,303.54998779296875,296.2699890136719,302.79998779296875,302.79998779296875,NFLX
2018-04-05,65758800,10.050000190734863,10.199999809265137,9.90999984741211,10.020000457763672,10.020000457763672,AMD
2018-12-24,62933100,16.520000457763672,17.219999313354492,16.3700008392334,16.649999618530273,16.649999618530273,AMD
2019-11-18,21675800,265.79998779296875,267.42999267578125,264.2300109863281,267.1000061035156,265.74822998046875,AAPL
2018-10-16,92529000,26.6299991607666,28.229999542236328,26.170000076293945,28.18000030517578,28.18000030517578,AMD
2018-12-19,5972800,249.0,255.92999267578125,242.52000427246097,243.88999938964844,243.88999938964844,AVGO
2019-09-20,79957400,30.36000061035156,30.469999313354492,29.649999618530273,30.049999237060547,30.049999237060547,AMD
2019-06-13,3773500,281.5199890136719,282.8900146484375,277.4100036621094,281.6099853515625,281.6099853515625,AVGO
2018-03-23,5137700,61.41999816894531,61.77000045776367,59.72999954223633,59.7400016784668,59.7400016784668,TMUS
2018-03-21,22528200,44.2400016784668,44.900001525878906,44.130001068115234,44.310001373291016,41.43307113647461,CSCO
2018-03-08,25887800,94.2699966430664,95.0999984741211,93.7699966430664,94.43000030517578,91.39543151855467,MSFT
2019-10-21,1303100,288.44000244140625,291.8999938964844,287.05999755859375,289.57000732421875,289.57000732421875,AVGO
2019-01-24,4089900,1641.0699462890625,1657.260009765625,1631.780029296875,1654.9300537109375,1654.9300537109375,AMZN
2019-03-13,20568000,52.40999984741211,52.86000061035156,52.13999938964844,52.59000015258789,50.6843376159668,CSCO
2019-01-16,4953500,108.98999786376952,109.0500030517578,107.6999969482422,108.33999633789062,103.7075653076172,PEP
2019-07-29,5858900,84.62999725341797,84.79000091552734,81.91999816894531,82.37999725341797,82.37999725341797,TMUS
2018-05-22,2115600,1589.8900146484375,1589.8900146484375,1575.25,1581.4000244140625,1581.4000244140625,AMZN
2018-03-13,35387800,97.0,97.23999786376952,93.97000122070312,94.41000366210938,91.37608337402344,MSFT
2018-09-24,27334500,113.02999877929688,114.9000015258789,112.22000122070312,114.66999816894533,111.89500427246094,MSFT
2018-01-10,4309900,332.20001220703125,337.0,330.0,334.79998779296875,334.79998779296875,TSLA
2019-03-15,39042900,184.8500061035156,187.3300018310547,183.7400054931641,186.1199951171875,183.2193603515625,AAPL
2018-07-02,3185700,1682.699951171875,1713.8900146484375,1678.06005859375,1713.780029296875,1713.780029296875,AMZN
2019-11-08,2123300,1787.8900146484375,1789.8800048828125,1774.0400390625,1785.8800048828125,1785.8800048828125,AMZN
2018-01-30,28993900,42.689998626708984,42.86000061035156,41.970001220703125,42.25,39.50682067871094,CSCO
2018-06-26,2423300,253.0,254.61000061035156,250.5500030517578,251.5399932861328,251.5399932861328,AVGO
2019-11-12,58664500,36.43000030517578,37.130001068115234,36.400001525878906,36.709999084472656,36.709999084472656,AMD
2019-01-03,6975600,1520.010009765625,1538.0,1497.1099853515625,1500.280029296875,1500.280029296875,AMZN
2019-02-01,3117900,69.45999908447266,69.77999877929688,69.08000183105469,69.62999725341797,69.62999725341797,TMUS
2019-01-11,4177300,67.83000183105469,69.05999755859375,67.4000015258789,69.0,69.0,TMUS
2018-08-03,13394300,42.709999084472656,42.880001068115234,42.459999084472656,42.83000183105469,40.68577575683594,CSCO
2019-12-27,1448700,319.29998779296875,319.3500061035156,315.2200012207031,316.5299987792969,316.5299987792969,AVGO
2018-01-12,8199400,217.17999267578125,222.5500030517578,216.0,221.22999572753903,221.22999572753903,NFLX
2019-08-01,19020600,55.84000015258789,56.88999938964844,55.15999984741211,55.38999938964844,54.05989074707031,CSCO
2018-12-27,9722000,1454.199951171875,1469.0,1390.31005859375,1461.6400146484375,1461.6400146484375,AMZN
2019-12-05,18606100,263.7900085449219,265.8900146484375,262.7300109863281,265.5799865722656,264.23590087890625,AAPL
2019-01-17,28393000,105.0,106.62999725341795,104.76000213623048,106.12000274658205,103.99927520751952,MSFT
2019-01-03,117277600,18.420000076293945,18.68000030517578,16.940000534057617,17.049999237060547,17.049999237060547,AMD
2019-03-15,43670700,52.939998626708984,53.619998931884766,52.93000030517578,53.20000076293945,51.27223587036133,CSCO
2019-10-10,24698500,46.04999923706055,46.22999954223633,45.54999923706055,46.150001525878906,45.38292694091797,CSCO
2018-01-17,9123100,221.0,221.1499938964844,216.32000732421875,217.5,217.5,NFLX
2018-03-08,3355400,248.2599945068359,248.3000030517578,245.9199981689453,246.9499969482422,246.9499969482422,AVGO
2018-02-08,54390500,160.2899932861328,161.0,155.02999877929688,155.14999389648438,149.8303680419922,AAPL
2019-04-09,2866800,70.95999908447266,71.66000366210938,70.2699966430664,71.41999816894531,71.41999816894531,TMUS
2019-01-25,4940400,68.93000030517578,69.2699966430664,68.19999694824219,68.4800033569336,68.4800033569336,TMUS
2019-07-18,4764500,255.0500030517578,255.75,251.88999938964844,253.5399932861328,253.5399932861328,TSLA
2019-06-07,86841100,31.940000534057617,32.599998474121094,31.56999969482422,32.40999984741211,32.40999984741211,AMD
2019-03-08,49967700,21.350000381469727,22.09000015258789,21.040000915527344,22.010000228881836,22.010000228881836,AMD
2018-08-03,3460500,1837.739990234375,1841.0,1821.5,1823.2900390625,1823.2900390625,AMZN
2019-05-22,2936600,1851.780029296875,1871.489990234375,1851.0,1859.6800537109375,1859.6800537109375,AMZN
2018-07-23,10992900,301.8399963378906,305.5,292.8599853515625,303.20001220703125,303.20001220703125,TSLA
2018-06-11,13183500,322.510009765625,334.6600036621094,322.5,332.1000061035156,332.1000061035156,TSLA
2018-04-13,7327200,303.6000061035156,303.95001220703125,295.9800109863281,300.3399963378906,300.3399963378906,TSLA
2018-05-01,6036600,310.3599853515625,313.4800109863281,306.69000244140625,313.29998779296875,313.29998779296875,NFLX
2018-07-26,19076000,194.61000061035156,195.9600067138672,193.61000061035156,194.2100067138672,189.0419464111328,AAPL
2019-03-20,3136200,72.80000305175781,72.93000030517578,72.01000213623047,72.05999755859375,72.05999755859375,TMUS
2019-01-02,37039700,154.88999938964844,158.85000610351562,154.22999572753906,157.9199981689453,154.79498291015625,AAPL
2018-06-27,2475600,59.58000183105469,60.470001220703125,59.18000030517578,59.34000015258789,59.34000015258789,TMUS
2019-10-17,21460600,140.9499969482422,141.4199981689453,139.02000427246094,139.69000244140625,138.4514617919922,MSFT
2019-03-04,18725900,51.650001525878906,51.91999816894531,50.630001068115234,51.15999984741211,49.306156158447266,CSCO
2018-07-16,24468000,42.04999923706055,42.939998626708984,42.0,42.5,40.37229919433594,CSCO
2018-06-27,2472000,252.08999633789065,255.16000366210935,246.8500061035156,247.11000061035156,247.11000061035156,AVGO
2018-05-11,26212200,189.4900054931641,190.05999755859375,187.4499969482422,188.58999633789065,183.5714874267578,AAPL
2018-09-27,4329400,1993.239990234375,2016.1600341796875,1988.5799560546875,2012.97998046875,2012.97998046875,AMZN
2018-03-19,7484300,316.5,320.75,309.6700134277344,313.55999755859375,313.55999755859375,TSLA
2018-08-20,19288500,45.9900016784668,46.33000183105469,45.779998779296875,46.220001220703125,43.90605926513672,CSCO
2018-04-06,3579100,110.05999755859376,110.9800033569336,108.7699966430664,109.3000030517578,102.01251983642578,PEP
2018-11-20,16693800,254.6300048828125,276.3399963378906,250.0,266.9800109863281,266.9800109863281,NFLX
2018-03-02,4903600,107.91000366210938,109.31999969482422,107.9000015258789,109.04000091552734,101.76983642578124,PEP
2019-07-19,2204700,291.8299865722656,293.1600036621094,289.5299987792969,290.0,290.0,AVGO
2018-04-26,145284100,10.869999885559082,11.1899995803833,10.609999656677246,11.039999961853027,11.039999961853027,AMD
2019-07-01,28484000,55.2599983215332,55.349998474121094,54.22999954223633,54.7400016784668,53.090450286865234,CSCO
2018-02-27,6385800,111.19000244140624,112.08000183105467,110.70999908447266,110.88999938964844,102.73722839355467,PEP
2018-12-11,88027400,20.709999084472656,21.13999938964844,19.690000534057617,19.979999542236328,19.979999542236328,AMD
2018-08-31,24904200,46.90999984741211,47.83000183105469,46.79999923706055,47.77000045776367,45.37846374511719,CSCO
2019-07-02,15237800,136.1199951171875,136.58999633789062,135.33999633789062,136.5800018310547,134.9197540283203,MSFT
2018-06-08,8205200,319.0,324.4800109863281,317.1499938964844,317.6600036621094,317.6600036621094,TSLA
2018-07-10,1502200,61.41999816894531,61.5099983215332,60.97999954223633,61.18000030517578,61.18000030517578,TMUS
2019-07-31,4596600,81.22000122070312,81.6500015258789,78.94999694824219,79.7300033569336,79.7300033569336,TMUS
2018-11-14,6486900,1656.3199462890625,1673.0,1597.0699462890625,1599.010009765625,1599.010009765625,AMZN
2018-09-10,4544800,1971.0,1973.0400390625,1931.52001953125,1939.010009765625,1939.010009765625,AMZN
2018-10-11,53124400,214.52000427246097,219.5,212.32000732421875,214.4499969482422,209.47543334960935,AAPL
2019-12-03,24066000,147.49000549316406,149.42999267578125,146.64999389648438,149.30999755859375,148.48973083496094,MSFT
2019-08-01,6563200,324.25,328.5799865722656,318.739990234375,319.5,319.5,NFLX
2019-03-06,17687000,111.87000274658205,112.66000366210938,111.43000030517578,111.75,109.9844741821289,MSFT
2019-08-16,3018000,1792.8900146484375,1802.9100341796875,1784.550048828125,1792.5699462890625,1792.5699462890625,AMZN
2018-02-15,2554000,249.27999877929688,251.83999633789065,244.42999267578125,251.8300018310547,251.8300018310547,AVGO
2018-02-23,4418100,1495.3399658203125,1500.0,1486.5,1500.0,1500.0,AMZN
2018-08-08,22525500,206.0500030517578,207.80999755859375,204.52000427246097,207.25,201.7349548339844,AAPL
2018-12-04,8694500,1756.0,1770.3399658203125,1665.0,1668.4000244140625,1668.4000244140625,AMZN
2019-01-14,16243600,43.08000183105469,43.38999938964844,43.0,43.209999084472656,41.64422607421875,CSCO
2019-02-22,18913200,171.5800018310547,173.0,171.3800048828125,172.97000122070312,170.27430725097656,AAPL
2019-08-14,28688100,52.119998931884766,52.119998931884766,50.130001068115234,50.61000061035156,49.394676208496094,CSCO
2019-05-09,3319800,72.30000305175781,74.4000015258789,72.25,74.25,74.25,TMUS
2018-06-07,3765700,1698.56005859375,1699.9000244140625,1676.1099853515625,1689.300048828125,1689.300048828125,AMZN
2019-12-17,5491800,137.0500030517578,137.44000244140625,135.69000244140625,136.1699981689453,134.21495056152344,PEP
2018-07-11,19644600,101.1500015258789,102.33999633789062,101.0999984741211,101.9800033569336,99.13062286376952,MSFT
2019-10-30,12062000,47.29999923706055,47.58000183105469,47.15999984741211,47.560001373291016,46.76948928833008,CSCO
2018-03-05,28401400,175.2100067138672,177.74000549316406,174.52000427246094,176.82000732421875,171.45358276367188,AAPL
2018-09-11,17291500,46.90999984741211,47.16999816894531,46.439998626708984,47.029998779296875,44.675506591796875,CSCO
2018-01-12,47149300,11.81999969482422,12.06999969482422,11.800000190734863,12.020000457763672,12.020000457763672,AMD
2019-11-07,16717800,48.61000061035156,48.97999954223633,48.20000076293945,48.41999816894531,47.61519241333008,CSCO
2019-04-01,22789100,118.9499969482422,119.11000061035156,118.0999984741211,119.0199966430664,117.13961029052734,MSFT
2019-01-22,78513700,20.479999542236328,20.920000076293945,19.700000762939453,19.760000228881836,19.760000228881836,AMD
2018-12-04,127392900,23.350000381469727,23.420000076293945,21.06999969482422,21.1200008392334,21.1200008392334,AMD
2018-01-22,6210400,349.3999938964844,357.8299865722656,349.20001220703125,351.55999755859375,351.55999755859375,TSLA
2018-12-17,56957300,105.41000366210938,105.8000030517578,101.70999908447266,102.88999938964844,100.83381652832033,MSFT
2018-05-10,5527500,56.16999816894531,57.290000915527344,56.16999816894531,56.849998474121094,56.849998474121094,TMUS
2019-10-24,27808000,31.579999923706055,31.86000061035156,31.34000015258789,31.719999313354492,31.719999313354492,AMD
2018-08-21,13172200,310.6099853515625,324.7900085449219,309.0,321.8999938964844,321.8999938964844,TSLA
2019-11-22,16331300,262.5899963378906,263.17999267578125,260.8399963378906,261.7799987792969,260.45513916015625,AAPL
2018-01-12,1988100,263.3900146484375,265.32000732421875,262.010009765625,264.2900085449219,264.2900085449219,AVGO
2018-02-08,9306700,267.0799865722656,267.6199951171875,250.0,250.1000061035156,250.1000061035156,NFLX
2018-04-16,2808600,1445.0,1447.0,1427.47998046875,1441.5,1441.5,AMZN
2019-05-10,3720400,126.13999938964844,128.27999877929688,125.62000274658205,128.00999450683594,123.53014373779295,PEP
2019-07-02,9259000,228.88999938964844,229.1499938964844,222.22000122070312,224.5500030517578,224.5500030517578,TSLA
2018-07-30,21029500,191.8999938964844,192.1999969482422,189.07000732421875,189.91000366210935,184.8563690185547,AAPL
2019-02-01,105356200,24.61000061035156,24.84000015258789,24.06999969482422,24.510000228881836,24.510000228881836,AMD
2019-12-10,33733600,39.20000076293945,39.72999954223633,38.81999969482422,39.439998626708984,39.439998626708984,AMD
2019-07-25,4136500,2001.0,2001.199951171875,1972.719970703125,1973.8199462890625,1973.8199462890625,AMZN
2018-08-27,19662300,109.2699966430664,109.63999938964844,108.51000213623048,109.5999984741211,106.94769287109376,MSFT
2018-09-26,13799700,373.5899963378906,382.0,370.8800048828125,377.8800048828125,377.8800048828125,NFLX
2018-03-07,5007300,325.44000244140625,332.5,321.739990234375,332.29998779296875,332.29998779296875,TSLA
2018-05-30,22158500,98.30999755859376,99.25,97.91000366210938,98.9499969482422,96.18527221679688,MSFT
2018-02-26,42265200,12.140000343322754,12.43000030517578,12.050000190734863,12.420000076293944,12.420000076293944,AMD
2018-07-06,65101700,15.520000457763672,16.389999389648438,15.479999542236328,16.360000610351562,16.360000610351562,AMD
2018-09-20,3998600,242.9900054931641,246.0399932861328,241.72000122070312,244.92999267578125,244.92999267578125,AVGO
2018-07-24,5095100,114.13999938964844,114.91999816894533,113.8499984741211,114.73999786376952,108.07472229003906,PEP
2018-07-24,26316600,108.56999969482422,108.81999969482422,107.26000213623048,107.66000366210938,104.65191650390624,MSFT
2018-07-24,17493900,42.220001220703125,42.880001068115234,42.06999969482422,42.38999938964844,40.26780319213867,CSCO
2019-11-15,62958500,38.939998626708984,39.369998931884766,38.34000015258789,38.560001373291016,38.560001373291016,AMD
2019-02-25,3755900,117.16999816894533,117.3000030517578,115.70999908447266,116.05999755859376,111.09747314453124,PEP
2018-10-25,3519300,219.8800048828125,223.38999938964844,219.1499938964844,222.2400054931641,222.2400054931641,AVGO
2019-07-22,6842400,258.75,262.1499938964844,254.19000244140625,255.67999267578125,255.67999267578125,TSLA
2018-03-27,5036300,107.2300033569336,108.54000091552734,106.51000213623048,107.63999938964844,100.46321105957033,PEP
2019-08-19,3101200,132.07000732421875,132.85000610351562,131.94000244140625,132.57000732421875,128.86721801757812,PEP
2018-06-19,4290100,1709.0400390625,1736.1099853515625,1700.3900146484375,1734.780029296875,1734.780029296875,AMZN
2018-12-11,2475300,66.62000274658203,67.33999633789062,65.44000244140625,65.52999877929688,65.52999877929688,TMUS
2018-06-27,8333700,345.0,350.7900085449219,339.5,344.5,344.5,TSLA
2019-09-10,2613900,1822.75,1825.81005859375,1805.3399658203125,1820.550048828125,1820.550048828125,AMZN
2018-10-12,47742100,109.01000213623048,111.23999786376952,107.12000274658205,109.56999969482422,106.91841888427734,MSFT
2019-06-27,2141700,1902.0,1911.239990234375,1898.0400390625,1904.280029296875,1904.280029296875,AMZN
2019-09-30,37295600,28.88999938964844,29.049999237060547,28.36000061035156,28.989999771118164,28.989999771118164,AMD
2018-02-05,116568900,12.050000190734863,12.18000030517578,10.93000030517578,11.56999969482422,11.56999969482422,AMD
2018-05-24,14758600,344.3399963378906,354.0,341.1199951171875,349.2900085449219,349.2900085449219,NFLX
2019-05-07,36017700,126.45999908447266,127.18000030517578,124.22000122070312,125.5199966430664,123.5369110107422,MSFT
2019-10-31,34790500,247.2400054931641,249.1699981689453,237.2599945068359,248.7599945068359,246.76019287109375,AAPL
2018-10-17,26548200,111.68000030517578,111.80999755859376,109.5500030517578,110.70999908447266,108.03083801269533,MSFT
2019-08-02,30791600,138.08999633789062,138.32000732421875,135.25999450683594,136.89999389648438,135.23585510253906,MSFT
2019-06-14,17821700,132.25999450683594,133.7899932861328,131.63999938964844,132.4499969482422,130.83998107910156,MSFT
2018-05-31,5888600,56.22999954223633,56.2599983215332,55.22999954223633,55.70000076293945,55.70000076293945,TMUS
2018-11-27,6358300,340.04998779296875,346.9599914550781,335.5,343.9200134277344,343.9200134277344,TSLA
2019-01-24,11131600,320.6000061035156,331.79998779296875,319.0,326.6700134277344,326.6700134277344,NFLX
2018-05-11,17551500,46.09000015258789,46.27000045776367,45.779998779296875,45.93000030517578,43.293155670166016,CSCO
2019-10-16,20751600,140.7899932861328,140.99000549316406,139.52999877929688,140.41000366210938,139.1650848388672,MSFT
2018-01-22,34758600,12.609999656677246,12.739999771118164,12.369999885559082,12.649999618530272,12.649999618530272,AMD
2019-10-30,18496600,143.52000427246094,145.0,142.7899932861328,144.61000061035156,143.32785034179688,MSFT
2018-07-10,9471500,324.55999755859375,327.67999267578125,319.20001220703125,322.4700012207031,322.4700012207031,TSLA
2019-07-17,14107500,204.0500030517578,205.08999633789065,203.27000427246097,203.3500061035156,200.9517364501953,AAPL
2018-09-11,24301800,108.9000015258789,111.58999633789062,108.88999938964844,111.23999786376952,108.54800415039062,MSFT
2018-04-16,28875100,10.0,10.170000076293944,9.899999618530272,10.09000015258789,10.09000015258789,AMD
2018-09-24,4532600,248.0500030517578,250.1000061035156,247.30999755859375,249.4499969482422,249.4499969482422,AVGO
2018-05-30,2684400,251.17999267578125,252.02999877929688,249.3300018310547,249.3999938964844,249.3999938964844,AVGO
2018-09-24,4213700,1903.7900390625,1936.8800048828125,1865.0,1934.3599853515625,1934.3599853515625,AMZN
2018-07-16,22960000,398.9800109863281,403.3599853515625,391.75,400.4800109863281,400.4800109863281,NFLX
2018-11-26,6257700,1539.0,1584.81005859375,1524.219970703125,1581.3299560546875,1581.3299560546875,AMZN
2018-08-30,7216700,302.260009765625,304.6000061035156,297.7200012207031,303.1499938964844,303.1499938964844,TSLA
2019-01-14,71350200,19.959999084472656,20.6200008392334,19.75,20.229999542236328,20.229999542236328,AMD
2018-10-01,18883100,114.75,115.68000030517578,114.7300033569336,115.61000061035156,112.81227111816406,MSFT
2019-06-25,5750400,370.75,371.0,358.2900085449219,360.2999877929687,360.2999877929687,NFLX
2018-04-25,33729300,93.3000030517578,93.3000030517578,90.27999877929688,92.30999755859376,89.34355163574219,MSFT
2018-02-27,25869100,95.73999786376952,95.83999633789062,94.1999969482422,94.1999969482422,91.17283630371094,MSFT
2018-10-08,103789500,26.729999542236328,27.540000915527344,25.959999084472656,26.459999084472656,26.459999084472656,AMD
2018-12-24,3354000,110.12999725341795,111.08999633789062,105.95999908447266,106.02999877929688,101.496337890625,PEP
2019-12-30,12586400,428.7900085449219,429.0,409.260009765625,414.7000122070313,414.7000122070313,TSLA
2019-09-16,16731400,135.8300018310547,136.6999969482422,135.66000366210938,136.3300018310547,135.1212615966797,MSFT
2019-12-24,12119700,284.69000244140625,284.8900146484375,282.9200134277344,284.2699890136719,282.831298828125,AAPL
2019-03-20,5733500,118.06999969482422,119.4800033569336,117.3499984741211,118.31999969482422,114.17926025390624,PEP
2019-06-11,4042700,1883.25,1893.699951171875,1858.0,1863.699951171875,1863.699951171875,AMZN
2018-12-11,5545100,116.9000015258789,118.19000244140624,116.68000030517578,117.29000091552734,112.27487182617188,PEP
2019-10-29,35709900,248.97000122070312,249.75,242.57000732421875,243.2899932861328,241.3341522216797,AAPL
2018-10-05,33580500,227.9600067138672,228.41000366210935,220.5800018310547,224.2899932861328,219.087158203125,AAPL
2018-04-20,39011900,10.050000190734863,10.140000343322754,9.949999809265137,9.989999771118164,9.989999771118164,AMD
2019-10-30,9345600,284.3399963378906,293.489990234375,283.0,291.45001220703125,291.45001220703125,NFLX
2019-12-23,5765300,337.760009765625,337.95001220703125,331.0199890136719,333.1000061035156,333.1000061035156,NFLX
2019-08-02,2008000,282.07000732421875,283.8399963378906,275.9100036621094,278.5299987792969,278.5299987792969,AVGO
2018-12-20,16792900,264.6400146484375,269.8999938964844,251.8800048828125,260.5799865722656,260.5799865722656,NFLX
2019-06-06,3710000,354.8399963378906,358.2099914550781,352.0899963378906,357.1300048828125,357.1300048828125,NFLX
2018-12-12,6870300,252.44000244140625,260.19000244140625,252.0,254.97999572753903,254.97999572753903,AVGO
2019-01-09,45099100,151.2899932861328,154.52999877929688,149.6300048828125,153.30999755859375,150.2761993408203,AAPL
2018-09-06,16537600,47.439998626708984,47.900001525878906,47.06999969482422,47.279998779296875,44.912986755371094,CSCO
2019-09-03,3543000,1770.0,1800.800048828125,1768.0,1789.8399658203125,1789.8399658203125,AMZN
2019-05-21,4080800,130.5800018310547,130.5800018310547,128.85000610351562,129.0500030517578,124.53376007080078,PEP
2019-01-29,4301500,108.93000030517578,109.62000274658205,108.51000213623048,109.0,104.33934020996094,PEP
2018-05-21,18400800,188.0,189.27000427246097,186.91000366210935,187.6300048828125,182.6370391845703,AAPL
2018-02-21,4501900,109.3499984741211,109.83999633789062,107.94000244140624,108.0,100.05970764160156,PEP
2019-08-13,102009700,32.36000061035156,33.13999938964844,31.719999313354492,32.11000061035156,32.11000061035156,AMD
2018-12-24,7220000,1346.0,1396.030029296875,1307.0,1343.9599609375,1343.9599609375,AMZN
2019-12-30,41149700,46.13999938964844,46.16999816894531,44.65999984741211,45.52000045776367,45.52000045776367,AMD
2018-08-02,4167200,113.5999984741211,114.93000030517578,113.08999633789062,114.69000244140624,108.0276336669922,PEP
2018-09-13,304147100,33.15999984741211,34.13999938964844,29.8700008392334,30.479999542236328,30.479999542236328,AMD
2018-08-01,4099300,59.95000076293945,60.16999816894531,59.13999938964844,59.36000061035156,59.36000061035156,TMUS
2018-12-11,26048500,47.86000061035156,47.900001525878906,46.709999084472656,47.09000015258789,45.034934997558594,CSCO
2019-05-24,14123400,126.91000366210938,127.41999816894533,125.97000122070312,126.23999786376952,124.70545196533205,MSFT
2019-02-20,21607700,107.86000061035156,107.94000244140624,106.29000091552734,107.1500015258789,105.45714569091795,MSFT
2019-07-29,4533400,131.5,132.05999755859375,131.17999267578125,131.52999877929688,127.85626220703124,PEP
2018-12-03,3524100,245.1999969482422,247.0399932861328,241.47000122070312,242.07000732421875,242.07000732421875,AVGO
2018-04-10,10989800,298.9700012207031,307.1000061035156,293.67999267578125,304.70001220703125,304.70001220703125,TSLA
2019-04-02,18142300,119.05999755859376,119.4800033569336,118.5199966430664,119.19000244140624,117.30692291259766,MSFT
2018-12-14,4272700,255.36000061035156,261.5899963378906,254.6300048828125,254.8300018310547,254.8300018310547,AVGO
2019-10-25,25959700,139.33999633789062,141.13999938964844,139.1999969482422,140.72999572753906,139.48223876953125,MSFT
2018-12-27,49498500,99.3000030517578,101.19000244140624,96.4000015258789,101.18000030517578,99.1580047607422,MSFT
2018-05-01,4543900,100.36000061035156,100.93000030517578,98.56999969482422,99.12999725341795,92.52059173583984,PEP
2019-01-11,28314200,103.19000244140624,103.44000244140624,101.63999938964844,102.8000030517578,100.74561309814452,MSFT
2019-07-03,3799000,376.69000244140625,381.989990234375,375.8399963378906,381.7200012207031,381.7200012207031,NFLX
2018-06-11,2509400,57.599998474121094,58.18000030517578,57.40999984741211,57.9900016784668,57.9900016784668,TMUS
2019-10-10,1734000,274.55999755859375,278.7799987792969,273.6499938964844,274.45001220703125,274.45001220703125,AVGO
2019-09-26,18833500,220.0,220.94000244140625,218.8300018310547,219.88999938964844,218.12228393554688,AAPL
2019-09-25,5558800,271.75,277.2099914550781,270.0,275.7699890136719,275.7699890136719,AVGO
2018-04-11,21693000,42.41999816894531,42.900001525878906,42.2599983215332,42.43000030517578,39.994083404541016,CSCO
2018-07-17,1779700,61.439998626708984,61.9900016784668,61.099998474121094,61.209999084472656,61.209999084472656,TMUS
2018-04-25,4013600,283.5,285.1600036621094,277.25,280.69000244140625,280.69000244140625,TSLA
2019-08-19,1748900,279.5,280.07000732421875,275.6099853515625,278.7799987792969,278.7799987792969,AVGO
2019-01-25,33535500,155.47999572753906,158.1300048828125,154.32000732421875,157.75999450683594,154.63815307617188,AAPL
2018-10-23,3113000,69.08000183105469,69.7699966430664,67.79000091552734,69.27999877929688,69.27999877929688,TMUS
2018-08-09,4820300,347.9599914550781,352.44000244140625,345.82000732421875,349.3599853515625,349.3599853515625,NFLX
2018-04-10,2817000,109.73999786376952,110.1999969482422,108.91999816894533,109.4000015258789,102.1058578491211,PEP
2018-10-29,4654800,66.13999938964844,66.66000366210938,63.47999954223633,64.91000366210938,64.91000366210938,TMUS
2019-09-04,5761000,226.88999938964844,228.4600067138672,219.2100067138672,220.67999267578125,220.67999267578125,TSLA
2019-12-20,52575300,48.25,48.369998931884766,47.41999816894531,47.45000076293945,46.66131591796875,CSCO
2019-08-12,22474900,199.6199951171875,202.0500030517578,199.1499938964844,200.47999572753903,198.86831665039065,AAPL
2019-03-20,6265600,1769.93994140625,1799.5,1767.030029296875,1797.27001953125,1797.27001953125,AMZN
2019-12-04,3512100,308.42999267578125,308.42999267578125,303.2699890136719,304.32000732421875,304.32000732421875,NFLX
2018-05-16,2904500,56.880001068115234,56.900001525878906,56.2599983215332,56.529998779296875,56.529998779296875,TMUS
2019-07-30,2910900,1891.1199951171875,1909.8900146484375,1883.47998046875,1898.530029296875,1898.530029296875,AMZN
2019-06-18,5428500,355.57000732421875,361.5,353.75,357.1199951171875,357.1199951171875,NFLX
2018-06-21,20924400,43.689998626708984,43.779998779296875,43.060001373291016,43.15999984741211,40.68217468261719,CSCO
2019-12-16,32046500,277.0,280.7900085449219,276.9800109863281,279.8599853515625,278.443603515625,AAPL
2019-05-03,2854900,127.0999984741211,128.17999267578125,126.91999816894533,127.66999816894533,123.20204162597656,PEP
2018-09-06,34290000,226.22999572753903,227.3500061035156,221.3000030517578,223.1000061035156,217.92478942871097,AAPL
2019-09-30,6727200,264.0,268.8800048828125,262.7799987792969,267.6199951171875,267.6199951171875,NFLX
2019-09-04,19188100,208.38999938964844,209.47999572753903,207.32000732421875,209.19000244140625,207.50831604003903,AAPL
2019-11-05,6943400,319.6199951171875,323.510009765625,316.1199951171875,317.2200012207031,317.2200012207031,TSLA
2018-08-17,18958600,323.5,326.7699890136719,303.5299987792969,305.5,305.5,TSLA
2019-05-07,3558900,126.63999938964844,126.9499969482422,125.18000030517578,125.9800033569336,121.57118225097656,PEP
2018-11-06,31882900,201.9199981689453,204.72000122070312,201.69000244140625,203.77000427246097,199.04318237304688,AAPL
2018-07-31,27655200,106.48999786376952,106.72000122070312,105.37999725341795,106.08000183105467,103.1160659790039,MSFT
2019-10-22,1304600,289.5899963378906,290.8599853515625,287.239990234375,287.4599914550781,287.4599914550781,AVGO
2019-05-29,4279000,1823.1199951171875,1830.0,1807.530029296875,1819.18994140625,1819.18994140625,AMZN
2018-11-14,16853600,300.3999938964844,301.8399963378906,278.29998779296875,286.7300109863281,286.7300109863281,NFLX
2019-07-25,22418300,233.5,234.5,225.5500030517578,228.82000732421875,228.82000732421875,TSLA
2018-05-18,4025700,56.75,57.5,56.5099983215332,56.93000030517578,56.93000030517578,TMUS
2019-04-09,3714400,1845.489990234375,1853.0899658203125,1831.780029296875,1835.8399658203125,1835.8399658203125,AMZN
2019-05-13,3476800,74.37999725341797,74.73999786376953,73.25,73.41999816894531,73.41999816894531,TMUS
2019-01-25,4945900,1670.5,1683.47998046875,1661.6099853515625,1670.5699462890625,1670.5699462890625,AMZN
2018-12-18,33841500,165.3800048828125,167.52999877929688,164.38999938964844,166.07000732421875,162.78372192382812,AAPL
2019-12-05,2823800,1763.5,1763.5,1740.0,1740.47998046875,1740.47998046875,AMZN
2018-08-09,46653400,19.579999923706055,19.709999084472656,19.079999923706055,19.100000381469727,19.100000381469727,AMD
2018-04-27,13053200,1634.010009765625,1638.0999755859375,1567.3900146484375,1572.6199951171875,1572.6199951171875,AMZN
2019-11-19,2270800,1756.989990234375,1760.6800537109375,1743.030029296875,1752.7900390625,1752.7900390625,AMZN
2019-05-23,4424300,1836.5899658203125,1844.0,1804.199951171875,1815.47998046875,1815.47998046875,AMZN
2019-11-05,3871100,305.0,316.7799987792969,304.4700012207031,314.0400085449219,314.0400085449219,AVGO
2019-01-11,5039100,342.0899963378906,348.4100036621094,338.7699890136719,347.260009765625,347.260009765625,TSLA
2018-03-22,29520800,43.7599983215332,44.02000045776367,43.02000045776367,43.06999969482422,40.27358627319336,CSCO
2019-12-24,44432200,46.099998474121094,46.61000061035156,45.77000045776367,46.540000915527344,46.540000915527344,AMD
2019-02-08,23820000,168.99000549316406,170.66000366210938,168.4199981689453,170.41000366210938,167.7542266845703,AAPL
2019-10-29,4356200,281.8699951171875,284.4100036621094,277.54998779296875,281.2099914550781,281.2099914550781,NFLX
2018-11-16,31327400,46.459999084472656,47.040000915527344,46.130001068115234,46.349998474121094,44.32722854614258,CSCO
2018-06-04,3642300,56.79999923706055,57.439998626708984,56.619998931884766,57.119998931884766,57.119998931884766,TMUS
2019-05-23,3901400,129.60000610351562,130.89999389648438,129.50999450683594,129.97000122070312,125.42156219482422,PEP
2019-06-04,5679100,1699.239990234375,1730.8199462890625,1680.8900146484375,1729.56005859375,1729.56005859375,AMZN
2018-05-08,20285300,45.81999969482422,45.869998931884766,45.380001068115234,45.709999084472656,43.08577728271485,CSCO
2018-12-14,6367200,1638.0,1642.5699462890625,1585.0,1591.9100341796875,1591.9100341796875,AMZN
2018-08-06,14881000,61.59000015258789,66.4000015258789,61.58000183105469,66.30000305175781,66.30000305175781,TMUS
2019-03-19,37588700,118.08999633789062,118.44000244140624,116.98999786376952,117.6500015258789,115.791259765625,MSFT
2019-09-27,2866000,276.6300048828125,281.2799987792969,272.9599914550781,274.1400146484375,274.1400146484375,AVGO
2018-11-20,5081100,67.73999786376953,67.77999877929688,66.20999908447266,66.56999969482422,66.56999969482422,TMUS
2018-05-15,44183200,12.18000030517578,12.460000038146973,12.15999984741211,12.449999809265137,12.449999809265137,AMD
2019-07-03,2080900,75.88999938964844,77.02999877929688,75.5999984741211,75.81999969482422,75.81999969482422,TMUS
2018-02-15,72267500,45.06999969482422,45.130001068115234,43.2599983215332,44.08000183105469,41.2180061340332,CSCO
2019-09-26,40745400,29.670000076293945,29.770000457763672,29.0,29.469999313354492,29.469999313354492,AMD
2019-03-05,18764700,282.0,284.0,270.1000061035156,276.5400085449219,276.5400085449219,TSLA
2018-08-07,30875800,343.8399963378906,387.4599914550781,339.1499938964844,379.5700073242187,379.5700073242187,TSLA
2019-10-29,4154800,81.23999786376953,82.37000274658203,79.72000122070312,81.7699966430664,81.7699966430664,TMUS
2018-05-30,7489700,283.2900085449219,295.010009765625,281.6000061035156,291.7200012207031,291.7200012207031,TSLA
2019-09-20,3552400,287.6700134277344,288.3999938964844,281.82000732421875,284.260009765625,284.260009765625,AVGO
2019-09-19,4795800,246.0,247.94000244140625,244.83999633789065,246.6000061035156,246.6000061035156,TSLA
2018-06-22,3424400,60.33000183105469,61.15999984741211,60.06999969482422,60.790000915527344,60.790000915527344,TMUS
2019-08-01,8259500,242.6499938964844,244.5099945068359,231.77000427246097,233.8500061035156,233.8500061035156,TSLA
2019-11-13,1262500,312.4800109863281,315.7099914550781,312.0,313.6700134277344,313.6700134277344,AVGO
2019-08-23,46818000,209.42999267578125,212.0500030517578,201.0,202.63999938964844,201.0109710693359,AAPL
2019-12-10,1456300,315.1000061035156,315.9100036621094,313.25,315.05999755859375,315.05999755859375,AVGO
2018-12-13,5435500,258.4599914550781,261.5,254.5800018310547,258.29998779296875,258.29998779296875,AVGO
2019-07-19,3185600,1991.2099609375,1996.0,1962.22998046875,1964.52001953125,1964.52001953125,AMZN
2018-10-25,20840700,317.2200012207031,321.0,301.010009765625,314.8599853515625,314.8599853515625,TSLA
2019-03-13,5968600,116.87999725341795,117.55999755859376,116.45999908447266,116.58000183105467,112.50016021728516,PEP
2018-01-08,4279500,1236.0,1253.0799560546875,1232.030029296875,1246.8699951171875,1246.8699951171875,AMZN
2019-11-11,2227200,133.02999877929688,133.02999877929688,131.97000122070312,132.38999938964844,129.58157348632812,PEP
2019-02-01,2287800,269.1499938964844,269.6000061035156,264.8900146484375,266.80999755859375,266.80999755859375,AVGO
2019-06-26,19286100,56.540000915527344,57.04999923706055,56.36000061035156,56.599998474121094,54.8943977355957,CSCO
2019-05-06,1437100,306.7900085449219,311.92999267578125,305.3500061035156,311.57000732421875,311.57000732421875,AVGO
2018-10-08,3339700,243.30999755859375,245.4199981689453,240.3800048828125,241.3699951171875,241.3699951171875,AVGO
2018-11-02,37680200,106.4800033569336,107.31999969482422,104.9800033569336,106.16000366210938,103.59095764160156,MSFT
2018-05-03,31142500,92.95999908447266,94.93000030517578,92.4499969482422,94.06999969482422,91.0469970703125,MSFT
2019-06-18,26551000,196.0500030517578,200.2899932861328,195.2100067138672,198.4499969482422,196.10952758789065,AAPL
2018-08-23,15379000,45.880001068115234,46.25,45.849998474121094,46.02000045776367,43.7160758972168,CSCO
2018-03-01,63207400,12.260000228881836,12.270000457763672,11.65999984741211,11.899999618530272,11.899999618530272,AMD
2018-02-09,5301700,110.80999755859376,111.98999786376952,108.87999725341795,111.18000030517578,103.00592041015624,PEP
2018-10-05,6822300,1917.989990234375,1929.0799560546875,1862.8299560546875,1889.6500244140625,1889.6500244140625,AMZN
2018-04-13,4831200,250.0,252.0,244.8999938964844,246.94000244140625,246.94000244140625,AVGO
2018-01-11,1772600,263.57000732421875,263.8500061035156,261.54998779296875,263.5,263.5,AVGO
2019-08-19,2816300,1818.0799560546875,1826.0,1812.6099853515625,1816.1199951171875,1816.1199951171875,AMZN
2018-03-09,14500200,321.3299865722656,331.44000244140625,320.2300109863281,331.44000244140625,331.44000244140625,NFLX
2018-02-15,51147200,169.7899932861328,173.08999633789062,169.0,172.99000549316406,167.73980712890625,AAPL
2018-11-07,19990400,46.97999954223633,47.93000030517578,46.75,47.900001525878906,45.80958938598633,CSCO
2018-01-24,4540500,260.9700012207031,263.2699890136719,256.0,256.8599853515625,256.8599853515625,AVGO
2018-11-06,2946400,220.3000030517578,229.16000366210935,219.72000122070312,228.25,228.25,AVGO
2018-05-22,5964400,334.04998779296875,336.6300048828125,331.1499938964844,331.6199951171875,331.6199951171875,NFLX
2018-10-15,3009900,231.02999877929688,235.3300018310547,230.0399932861328,232.47000122070312,232.47000122070312,AVGO
2019-06-10,10585000,210.25,216.94000244140625,209.0099945068359,212.8800048828125,212.8800048828125,TSLA
2018-11-05,66163700,204.3000030517578,204.38999938964844,198.1699981689453,201.58999633789065,196.91372680664065,AAPL
2018-06-19,28653100,99.6500015258789,101.0,99.5,100.86000061035156,98.04191589355467,MSFT
2019-07-08,25338600,200.80999755859375,201.3999938964844,198.41000366210935,200.02000427246097,197.6610107421875,AAPL
2019-12-26,6005400,1801.010009765625,1870.4599609375,1799.5,1868.77001953125,1868.77001953125,AMZN
2019-04-23,4640400,1891.199951171875,1929.260009765625,1889.5799560546875,1923.77001953125,1923.77001953125,AMZN
2019-09-12,3310900,301.42999267578125,302.3299865722656,296.4700012207031,300.5799865722656,300.5799865722656,AVGO
2018-03-22,4103500,61.84000015258789,62.06999969482422,61.209999084472656,61.25,61.25,TMUS
2018-04-02,37586800,166.63999938964844,168.94000244140625,164.47000122070312,166.67999267578125,161.62130737304688,AAPL
2019-06-05,4239800,1749.5999755859375,1752.0,1715.25,1738.5,1738.5,AMZN
2018-12-19,34820100,43.88999938964844,44.91999816894531,42.56999969482422,43.13999938964844,41.25732421875,CSCO
2018-06-11,2335500,1681.510009765625,1694.239990234375,1680.5899658203125,1689.1199951171875,1689.1199951171875,AMZN
2018-08-20,17402300,291.70001220703125,308.5,288.20001220703125,308.44000244140625,308.44000244140625,TSLA
2019-09-11,10042800,237.3800048828125,248.1699981689453,236.0,247.1000061035156,247.1000061035156,TSLA
2019-09-11,44289600,218.07000732421875,223.7100067138672,217.72999572753903,223.58999633789065,221.79254150390625,AAPL
2019-05-14,25478300,51.45000076293945,52.439998626708984,51.380001068115234,52.02000045776367,50.452415466308594,CSCO
2019-12-20,9914900,335.0,338.0,330.6000061035156,336.8999938964844,336.8999938964844,NFLX
2018-09-13,3621500,2000.0,2008.760009765625,1982.030029296875,1989.8699951171875,1989.8699951171875,AMZN
2019-08-15,2582100,76.47000122070312,77.80000305175781,76.19999694824219,77.2699966430664,77.2699966430664,TMUS
2018-02-01,47230800,167.1699981689453,168.6199951171875,166.75999450683594,167.77999877929688,162.02732849121094,AAPL
2018-12-19,13788400,269.9599914550781,280.8699951171875,263.7699890136719,266.7699890136719,266.7699890136719,NFLX
2018-12-06,7842500,356.010009765625,367.3800048828125,350.760009765625,363.05999755859375,363.05999755859375,TSLA
2019-10-30,4150000,81.56999969482422,83.8499984741211,81.54000091552734,83.2699966430664,83.2699966430664,TMUS
2019-10-23,5261100,254.5,256.1400146484375,251.3500061035156,254.67999267578125,254.67999267578125,TSLA
2019-07-29,21673400,208.4600067138672,210.63999938964844,208.44000244140625,209.67999267578125,207.2070770263672,AAPL
2018-01-10,19473000,39.650001525878906,40.2400016784668,39.630001068115234,39.90999984741211,37.318756103515625,CSCO
2019-08-26,3080000,1766.9100341796875,1770.0,1743.510009765625,1768.8699951171875,1768.8699951171875,AMZN
2018-08-03,33447400,207.02999877929688,208.7400054931641,205.47999572753903,207.9900054931641,202.45523071289065,AAPL
2018-08-24,2800900,1910.510009765625,1916.010009765625,1902.5400390625,1905.3900146484375,1905.3900146484375,AMZN
2019-06-10,97668800,33.529998779296875,34.29999923706055,33.08000183105469,33.22999954223633,33.22999954223633,AMD
2019-02-27,2742600,72.12999725341797,72.52999877929688,71.7699966430664,72.12000274658203,72.12000274658203,TMUS
2019-04-01,4238800,1800.1099853515625,1815.6700439453125,1798.72998046875,1814.18994140625,1814.18994140625,AMZN
2019-09-12,2005900,79.87999725341797,80.5999984741211,79.38999938964844,79.69000244140625,79.69000244140625,TMUS
2019-09-17,18318700,219.9600067138672,220.82000732421875,219.1199951171875,220.6999969482422,218.92578125,AAPL
2018-01-31,140977800,13.239999771118164,13.850000381469728,13.149999618530272,13.739999771118164,13.739999771118164,AMD
2018-07-02,3336900,240.08999633789065,242.22000122070312,237.4199981689453,242.0500030517578,242.0500030517578,AVGO
2019-07-26,12333200,81.0999984741211,85.22000122070312,80.94999694824219,84.25,84.25,TMUS
2018-05-16,31253700,45.36000061035156,45.54999923706055,45.0099983215332,45.15999984741211,42.567352294921875,CSCO
2019-12-09,27928100,39.459999084472656,39.84000015258789,38.90999984741211,38.93000030517578,38.93000030517578,AMD
2019-04-25,18543200,206.8300018310547,207.7599945068359,205.1199951171875,205.27999877929688,202.08078002929688,AAPL
2019-04-22,36477300,27.6200008392334,28.229999542236328,27.38999938964844,28.18000030517578,28.18000030517578,AMD
2018-11-23,13823100,102.16999816894533,103.80999755859376,102.0,103.06999969482422,101.01022338867188,MSFT
2018-12-07,12466700,282.4800109863281,284.2099914550781,263.3800048828125,265.1400146484375,265.1400146484375,NFLX
2019-02-22,3096200,1623.5,1634.93994140625,1621.1700439453125,1631.56005859375,1631.56005859375,AMZN
2018-01-25,4753000,1368.0,1378.3399658203125,1357.6199951171875,1377.949951171875,1377.949951171875,AMZN
2019-10-25,45368800,31.899999618530273,32.86000061035156,31.829999923706055,32.709999084472656,32.709999084472656,AMD
2018-12-24,2581800,61.5099983215332,61.720001220703125,59.959999084472656,60.79999923706055,60.79999923706055,TMUS
2019-10-17,4769300,262.5,264.7799987792969,260.1700134277344,261.9700012207031,261.9700012207031,TSLA
2018-02-20,6499200,1446.489990234375,1488.77001953125,1446.489990234375,1468.3499755859375,1468.3499755859375,AMZN
2018-08-22,19018100,214.1000061035156,216.36000061035156,213.83999633789065,215.0500030517578,210.0615234375,AAPL
2018-01-24,17352400,250.8800048828125,261.7099914550781,249.30999755859375,261.29998779296875,261.29998779296875,NFLX
2018-05-07,24242000,95.16999816894533,96.70999908447266,95.0999984741211,96.22000122070312,93.12789916992188,MSFT
2019-12-03,1873600,305.82000732421875,309.0,303.1300048828125,306.5199890136719,306.5199890136719,AVGO
2019-10-16,42804400,30.600000381469727,31.40999984741211,30.530000686645508,30.809999465942383,30.809999465942383,AMD
2018-02-14,51756800,11.720000267028809,12.3100004196167,11.630000114440918,12.199999809265137,12.199999809265137,AMD
2018-01-11,7659500,214.2899932861328,217.75,213.3500061035156,217.2400054931641,217.2400054931641,NFLX
2019-07-31,2081900,300.0299987792969,300.8299865722656,286.6700134277344,289.989990234375,289.989990234375,AVGO
2019-11-29,17609900,39.099998474121094,39.52000045776367,39.02000045776367,39.150001525878906,39.150001525878906,AMD
2018-03-28,21001400,264.5799865722656,268.67999267578125,252.1000061035156,257.7799987792969,257.7799987792969,TSLA
2019-11-18,1585000,311.82000732421875,313.4100036621094,308.0299987792969,311.07000732421875,311.07000732421875,AVGO
2019-12-05,2820400,78.06999969482422,78.19999694824219,76.9000015258789,76.94000244140625,76.94000244140625,TMUS
2018-07-03,3769100,108.58000183105467,109.56999969482422,108.05999755859376,108.8000030517578,102.4797821044922,PEP
2018-03-12,5388100,260.6499938964844,264.29998779296875,259.6199951171875,262.8399963378906,262.8399963378906,AVGO
2018-01-02,20135700,38.66999816894531,38.95000076293945,38.43000030517578,38.86000061035156,36.067901611328125,CSCO
2018-07-13,15719000,409.19000244140625,410.0,395.0799865722656,395.7999877929687,395.7999877929687,NFLX
2019-08-02,29021900,54.220001220703125,54.31999969482422,52.58000183105469,53.25,51.97127914428711,CSCO
2019-12-24,8989200,157.47999572753906,157.7100067138672,157.1199951171875,157.3800048828125,156.51539611816406,MSFT
2018-06-11,3984500,102.61000061035156,103.41000366210938,102.2699966430664,103.20999908447266,97.2145004272461,PEP
2018-09-26,7843200,301.9100036621094,313.8900146484375,301.1099853515625,309.5799865722656,309.5799865722656,TSLA
2019-08-08,5274300,234.4499969482422,239.8000030517578,232.6499938964844,238.3000030517578,238.3000030517578,TSLA
2019-04-08,3140100,121.72000122070312,122.04000091552734,121.20999908447266,122.0,117.73047637939452,PEP
2019-12-09,5748400,307.3500061035156,311.489990234375,302.44000244140625,302.5,302.5,NFLX
2018-11-01,15121500,304.5899963378906,318.45001220703125,296.6700134277344,317.3800048828125,317.3800048828125,NFLX
2019-09-18,2505600,1817.0400390625,1822.06005859375,1795.5,1817.4599609375,1817.4599609375,AMZN
2019-05-29,3540700,75.81999969482422,76.6500015258789,75.29000091552734,76.12999725341797,76.12999725341797,TMUS
2018-11-01,24662100,45.66999816894531,45.880001068115234,45.099998474121094,45.650001525878906,43.65777969360352,CSCO
2018-03-23,8006000,1539.010009765625,1549.02001953125,1495.3599853515625,1495.56005859375,1495.56005859375,AMZN
2018-08-03,2603300,61.11000061035156,62.2599983215332,61.11000061035156,61.54999923706055,61.54999923706055,TMUS
2018-09-06,7488700,2006.510009765625,2007.5,1935.2099609375,1958.31005859375,1958.31005859375,AMZN
2019-09-13,47758800,30.270000457763672,30.850000381469727,29.950000762939453,30.690000534057617,30.690000534057617,AMD
2019-06-27,20899700,200.2899932861328,201.57000732421875,199.57000732421875,199.7400054931641,197.3843231201172,AAPL
2018-01-24,5287500,354.5799865722656,354.75,343.5199890136719,345.8900146484375,345.8900146484375,TSLA
2018-02-23,4760400,109.36000061035156,110.0500030517578,108.56999969482422,109.68000030517578,101.61619567871094,PEP
2019-12-06,7612400,335.0,338.8599853515625,334.7699890136719,335.8900146484375,335.8900146484375,TSLA
2019-08-21,21535400,212.9900054931641,213.6499938964844,211.6000061035156,212.63999938964844,210.9305725097656,AAPL
2018-09-28,4085100,2004.4100341796875,2026.52001953125,1996.4599609375,2003.0,2003.0,AMZN
2019-12-26,1240900,77.45999908447266,77.54000091552734,77.30999755859375,77.4000015258789,77.4000015258789,TMUS
2018-06-12,5075900,103.2300033569336,104.5500030517578,102.81999969482422,104.4800033569336,98.41073608398438,PEP
2018-02-20,4169300,248.75,255.7400054931641,247.52000427246097,249.6199951171875,249.6199951171875,AVGO
2018-03-21,44691700,11.15999984741211,11.34000015258789,11.109999656677246,11.260000228881836,11.260000228881836,AMD
2018-05-16,2570600,1577.5,1594.4300537109375,1576.6700439453125,1587.280029296875,1587.280029296875,AMZN
2019-10-17,38258900,304.489990234375,308.75,288.29998779296875,293.3500061035156,293.3500061035156,NFLX
2018-11-23,1215200,66.38999938964844,67.45999908447266,66.08000183105469,67.06999969482422,67.06999969482422,TMUS
2018-02-12,6227800,316.1300048828125,318.0799865722656,306.25,315.7300109863281,315.7300109863281,TSLA
2019-10-17,2322500,137.07000732421875,137.6199951171875,136.60000610351562,136.9600067138672,134.05465698242188,PEP
2018-09-04,2103900,65.73999786376953,66.30000305175781,65.52999877929688,65.7699966430664,65.7699966430664,TMUS
2019-12-16,3792100,317.9700012207031,327.6000061035156,317.5299987792969,323.1300048828125,323.1300048828125,AVGO
2019-12-11,2097600,1741.6700439453125,1750.0,1735.7099609375,1748.719970703125,1748.719970703125,AMZN
2019-02-01,11506200,1638.8800048828125,1673.06005859375,1622.010009765625,1626.22998046875,1626.22998046875,AMZN
2019-06-17,2929000,75.08000183105469,75.43000030517578,74.54000091552734,75.2699966430664,75.2699966430664,TMUS
2018-05-30,4615900,56.65999984741211,57.060001373291016,56.20000076293945,56.33000183105469,56.33000183105469,TMUS
2018-03-20,23075200,93.0500030517578,93.7699966430664,93.0,93.12999725341795,90.13719940185548,MSFT
2018-02-16,40176100,172.36000061035156,174.82000732421875,171.77000427246094,172.42999267578125,167.19679260253906,AAPL
2019-09-03,17009400,46.630001068115234,46.970001220703125,46.20000076293945,46.5,45.38336563110352,CSCO
2018-12-24,43935200,97.68000030517578,97.97000122070312,93.9800033569336,94.12999725341795,92.2488784790039,MSFT
2018-02-15,6213400,59.31999969482422,60.61000061035156,58.189998626708984,60.439998626708984,60.439998626708984,TMUS
2018-03-27,12068600,322.489990234375,322.8999938964844,297.0,300.69000244140625,300.69000244140625,NFLX
2018-01-05,2863300,271.9700012207031,274.260009765625,269.45001220703125,271.6199951171875,271.6199951171875,AVGO
2019-08-16,27620400,204.27999877929688,207.16000366210935,203.83999633789065,206.5,204.8399200439453,AAPL
2018-03-05,43734800,11.6899995803833,12.0600004196167,11.609999656677246,11.90999984741211,11.90999984741211,AMD
2018-10-15,6437200,1795.0,1795.050048828125,1734.22998046875,1760.949951171875,1760.949951171875,AMZN
2019-10-16,16454200,46.36000061035156,46.880001068115234,46.31999969482422,46.790000915527344,46.01228713989258,CSCO
2019-09-06,2930500,77.95999908447266,79.16999816894531,77.8499984741211,79.1500015258789,79.1500015258789,TMUS
2018-03-05,2590000,249.8999938964844,251.33999633789065,243.4199981689453,246.97999572753903,246.97999572753903,AVGO
2019-05-28,10312900,191.1999969482422,195.0,187.8500061035156,188.6999969482422,188.6999969482422,TSLA
2018-03-22,41490800,170.0,172.67999267578125,168.60000610351562,168.85000610351562,163.72544860839844,AAPL
2019-06-03,9098700,1760.010009765625,1766.2900390625,1672.0,1692.68994140625,1692.68994140625,AMZN
2019-11-08,14407000,48.41999816894531,48.849998474121094,48.04999923706055,48.83000183105469,48.01837921142578,CSCO
2018-01-26,23380400,42.150001525878906,42.560001373291016,41.95000076293945,42.560001373291016,39.79669952392578,CSCO
2019-05-03,23706800,243.86000061035156,256.6099853515625,243.4900054931641,255.02999877929688,255.02999877929688,TSLA
2018-04-17,5114400,1462.300048828125,1507.18994140625,1457.02001953125,1503.8299560546875,1503.8299560546875,AMZN
2018-05-17,2282500,238.1199951171875,241.66000366210935,238.0,239.4499969482422,239.4499969482422,AVGO
2018-10-30,9126700,328.3900146484375,337.8999938964844,322.260009765625,329.8999938964844,329.8999938964844,TSLA
2019-04-17,2893500,1872.989990234375,1876.469970703125,1860.43994140625,1864.8199462890625,1864.8199462890625,AMZN
2019-08-19,5309600,224.2100067138672,227.8300018310547,221.6999969482422,226.8300018310547,226.8300018310547,TSLA
2018-05-01,4572100,1563.219970703125,1585.0,1552.1800537109375,1582.260009765625,1582.260009765625,AMZN
2019-05-06,24239800,126.38999938964844,128.55999755859375,126.11000061035156,128.14999389648438,126.12535858154295,MSFT
2018-08-23,11336400,348.1099853515625,350.0799865722656,337.6499938964844,339.1700134277344,339.1700134277344,NFLX
2019-05-20,3965600,130.0399932861328,130.4499969482422,129.5500030517578,129.99000549316406,125.44085693359376,PEP
2018-02-01,26148500,41.09000015258789,42.11000061035156,40.66999816894531,41.70000076293945,38.99253463745117,CSCO
2019-03-22,115323300,27.540000915527344,27.75,26.329999923706055,26.3700008392334,26.3700008392334,AMD
2019-09-23,4340200,240.0,245.17999267578125,239.22000122070312,241.22999572753903,241.22999572753903,TSLA
2019-06-19,3377800,76.33999633789062,78.5,76.33999633789062,78.27999877929688,78.27999877929688,TMUS
2018-12-14,2872700,65.83000183105469,66.69000244140625,65.38999938964844,65.6500015258789,65.6500015258789,TMUS
2018-04-04,35560000,87.8499984741211,92.76000213623048,87.7300033569336,92.33000183105467,89.36292266845703,MSFT
2019-12-19,18107100,397.3200073242187,406.8500061035156,396.5,404.0400085449219,404.0400085449219,TSLA
2019-12-06,31101400,40.099998474121094,40.189998626708984,39.560001373291016,39.630001068115234,39.630001068115234,AMD
2019-07-22,25074900,137.41000366210938,139.19000244140625,137.3300018310547,138.42999267578125,136.7472686767578,MSFT
2019-06-03,40396100,175.60000610351562,177.9199981689453,170.27000427246094,173.3000030517578,171.25613403320312,AAPL
2018-09-05,13092800,360.0,363.3900146484375,335.8299865722656,341.17999267578125,341.17999267578125,NFLX
2019-07-19,48992400,140.22000122070312,140.6699981689453,136.4499969482422,136.6199951171875,134.9592742919922,MSFT
2019-10-10,2191000,137.11000061035156,138.25,136.63999938964844,137.88999938964844,134.96490478515625,PEP
2018-11-02,6705700,111.48999786376952,112.0999984741211,109.62999725341795,111.16999816894533,105.5782241821289,PEP
2019-08-13,4848100,228.80999755859375,236.0,227.5500030517578,235.0,235.0,TSLA
2019-08-09,17425000,52.779998779296875,52.869998931884766,52.040000915527344,52.43000030517578,51.17097091674805,CSCO
2019-11-12,21847200,261.54998779296875,262.7900085449219,260.9200134277344,261.9599914550781,260.63421630859375,AAPL
2018-04-05,29771900,92.44000244140624,93.06999969482422,91.4000015258789,92.37999725341795,89.41130065917969,MSFT
2018-05-17,38692500,12.789999961853027,12.899999618530272,12.65999984741211,12.81999969482422,12.81999969482422,AMD
2019-01-10,6056400,334.3999938964844,345.3900146484375,331.7900085449219,344.9700012207031,344.9700012207031,TSLA
2018-02-21,2973800,61.09000015258789,61.09000015258789,59.38999938964844,59.41999816894531,59.41999816894531,TMUS
2018-08-03,13656500,347.80999755859375,355.0,342.5299987792969,348.1700134277344,348.1700134277344,TSLA
2019-08-27,20859000,47.540000915527344,47.650001525878906,46.689998626708984,46.790000915527344,45.66640853881836,CSCO
2019-01-30,11250300,300.45001220703125,309.0,298.489990234375,308.7699890136719,308.7699890136719,TSLA
2019-08-20,21170800,138.2100067138672,138.7100067138672,137.24000549316406,137.25999450683594,136.0430145263672,MSFT
2019-07-24,2631300,1969.300048828125,2001.300048828125,1965.8699951171875,2000.81005859375,2000.81005859375,AMZN
2018-12-13,6181200,117.13999938964844,118.88999938964844,117.11000061035156,118.3499984741211,113.28955841064452,PEP
2019-04-09,75539800,28.239999771118164,28.3799991607666,27.190000534057617,27.239999771118164,27.239999771118164,AMD
2018-11-16,36928300,190.5,194.97000122070312,189.4600067138672,193.52999877929688,189.70030212402344,AAPL
2019-03-14,19215900,52.630001068115234,52.959999084472656,52.5099983215332,52.7400016784668,50.82889938354492,CSCO
2019-10-25,4747800,270.67999267578125,277.7699890136719,270.17999267578125,276.82000732421875,276.82000732421875,NFLX
2018-08-31,43340100,226.5099945068359,228.8699951171875,226.0,227.6300048828125,222.3496856689453,AAPL
2019-11-06,2029800,1801.0,1802.5,1788.5799560546875,1795.77001953125,1795.77001953125,AMZN
2018-08-24,18476400,216.6000061035156,216.8999938964844,215.11000061035156,216.16000366210935,211.1457672119141,AAPL
2019-06-26,23657700,134.35000610351562,135.74000549316406,133.60000610351562,133.92999267578125,132.30197143554688,MSFT
2019-01-14,28437100,101.9000015258789,102.87000274658205,101.26000213623048,102.0500030517578,100.01060485839844,MSFT
2019-01-07,5220300,110.01000213623048,110.37999725341795,108.6500015258789,109.52999877929688,104.8466796875,PEP
2019-04-25,2673200,312.95001220703125,312.95001220703125,306.57000732421875,311.82000732421875,311.82000732421875,AVGO
2018-10-30,25924600,43.91999816894531,44.70000076293945,43.75,44.58000183105469,42.634483337402344,CSCO
2018-10-03,28654800,230.0500030517578,233.47000122070312,229.77999877929688,232.07000732421875,226.68670654296875,AAPL
2018-04-17,21474600,43.849998474121094,44.75,43.709999084472656,44.59000015258789,42.03007888793945,CSCO
2019-10-01,1942900,278.2699890136719,279.6499938964844,273.3800048828125,274.8500061035156,274.8500061035156,AVGO
2019-09-16,52248500,30.3700008392334,31.149999618530273,30.260000228881836,30.829999923706055,30.829999923706055,AMD
2018-02-12,35720300,88.73999786376953,89.77999877929688,87.93000030517578,89.12999725341797,85.86239624023438,MSFT
2019-07-19,5311800,77.98999786376953,77.98999786376953,76.94000244140625,77.43000030517578,77.43000030517578,TMUS
2019-02-08,7561400,338.0,348.0,338.0,347.57000732421875,347.57000732421875,NFLX
2019-05-24,23714700,180.1999969482422,182.13999938964844,178.6199951171875,178.97000122070312,176.85928344726562,AAPL
2019-03-22,8661300,375.9500122070313,376.4299926757813,360.0400085449219,361.010009765625,361.010009765625,NFLX
2019-08-29,1389900,77.87000274658203,78.41000366210938,77.4000015258789,78.01000213623047,78.01000213623047,TMUS
2018-04-03,3168800,60.060001373291016,60.18000030517578,59.290000915527344,59.59000015258789,59.59000015258789,TMUS
2019-03-08,18182200,50.720001220703125,51.130001068115234,50.5099983215332,51.06999969482422,49.21941375732422,CSCO
2019-04-22,11980500,359.70001220703125,377.69000244140625,359.0,377.3399963378906,377.3399963378906,NFLX
2018-06-20,4332600,1742.5,1762.9300537109375,1741.3599853515625,1750.0799560546875,1750.0799560546875,AMZN
2019-09-23,1485000,283.6199951171875,287.1600036621094,282.0799865722656,285.4599914550781,285.4599914550781,AVGO
2018-11-29,1792000,234.27000427246097,238.6300048828125,232.7599945068359,235.77999877929688,235.77999877929688,AVGO
2018-01-04,2384400,63.88999938964844,64.0,62.880001068115234,63.0,63.0,TMUS
2018-11-15,38505200,104.98999786376952,107.8000030517578,103.91000366210938,107.27999877929688,105.1360855102539,MSFT
2019-11-27,33630100,39.459999084472656,39.7599983215332,39.06999969482422,39.40999984741211,39.40999984741211,AMD
2018-05-29,39578500,13.449999809265137,13.630000114440918,13.260000228881836,13.359999656677246,13.359999656677246,AMD
2019-11-20,2779400,76.8499984741211,77.68000030517578,76.72000122070312,77.63999938964844,77.63999938964844,TMUS
2018-02-01,4197700,351.0,359.6600036621094,348.6300048828125,349.25,349.25,TSLA
2018-06-20,76280600,16.829999923706055,17.1299991607666,16.3700008392334,16.520000457763672,16.520000457763672,AMD
2019-06-10,5371000,1822.0,1884.8699951171875,1818.0,1860.6300048828125,1860.6300048828125,AMZN
2019-08-12,4663900,232.9900054931641,235.77000427246097,228.75,229.0099945068359,229.0099945068359,TSLA
2018-07-05,16604200,185.2599945068359,186.41000366210935,184.27999877929688,185.3999938964844,180.46636962890625,AAPL
2019-09-24,4798500,136.25,136.4499969482422,134.5800018310547,135.36000061035156,132.4886016845703,PEP
2018-10-08,23791400,47.91999816894531,48.5,47.150001525878906,47.52000045776367,45.4461669921875,CSCO
2018-04-03,12694900,285.45001220703125,291.25,278.010009765625,283.6700134277344,283.6700134277344,NFLX
2018-06-18,23586000,100.01000213623048,101.11000061035156,99.41999816894533,100.86000061035156,98.04191589355467,MSFT
2019-04-30,9464600,242.05999755859375,244.2100067138672,237.0,238.69000244140625,238.69000244140625,TSLA
2019-05-15,7296000,229.32000732421875,232.44000244140625,225.25,231.9499969482422,231.9499969482422,TSLA
2018-03-29,38398500,167.80999755859375,171.75,166.89999389648438,167.77999877929688,162.68792724609375,AAPL
2019-07-31,6259500,325.1600036621094,331.7699890136719,318.5299987792969,322.989990234375,322.989990234375,NFLX
2018-06-13,29492900,101.72000122070312,102.01000213623048,100.55999755859376,100.8499984741211,98.03219604492188,MSFT
2018-02-14,3950700,320.8399963378906,326.1700134277344,318.5199890136719,322.30999755859375,322.30999755859375,TSLA
2019-10-03,56325200,28.280000686645508,28.780000686645508,27.43000030517578,28.68000030517578,28.68000030517578,AMD
2018-06-22,38923100,100.41000366210938,100.7699966430664,99.62999725341795,100.41000366210938,97.6044921875,MSFT
2019-07-26,17618900,207.47999572753903,209.72999572753903,207.13999938964844,207.7400054931641,205.28997802734375,AAPL
2019-11-20,2790000,1749.1400146484375,1762.52001953125,1734.1199951171875,1745.530029296875,1745.530029296875,AMZN
2019-07-25,3335200,128.6300048828125,129.52999877929688,128.38999938964844,128.99000549316406,125.38722229003906,PEP
2018-07-11,5521400,112.63999938964844,112.94000244140624,112.0999984741211,112.54000091552734,106.00251770019533,PEP
2018-04-30,19958500,44.91999816894531,45.18000030517578,44.279998779296875,44.290000915527344,41.7473030090332,CSCO
2018-11-29,2878700,118.4000015258789,118.87000274658205,117.44000244140624,118.2699966430664,112.32111358642578,PEP
2019-12-18,14121000,380.6300048828125,395.2200012207031,380.5799865722656,393.1499938964844,393.1499938964844,TSLA
2018-04-30,41523600,96.33000183105467,96.4000015258789,93.1500015258789,93.5199966430664,90.51466369628906,MSFT
2019-01-23,25874300,106.12000274658205,107.04000091552734,105.33999633789062,106.70999908447266,104.57746887207033,MSFT
2018-09-17,3092600,114.5999984741211,115.4499969482422,114.22000122070312,115.4000015258789,109.59547424316406,PEP
2018-01-29,5040100,248.27999877929688,249.4900054931641,243.4900054931641,245.47000122070312,245.47000122070312,AVGO
2019-10-02,5728600,136.88999938964844,137.3800048828125,133.49000549316406,133.94000244140625,131.0987091064453,PEP
2018-04-05,3579800,240.7599945068359,241.67999267578125,235.0,236.30999755859375,236.30999755859375,AVGO
2019-06-21,7696300,134.16000366210938,134.55999755859375,133.6300048828125,133.9600067138672,130.21839904785156,PEP
2018-01-16,7220700,1323.0,1339.93994140625,1292.300048828125,1304.8599853515625,1304.8599853515625,AMZN
2019-01-03,3390700,64.55000305175781,66.23999786376953,64.11000061035156,65.0199966430664,65.0199966430664,TMUS
2018-12-04,3645500,240.4900054931641,241.1300048828125,231.5800018310547,232.0399932861328,232.0399932861328,AVGO
2019-08-26,1424900,276.95001220703125,277.95001220703125,275.0,277.2200012207031,277.2200012207031,AVGO
2019-07-25,5501600,81.36000061035156,81.41000366210938,79.70999908447266,79.91000366210938,79.91000366210938,TMUS
2019-03-29,4705600,357.1600036621094,358.25,353.7099914550781,356.55999755859375,356.55999755859375,NFLX
2019-03-27,20447500,53.29999923706055,53.65999984741211,52.7400016784668,53.13999938964844,51.21440887451172,CSCO
2018-02-13,30999100,40.5,41.310001373291016,40.220001220703125,41.22999954223633,38.55305099487305,CSCO
2018-06-06,17730200,43.7599983215332,44.310001373291016,43.65999984741211,44.2599983215332,41.71902084350586,CSCO
2018-05-01,31408900,93.20999908447266,95.29000091552734,92.79000091552734,95.0,91.94710540771484,MSFT
2019-08-20,18201600,48.540000915527344,48.59000015258789,47.91999816894531,47.93000030517578,46.779029846191406,CSCO
2018-09-21,71229700,114.0,115.29000091552734,113.51000213623048,114.26000213623048,111.49494934082033,MSFT
2018-08-10,3639900,1888.510009765625,1899.5,1878.2099609375,1886.300048828125,1886.300048828125,AMZN
2018-08-07,72822600,19.530000686645508,19.709999084472656,19.079999923706055,19.559999465942383,19.559999465942383,AMD
2018-05-25,5324300,100.18000030517578,101.11000061035156,99.9000015258789,100.30999755859376,93.62191772460938,PEP
2019-09-03,20023000,206.42999267578125,206.97999572753903,204.22000122070312,205.6999969482422,204.0463409423828,AAPL
2019-07-18,3698600,132.61000061035156,133.1999969482422,131.52000427246094,132.8800048828125,129.1685791015625,PEP
2019-05-29,11968600,187.1000061035156,192.38999938964844,185.0399932861328,189.86000061035156,189.86000061035156,TSLA
2018-11-20,67825200,178.3699951171875,181.47000122070312,175.50999450683594,176.97999572753906,173.47781372070312,AAPL
2019-10-03,8829700,138.44000244140625,139.75,136.5,137.92999267578125,135.00405883789062,PEP
2019-04-29,3821700,373.6799926757813,374.5799865722656,369.1199951171875,371.8299865722656,371.8299865722656,NFLX
2018-06-26,54213500,15.31999969482422,15.600000381469728,15.100000381469728,15.5,15.5,AMD
2018-12-20,38810900,42.9900016784668,43.22999954223633,41.869998931884766,42.4900016784668,40.63568878173828,CSCO
2019-02-07,2864600,272.8599853515625,274.57000732421875,266.29998779296875,269.0899963378906,269.0899963378906,AVGO
2018-07-31,5076900,292.25,298.32000732421875,289.07000732421875,298.1400146484375,298.1400146484375,TSLA
2018-03-28,6413000,108.13999938964844,110.11000061035156,108.0,109.18000030517578,101.90052795410156,PEP
2019-05-29,5658900,353.6000061035156,353.8500061035156,345.8999938964844,349.19000244140625,349.19000244140625,NFLX
2018-10-09,3237200,68.7699966430664,69.3499984741211,68.23999786376953,68.45999908447266,68.45999908447266,TMUS
2019-05-16,46057800,54.27000045776367,56.400001525878906,54.119998931884766,55.93000030517578,54.244590759277344,CSCO
2018-08-14,3986100,1919.3900146484375,1921.010009765625,1900.0,1919.6500244140625,1919.6500244140625,AMZN
2019-04-22,3373800,1855.4000244140625,1888.4200439453125,1845.6400146484375,1887.31005859375,1887.31005859375,AMZN
2019-05-07,5902100,1939.989990234375,1949.0999755859375,1903.3800048828125,1921.0,1921.0,AMZN
2019-03-25,78438200,26.290000915527344,26.989999771118164,25.540000915527344,25.969999313354492,25.969999313354492,AMD
2018-04-13,38935700,10.199999809265137,10.220000267028809,9.880000114440918,9.93000030517578,9.93000030517578,AMD
2018-01-04,9946300,312.8699951171875,318.54998779296875,305.67999267578125,314.6199951171875,314.6199951171875,TSLA
2019-05-21,15293300,127.43000030517578,127.52999877929688,126.58000183105467,126.9000015258789,125.3574447631836,MSFT
2019-09-20,23832800,280.260009765625,282.5,266.0,270.75,270.75,NFLX
2018-01-31,2164900,64.54000091552734,65.31999969482422,64.2699966430664,65.0999984741211,65.0999984741211,TMUS
2018-04-18,20754500,177.80999755859375,178.82000732421875,176.8800048828125,177.83999633789062,172.44259643554688,AAPL
2018-04-20,5627900,295.1700134277344,299.9800109863281,289.75,290.239990234375,290.239990234375,TSLA
2018-02-20,47096500,11.720000267028809,12.1899995803833,11.710000038146973,12.020000457763672,12.020000457763672,AMD
2018-04-17,7000000,288.8699951171875,292.1700134277344,282.510009765625,287.69000244140625,287.69000244140625,TSLA
2019-02-27,5629900,363.5,368.0299987792969,359.79998779296875,362.8699951171875,362.8699951171875,NFLX
2019-08-01,4713300,1871.719970703125,1897.9200439453125,1844.010009765625,1855.3199462890625,1855.3199462890625,AMZN
2019-12-26,10633900,427.9100036621094,433.4800109863281,426.3500061035156,430.94000244140625,430.94000244140625,TSLA
2018-07-30,3621800,113.77999877929688,114.58999633789062,113.66999816894533,114.18000030517578,107.54724884033205,PEP
2018-06-11,80737600,15.210000038146973,15.890000343322754,15.010000228881836,15.729999542236328,15.729999542236328,AMD
2018-08-07,7970900,353.2300109863281,357.30999755859375,349.010009765625,351.8299865722656,351.8299865722656,NFLX
2018-06-22,27200400,186.1199951171875,186.1499938964844,184.6999969482422,184.9199981689453,179.99913024902344,AAPL
2018-04-06,3581500,59.5,60.29999923706055,59.349998474121094,59.650001525878906,59.650001525878906,TMUS
2019-03-20,10917200,358.9100036621094,375.8999938964844,357.010009765625,375.2200012207031,375.2200012207031,NFLX
2019-05-28,3200000,1832.75,1849.27001953125,1827.3499755859375,1836.4300537109375,1836.4300537109375,AMZN
2019-09-16,2953600,136.38999938964844,136.5,134.3800048828125,134.8800048828125,132.01876831054688,PEP
2019-04-16,19718300,56.619998931884766,57.529998779296875,56.61000061035156,56.95000076293945,55.23385238647461,CSCO
2018-07-30,160823400,19.399999618530273,20.18000030517578,19.309999465942383,19.420000076293945,19.420000076293945,AMD
2019-03-18,31207600,116.16999816894533,117.61000061035156,116.0500030517578,117.56999969482422,115.71251678466795,MSFT
2018-11-05,27922100,106.37000274658205,107.73999786376952,105.9000015258789,107.51000213623048,104.90828704833984,MSFT
2019-07-22,17718000,312.0,314.5400085449219,305.80999755859375,310.6199951171875,310.6199951171875,NFLX
2018-03-21,37054900,175.0399932861328,175.08999633789062,171.25999450683594,171.27000427246094,166.07200622558594,AAPL
2018-01-11,6645500,335.239990234375,344.80999755859375,333.260009765625,337.95001220703125,337.95001220703125,TSLA
2019-05-03,1921400,314.95001220703125,316.6499938964844,310.69000244140625,315.7099914550781,315.7099914550781,AVGO
2019-02-05,4453100,1643.3399658203125,1665.260009765625,1642.5,1658.81005859375,1658.81005859375,AMZN
2018-12-11,6308800,369.9100036621094,372.1700134277344,360.2300109863281,366.760009765625,366.760009765625,TSLA
2019-04-22,1350400,317.32000732421875,317.8900146484375,314.20001220703125,315.0,315.0,AVGO
2018-02-08,4907900,113.6999969482422,113.72000122070312,110.08999633789062,110.1500015258789,102.05162811279295,PEP
2018-08-15,29982800,108.48999786376952,108.98999786376952,106.81999969482422,107.66000366210938,105.05464935302734,MSFT
2019-10-31,5067000,313.1000061035156,319.0,313.0,314.9200134277344,314.9200134277344,TSLA
2018-11-15,2826800,67.86000061035156,68.36000061035156,67.55000305175781,68.08000183105469,68.08000183105469,TMUS
2019-03-21,2737900,291.8800048828125,299.3699951171875,291.0,296.79998779296875,296.79998779296875,AVGO
2019-01-23,13480100,328.25,331.75,318.6000061035156,321.989990234375,321.989990234375,NFLX
2018-04-26,3275100,231.0,231.8800048828125,228.3000030517578,230.4199981689453,230.4199981689453,AVGO
2019-06-13,6209300,347.2300109863281,348.5,339.25,343.42999267578125,343.42999267578125,NFLX
2019-12-16,3145200,1767.0,1769.5,1757.050048828125,1769.2099609375,1769.2099609375,AMZN
2019-03-13,56705800,23.65999984741211,24.149999618530273,23.350000381469727,23.3799991607666,23.3799991607666,AMD
2018-07-23,29707000,106.3000030517578,108.13999938964844,106.12999725341795,107.97000122070312,104.9532699584961,MSFT
2019-06-28,4117800,73.29000091552734,74.48999786376953,72.9000015258789,74.13999938964844,74.13999938964844,TMUS
2019-06-10,7810300,363.6499938964844,367.1000061035156,349.2900085449219,352.010009765625,352.010009765625,NFLX
2018-11-15,46478800,188.38999938964844,191.97000122070312,186.8999938964844,191.41000366210935,187.62225341796875,AAPL
2018-10-19,21356300,45.400001525878906,46.20000076293945,45.130001068115234,45.34000015258789,43.36131286621094,CSCO
2018-05-31,6921700,353.79998779296875,355.5299987792969,350.2099914550781,351.6000061035156,351.6000061035156,NFLX
2019-08-28,15938800,204.1000061035156,205.72000122070312,203.32000732421875,205.52999877929688,203.8777313232422,AAPL
2019-12-30,1310400,316.5199890136719,317.3299865722656,312.75,313.4599914550781,313.4599914550781,AVGO
2019-06-13,8168300,210.3800048828125,214.8999938964844,207.5099945068359,213.91000366210935,213.91000366210935,TSLA
2019-04-05,3971500,121.3499984741211,121.66999816894533,120.81999969482422,121.62000274658205,117.36376953125,PEP
2018-03-29,15170700,256.489990234375,270.9599914550781,248.2100067138672,266.1300048828125,266.1300048828125,TSLA
2018-03-06,18525800,319.8800048828125,325.7900085449219,316.5,325.2200012207031,325.2200012207031,NFLX
2019-03-06,60479400,23.469999313354492,23.530000686645508,22.399999618530273,22.40999984741211,22.40999984741211,AMD
2018-02-27,9416500,294.7699890136719,297.3599853515625,290.5899963378906,290.6099853515625,290.6099853515625,NFLX
2019-12-13,33396900,271.4599914550781,275.29998779296875,270.92999267578125,275.1499938964844,273.7574768066406,AAPL
2019-08-29,3015100,1783.0,1798.550048828125,1777.25,1786.4000244140625,1786.4000244140625,AMZN
2019-02-21,3483400,1619.8499755859375,1623.56005859375,1600.9100341796875,1619.43994140625,1619.43994140625,AMZN
2018-07-12,3631300,60.279998779296875,61.619998931884766,60.0099983215332,61.58000183105469,61.58000183105469,TMUS
2019-10-07,4273300,139.2899932861328,139.61000061035156,137.97000122070312,138.33999633789062,135.40536499023438,PEP
2019-06-28,4926500,287.8599853515625,289.29998779296875,284.82000732421875,287.8599853515625,287.8599853515625,AVGO
2019-10-23,2323600,136.61000061035156,137.5,136.61000061035156,137.4499969482422,134.5342559814453,PEP
2019-01-08,121271000,21.190000534057617,21.200000762939453,19.68000030517578,20.75,20.75,AMD
2018-08-23,5147300,319.1400146484375,327.32000732421875,318.1000061035156,320.1000061035156,320.1000061035156,TSLA
2019-07-23,18034600,139.75999450683594,139.99000549316406,138.02999877929688,139.2899932861328,137.59681701660156,MSFT
2019-04-24,6541900,381.0700073242187,381.8999938964844,373.2699890136719,374.2300109863281,374.2300109863281,NFLX
2019-05-01,3117000,1933.0899658203125,1943.6400146484375,1910.550048828125,1911.52001953125,1911.52001953125,AMZN
2018-07-26,2548000,59.099998474121094,59.79999923706055,58.88999938964844,59.369998931884766,59.369998931884766,TMUS
2018-11-14,4423800,117.44000244140624,117.4800033569336,116.2699966430664,116.6500015258789,110.78258514404295,PEP
2019-04-05,65662700,29.63999938964844,29.690000534057617,28.799999237060547,28.979999542236328,28.979999542236328,AMD
2018-12-18,49319200,103.75,104.51000213623048,102.5199966430664,103.97000122070312,101.8922348022461,MSFT
2018-08-30,22798700,111.66999816894533,112.61000061035156,111.44000244140624,111.9499969482422,109.24083709716795,MSFT
2018-11-02,123788000,20.59000015258789,21.059999465942383,19.469999313354492,20.229999542236328,20.229999542236328,AMD
2018-04-09,2620000,109.54000091552734,110.4499969482422,108.77999877929688,109.37999725341795,102.0871810913086,PEP
2019-03-19,6751700,117.36000061035156,118.75,117.25,118.08999633789062,113.9572982788086,PEP
2019-12-06,3117400,1751.199951171875,1754.4000244140625,1740.1300048828125,1751.5999755859375,1751.5999755859375,AMZN
2018-10-29,55162000,108.11000061035156,108.6999969482422,101.62999725341795,103.8499984741211,101.33684539794922,MSFT
2018-03-08,23774100,175.47999572753906,177.1199951171875,175.07000732421875,176.94000244140625,171.56993103027344,AAPL
2018-09-14,19122300,113.36000061035156,113.7300033569336,112.44000244140624,113.37000274658205,110.62646484375,MSFT
2019-09-20,6353000,246.4900054931641,246.9499969482422,238.16000366210935,240.6199951171875,240.6199951171875,TSLA
2019-05-14,5353000,348.7099914550781,349.95001220703125,342.5,345.6099853515625,345.6099853515625,NFLX
2019-06-13,2795800,1866.719970703125,1883.0899658203125,1862.219970703125,1870.300048828125,1870.300048828125,AMZN
2019-09-27,16065300,49.0,49.470001220703125,48.599998474121094,48.84000015258789,47.66717529296875,CSCO
2018-07-06,2928200,60.06999969482422,61.369998931884766,59.900001525878906,61.13999938964844,61.13999938964844,TMUS
2019-09-12,5010900,288.1000061035156,292.7300109863281,286.6000061035156,288.8599853515625,288.8599853515625,NFLX
2018-04-05,6413500,1441.989990234375,1459.56005859375,1427.0699462890625,1451.75,1451.75,AMZN
2018-11-26,7992100,325.0,346.2200012207031,325.0,346.0,346.0,TSLA
2018-05-01,4625600,293.510009765625,300.82000732421875,293.2200012207031,299.9200134277344,299.9200134277344,TSLA
2019-11-13,16919200,146.74000549316406,147.4600067138672,146.27999877929688,147.30999755859375,146.00390625,MSFT
2018-12-19,68198200,103.6500015258789,106.87999725341795,101.3499984741211,103.69000244140624,101.61783599853516,MSFT
2018-12-07,105764500,21.299999237060547,21.3799991607666,19.170000076293945,19.459999084472656,19.459999084472656,AMD
2019-09-27,3559400,136.24000549316406,136.24000549316406,134.6699981689453,135.60000610351562,132.72349548339844,PEP
2019-05-16,4707800,1885.93994140625,1917.510009765625,1882.2900390625,1907.5699462890625,1907.5699462890625,AMZN
2018-03-06,46751200,12.010000228881836,12.050000190734863,11.710000038146973,11.760000228881836,11.760000228881836,AMD
2018-07-12,44188100,16.40999984741211,16.790000915527344,16.3799991607666,16.559999465942383,16.559999465942383,AMD
2019-04-09,15508400,55.08000183105469,55.41999816894531,54.86000061035156,55.18000030517578,53.517189025878906,CSCO
2018-02-12,4816100,59.65999984741211,60.060001373291016,58.06999969482422,58.119998931884766,58.119998931884766,TMUS
2019-12-12,3893500,319.7300109863281,330.1600036621094,319.42999267578125,327.79998779296875,327.79998779296875,AVGO
2018-05-09,27327400,96.01000213623048,96.97000122070312,95.0500030517578,96.94000244140624,93.82476043701172,MSFT
2018-02-20,4009400,334.4700012207031,340.8399963378906,331.5,334.7699890136719,334.7699890136719,TSLA
2018-07-06,20258300,42.38999938964844,42.880001068115234,42.310001373291016,42.709999084472656,40.571773529052734,CSCO
2018-04-03,18844400,269.82000732421875,273.3500061035156,254.4900054931641,267.5299987792969,267.5299987792969,TSLA
2018-10-09,8755000,348.4800109863281,358.7200012207031,347.0899963378906,355.7099914550781,355.7099914550781,NFLX
2019-10-17,14352400,47.150001525878906,47.29999923706055,46.599998474121094,47.029998779296875,46.24829864501953,CSCO
2018-03-26,5624700,1530.0,1556.989990234375,1499.25,1555.8599853515625,1555.8599853515625,AMZN
2019-04-29,2793400,126.13999938964844,126.95999908447266,126.0199966430664,126.69000244140624,122.25634765625,PEP
2018-12-17,3999300,65.7300033569336,65.94000244140625,64.27999877929688,64.80999755859375,64.80999755859375,TMUS
2019-10-18,24358400,234.58999633789065,237.5800018310547,234.2899932861328,236.41000366210935,234.50949096679688,AAPL
2019-10-24,29720900,298.3699951171875,304.92999267578125,289.20001220703125,299.67999267578125,299.67999267578125,TSLA
2018-11-23,806600,227.5800018310547,232.69000244140625,227.5800018310547,229.8999938964844,229.8999938964844,AVGO
2018-04-17,26771000,95.0,96.54000091552734,94.87999725341795,96.06999969482422,92.98271942138672,MSFT
2019-11-08,1614800,81.80000305175781,81.83999633789062,80.83000183105469,80.94000244140625,80.94000244140625,TMUS
2019-05-31,10406700,185.1000061035156,189.9199981689453,184.1000061035156,185.16000366210935,185.16000366210935,TSLA
2019-09-24,3631000,80.48999786376953,80.48999786376953,79.02999877929688,79.36000061035156,79.36000061035156,TMUS
2019-10-30,78228800,32.93000030517578,33.34000015258789,32.029998779296875,33.130001068115234,33.130001068115234,AMD
2019-03-12,56410600,23.100000381469727,23.799999237060547,22.780000686645508,23.489999771118164,23.489999771118164,AMD
2018-12-21,13640300,1464.989990234375,1480.0,1363.9599609375,1377.449951171875,1377.449951171875,AMZN
2018-04-05,10655200,293.1499938964844,299.1600036621094,289.1099853515625,293.9700012207031,293.9700012207031,NFLX
2019-06-26,8507200,220.30999755859375,227.22999572753903,218.1000061035156,219.27000427246097,219.27000427246097,TSLA
2019-07-24,18177000,57.58000183105469,57.68000030517578,57.11000061035156,57.22999954223633,55.8557014465332,CSCO
2018-08-10,24611200,207.36000061035156,209.1000061035156,206.6699981689453,207.52999877929688,202.71592712402344,AAPL
2018-11-08,25362600,209.97999572753903,210.1199951171875,206.75,208.4900054931641,204.3642578125,AAPL
2018-05-04,19504100,44.0099983215332,45.5,43.900001525878906,45.29999923706055,42.699317932128906,CSCO
2018-11-29,6613200,1674.989990234375,1689.989990234375,1652.3299560546875,1673.5699462890625,1673.5699462890625,AMZN
2018-09-20,1875200,68.77999877929688,69.1500015258789,68.33999633789062,69.12999725341797,69.12999725341797,TMUS
2019-02-06,20609800,107.0,107.0,105.52999877929688,106.02999877929688,103.91106414794922,MSFT
2018-12-10,9605600,264.19000244140625,271.17999267578125,260.6099853515625,269.70001220703125,269.70001220703125,NFLX
2018-04-18,6525500,108.97000122070312,109.36000061035156,106.45999908447266,106.9800033569336,99.84719848632812,PEP
2018-08-28,22776800,219.0099945068359,220.5399932861328,218.9199981689453,219.6999969482422,214.6036376953125,AAPL
2018-06-13,24383200,44.02000045776367,44.529998779296875,43.84000015258789,44.0099983215332,41.483375549316406,CSCO
2018-07-18,5379000,114.91999816894533,115.0,113.88999938964844,114.83000183105467,108.15949249267578,PEP
2018-12-21,95744600,156.86000061035156,158.16000366210938,149.6300048828125,150.72999572753906,147.74725341796875,AAPL
2018-07-25,20658300,42.36000061035156,43.220001220703125,42.290000915527344,43.15999984741211,40.99925231933594,CSCO
2019-12-11,3374000,75.08000183105469,75.41000366210938,74.30999755859375,74.62000274658203,74.62000274658203,TMUS
2018-05-14,19454100,97.91999816894533,98.69000244140624,97.30999755859376,98.02999877929688,94.8797378540039,MSFT
2019-02-05,122226000,23.420000076293945,23.86000061035156,22.979999542236328,23.309999465942383,23.309999465942383,AMD
2018-07-16,15043100,191.52000427246097,192.6499938964844,190.4199981689453,190.91000366210935,185.82977294921875,AAPL
2019-07-16,2618200,2010.5799560546875,2026.3199462890625,2001.219970703125,2009.9000244140625,2009.9000244140625,AMZN
2018-11-29,15431500,282.32000732421875,290.489990234375,275.5,288.75,288.75,NFLX
2018-04-30,50608800,11.0600004196167,11.140000343322754,10.869999885559082,10.880000114440918,10.880000114440918,AMD
2018-11-13,35374600,107.5500030517578,108.73999786376952,106.63999938964844,106.94000244140624,104.35206604003906,MSFT
2019-10-18,3197200,81.13999938964844,82.33000183105469,80.77999877929688,81.5999984741211,81.5999984741211,TMUS
2019-04-30,3870100,369.55999755859375,374.5,368.3500061035156,370.5400085449219,370.5400085449219,NFLX
2019-05-28,8806000,129.5,129.89999389648438,127.36000061035156,127.62999725341795,123.16343688964844,PEP
2019-11-06,1807200,312.05999755859375,314.2799987792969,308.7099914550781,313.1600036621094,313.1600036621094,AVGO
2018-10-24,63897800,108.41000366210938,108.48999786376952,101.58999633789062,102.31999969482422,99.84387969970705,MSFT
2019-01-30,5023800,108.94000244140624,111.23999786376952,108.54000091552734,110.81999969482422,106.08152770996094,PEP
2019-11-19,7724800,351.75,359.989990234375,347.79998779296875,359.5199890136719,359.5199890136719,TSLA
2018-04-10,10660500,297.67999267578125,298.95001220703125,291.69000244140625,298.07000732421875,298.07000732421875,NFLX
2019-06-03,3588700,127.86000061035156,129.16000366210938,127.48999786376952,128.97999572753906,124.4661865234375,PEP
2019-08-06,60578400,28.86000061035156,29.049999237060547,28.200000762939453,28.86000061035156,28.86000061035156,AMD
2019-10-04,22897700,136.75,138.25,136.4199981689453,138.1199951171875,136.8953857421875,MSFT
2019-04-22,12147100,269.0,269.67999267578125,262.4800109863281,262.75,262.75,TSLA
2018-10-31,38358900,216.8800048828125,220.4499969482422,216.6199951171875,218.86000061035156,213.78314208984375,AAPL
2018-05-07,3695300,231.3000030517578,236.8999938964844,231.0,235.97000122070312,235.97000122070312,AVGO
2018-09-27,15910100,48.33000183105469,48.7599983215332,48.209999084472656,48.33000183105469,45.91042709350586,CSCO
2018-11-23,1444700,114.77999877929688,116.56999969482422,114.77999877929688,115.41000366210938,109.60496520996094,PEP
2018-10-19,4744300,69.52999877929688,70.13999938964844,69.20999908447266,69.75,69.75,TMUS
2018-05-30,22498800,43.08000183105469,43.34000015258789,42.83000183105469,42.849998474121094,40.38997268676758,CSCO
2018-04-24,4488900,235.7400054931641,236.1199951171875,226.69000244140625,228.38999938964844,228.38999938964844,AVGO
2018-05-22,6807600,99.77999877929688,100.45999908447266,99.43000030517578,99.93000030517578,93.26724243164062,PEP
2018-03-20,19649400,175.24000549316406,176.8000030517578,174.94000244140625,175.24000549316406,169.92152404785156,AAPL
2018-07-19,24498800,42.79999923706055,43.0099983215332,42.220001220703125,42.400001525878906,40.27730178833008,CSCO
2019-12-26,23280300,284.82000732421875,289.9800109863281,284.70001220703125,289.9100036621094,288.4427795410156,AAPL
2018-05-01,12400700,60.77000045776367,61.189998626708984,58.16999816894531,59.43000030517578,59.43000030517578,TMUS
2019-02-12,5517600,316.20001220703125,318.19000244140625,309.6199951171875,311.80999755859375,311.80999755859375,TSLA
2018-12-10,4150600,116.4000015258789,116.62000274658205,114.45999908447266,116.19000244140624,111.22191619873048,PEP
2019-08-13,2541600,76.93000030517578,78.26000213623047,76.77999877929688,77.62000274658203,77.62000274658203,TMUS
2018-10-08,13472700,264.5199890136719,267.760009765625,249.0,250.55999755859375,250.55999755859375,TSLA
2018-10-04,95831200,27.989999771118164,28.829999923706055,27.3700008392334,27.780000686645508,27.780000686645508,AMD
2019-01-11,17378400,43.11000061035156,43.540000915527344,42.88999938964844,43.4900016784668,41.914085388183594,CSCO
2019-02-08,4129500,67.63999938964844,68.47000122070312,66.94999694824219,68.37999725341797,68.37999725341797,TMUS
2019-06-10,2328000,276.7300109863281,284.7699890136719,276.7200012207031,280.2099914550781,280.2099914550781,AVGO
2018-10-01,5064700,112.1500015258789,112.4800033569336,110.66999816894533,110.70999908447266,105.14137268066406,PEP
2018-06-01,71677900,13.979999542236328,14.399999618530272,13.920000076293944,14.399999618530272,14.399999618530272,AMD
2019-09-25,21382000,137.5,139.9600067138672,136.02999877929688,139.36000061035156,138.1243896484375,MSFT
2018-08-01,67935700,199.1300048828125,201.7599945068359,197.30999755859375,201.5,196.1379547119141,AAPL
2019-08-29,20168700,137.25,138.44000244140625,136.91000366210938,138.1199951171875,136.8953857421875,MSFT
2018-02-20,3059000,60.0,60.83000183105469,59.65999984741211,60.5099983215332,60.5099983215332,TMUS
2018-11-09,2263600,69.41999816894531,69.69999694824219,67.9800033569336,68.68000030517578,68.68000030517578,TMUS
2018-08-15,7700700,1909.550048828125,1916.2099609375,1869.7900390625,1882.6199951171875,1882.6199951171875,AMZN
2018-03-20,4764300,314.8699951171875,316.25,308.760009765625,310.54998779296875,310.54998779296875,TSLA
2019-06-25,2443600,279.1600036621094,282.8800048828125,276.0199890136719,276.510009765625,276.510009765625,AVGO
2018-12-31,3112500,63.31999969482422,63.650001525878906,62.40999984741211,63.61000061035156,63.61000061035156,TMUS
2018-11-16,5257200,67.2300033569336,69.69999694824219,67.0,69.13999938964844,69.13999938964844,TMUS
2018-11-06,24340200,107.37999725341795,108.83999633789062,106.27999877929688,107.72000122070312,105.11319732666016,MSFT
2019-01-10,3230800,67.44000244140625,68.86000061035156,67.22000122070312,67.95999908447266,67.95999908447266,TMUS
2018-05-03,33310600,10.899999618530272,11.0600004196167,10.829999923706056,10.93000030517578,10.93000030517578,AMD
2018-12-24,37169200,148.14999389648438,151.5500030517578,146.58999633789062,146.8300018310547,143.92445373535156,AAPL
2018-03-15,22743800,178.5,180.2400054931641,178.07000732421875,178.64999389648438,173.22801208496094,AAPL
2018-06-12,17564900,43.68000030517578,43.95000076293945,43.470001220703125,43.939998626708984,41.41739654541016,CSCO
2019-05-10,3360500,74.0,75.31999969482422,73.54000091552734,75.2300033569336,75.2300033569336,TMUS
2018-10-18,18461000,360.6700134277344,362.2000122070313,346.04998779296875,346.7099914550781,346.7099914550781,NFLX
2019-10-09,16768600,46.91999816894531,47.16999816894531,46.65999984741211,46.84000015258789,46.06145477294922,CSCO
2018-06-21,6550700,106.56999969482422,107.43000030517578,106.3000030517578,107.23999786376952,101.01040649414062,PEP
2018-11-12,33621800,109.41999816894533,109.95999908447266,106.0999984741211,106.87000274658205,104.28378295898438,MSFT
2018-03-01,2604400,245.86000061035156,249.1199951171875,241.30999755859375,243.30999755859375,243.30999755859375,AVGO
2019-01-10,115629400,19.760000228881836,19.829999923706055,18.899999618530273,19.739999771118164,19.739999771118164,AMD
2018-08-24,14729100,346.0,359.1499938964844,344.5400085449219,358.82000732421875,358.82000732421875,NFLX
2019-11-13,25187000,48.2400016784668,48.849998474121094,48.150001525878906,48.459999084472656,47.6545295715332,CSCO
2018-09-13,41706400,223.52000427246097,228.3500061035156,222.57000732421875,226.41000366210935,221.15798950195312,AAPL
2018-10-11,5755100,108.20999908447266,108.4800033569336,104.9000015258789,105.05999755859376,99.77555084228516,PEP
2019-07-09,61419800,31.760000228881836,33.18000030517578,30.100000381469727,33.150001525878906,33.150001525878906,AMD
2019-10-22,3248100,136.64999389648438,137.35000610351562,136.30999755859375,136.66000366210938,133.76101684570312,PEP
2019-12-16,18174200,362.5499877929687,383.6099853515625,362.5,381.5,381.5,TSLA
2018-08-16,2549400,65.68000030517578,66.20999908447266,65.55000305175781,65.9800033569336,65.9800033569336,TMUS
2018-12-31,13508900,260.1600036621094,270.1000061035156,260.0,267.6600036621094,267.6600036621094,NFLX
2019-05-20,38612300,183.52000427246097,184.3500061035156,180.27999877929688,183.08999633789065,180.93069458007812,AAPL
2018-11-20,5087800,119.8000030517578,120.27999877929688,115.77999877929688,116.0,110.16529846191406,PEP
2019-10-01,34805800,225.07000732421875,228.22000122070312,224.1999969482422,224.58999633789065,222.7845001220703,AAPL
2019-05-02,100514800,26.940000534057617,28.63999938964844,26.61000061035156,28.290000915527344,28.290000915527344,AMD
2019-11-04,2771900,1801.010009765625,1815.06005859375,1801.010009765625,1804.6600341796875,1804.6600341796875,AMZN
2019-10-09,1967200,78.11000061035156,78.27999877929688,77.30999755859375,77.79000091552734,77.79000091552734,TMUS
2018-11-13,26196700,45.70000076293945,46.060001373291016,45.029998779296875,45.119998931884766,43.150909423828125,CSCO
2019-07-09,6190800,228.97000122070312,231.0,227.27999877929688,230.05999755859375,230.05999755859375,TSLA
2019-02-14,4120500,1624.5,1637.9000244140625,1606.06005859375,1622.6500244140625,1622.6500244140625,AMZN
2019-02-25,21873400,174.16000366210938,175.8699951171875,173.9499969482422,174.22999572753906,171.51466369628906,AAPL
2019-02-15,30189600,48.83000183105469,49.59000015258789,48.439998626708984,49.43000030517578,47.63884353637695,CSCO
2019-08-09,3073500,269.5799865722656,280.54998779296875,269.5799865722656,275.7300109863281,275.7300109863281,AVGO
2018-10-05,2933600,68.94999694824219,69.7300033569336,68.12000274658203,68.58999633789062,68.58999633789062,TMUS
2018-03-09,32185200,177.9600067138672,180.0,177.38999938964844,179.97999572753906,174.51763916015625,AAPL
2018-05-04,6230600,55.869998931884766,57.7400016784668,55.83000183105469,57.2599983215332,57.2599983215332,TMUS
2018-07-24,2519700,58.47999954223633,59.099998474121094,57.88999938964844,58.779998779296875,58.779998779296875,TMUS
2018-10-26,27425500,308.25,339.8999938964844,306.6499938964844,330.8999938964844,330.8999938964844,TSLA
2019-10-04,2588400,278.489990234375,281.70001220703125,275.20001220703125,281.42999267578125,281.42999267578125,AVGO
2018-06-13,90227300,15.8100004196167,16.520000457763672,15.779999732971191,16.31999969482422,16.31999969482422,AMD
2018-07-26,8506900,226.5,229.77000427246097,221.57000732421875,223.17999267578125,223.17999267578125,AVGO
2018-08-14,3632700,211.5800018310547,211.5800018310547,206.83999633789065,207.3000030517578,207.3000030517578,AVGO
2018-06-08,5225700,358.05999755859375,362.3900146484375,356.25,360.5700073242187,360.5700073242187,NFLX
2019-11-27,2081500,78.47000122070312,79.30000305175781,78.47000122070312,78.9800033569336,78.9800033569336,TMUS
2018-03-02,2740200,240.42999267578125,251.17999267578125,240.22999572753903,250.8699951171875,250.8699951171875,AVGO
2018-07-26,6993700,358.19000244140625,365.5400085449219,356.6300048828125,363.0899963378906,363.0899963378906,NFLX
2019-09-06,5166600,293.3500061035156,293.3500061035156,287.0299987792969,290.1700134277344,290.1700134277344,NFLX
2018-10-17,8655500,282.3999938964844,282.70001220703125,265.79998779296875,271.7799987792969,271.7799987792969,TSLA
2018-11-29,22650800,46.900001525878906,47.7599983215332,46.900001525878906,47.34000015258789,45.274024963378906,CSCO
2018-05-16,5674000,283.8299865722656,288.80999755859375,281.55999755859375,286.4800109863281,286.4800109863281,TSLA
2019-01-29,14470100,45.810001373291016,46.04999923706055,45.650001525878906,45.959999084472656,44.29458236694336,CSCO
2018-12-06,43098400,171.75999450683594,174.77999877929688,170.4199981689453,174.72000122070312,171.2625274658203,AAPL
2019-12-05,1549400,310.5899963378906,312.4599914550781,309.05999755859375,311.19000244140625,311.19000244140625,AVGO
2019-03-26,7666500,367.8699951171875,368.3800048828125,358.0199890136719,359.9700012207031,359.9700012207031,NFLX
2018-05-23,10049100,329.0400085449219,345.0,328.0899963378906,344.7200012207031,344.7200012207031,NFLX
2018-04-26,20549300,43.97999954223633,44.4900016784668,43.439998626708984,44.209999084472656,41.67189407348633,CSCO
2019-08-26,50612500,30.34000015258789,30.719999313354492,29.940000534057617,30.280000686645508,30.280000686645508,AMD
2018-03-15,27611000,93.52999877929688,94.58000183105467,92.83000183105467,94.18000030517578,91.1534652709961,MSFT
2019-11-11,3944300,289.1600036621094,296.3599853515625,288.5,294.17999267578125,294.17999267578125,NFLX
2018-08-06,8564300,345.4599914550781,354.9800109863281,341.82000732421875,341.989990234375,341.989990234375,TSLA
2019-09-09,4062100,136.39999389648438,136.67999267578125,135.42999267578125,136.39999389648438,133.50650024414062,PEP
2018-02-26,4340000,353.5,359.0,352.3599853515625,357.4200134277344,357.4200134277344,TSLA
2018-07-02,43398800,14.800000190734863,15.18000030517578,14.739999771118164,15.15999984741211,15.15999984741211,AMD
2019-05-08,2849200,73.95999908447266,73.95999908447266,72.4800033569336,72.62999725341797,72.62999725341797,TMUS
2019-12-31,18369400,156.77000427246094,157.77000427246094,156.4499969482422,157.6999969482422,156.83363342285156,MSFT
2019-12-23,13319600,411.7799987792969,422.010009765625,410.0,419.2200012207031,419.2200012207031,TSLA
2019-11-19,3174300,316.6499938964844,325.6700134277344,316.6499938964844,317.70001220703125,317.70001220703125,AVGO
2019-03-20,4126300,298.0,299.0,290.2900085449219,291.0299987792969,291.0299987792969,AVGO
2019-03-12,2332400,269.760009765625,270.0299987792969,264.2699890136719,269.6300048828125,269.6300048828125,AVGO
2019-12-31,1714900,77.94000244140625,78.44000244140625,77.77999877929688,78.41999816894531,78.41999816894531,TMUS
2018-04-13,25124300,174.77999877929688,175.83999633789062,173.85000610351562,174.72999572753906,169.42697143554688,AAPL
2019-05-24,3369700,1835.8900146484375,1841.760009765625,1817.8499755859375,1823.280029296875,1823.280029296875,AMZN
2019-04-25,57329700,28.670000076293945,28.86000061035156,27.36000061035156,27.65999984741211,27.65999984741211,AMD
2018-07-10,3002900,1738.530029296875,1750.0,1731.0,1743.0699462890625,1743.0699462890625,AMZN
2018-01-18,62086200,12.18000030517578,12.68000030517578,12.149999618530272,12.470000267028809,12.470000267028809,AMD
2019-08-08,27009500,200.1999969482422,203.52999877929688,199.38999938964844,203.42999267578125,201.03079223632812,AAPL
2019-12-06,16403500,150.99000549316406,151.8699951171875,150.27000427246094,151.75,150.91632080078125,MSFT
2018-05-03,6135800,312.5899963378906,312.5899963378906,305.7300109863281,311.69000244140625,311.69000244140625,NFLX
2018-05-02,5697100,311.6499938964844,317.1000061035156,310.3999938964844,313.3599853515625,313.3599853515625,NFLX
2018-11-06,15446700,46.040000915527344,46.619998931884766,46.0,46.5,44.47068786621094,CSCO
2019-10-17,16896300,235.08999633789065,236.1499938964844,233.52000427246097,235.27999877929688,233.38856506347656,AAPL
2018-03-19,33344100,93.73999786376952,93.9000015258789,92.11000061035156,92.88999938964844,89.90491485595703,MSFT
2019-08-20,26884300,210.8800048828125,213.3500061035156,210.32000732421875,210.36000061035156,208.6688995361328,AAPL
2019-12-19,30764700,47.150001525878906,47.9900016784668,47.11000061035156,47.880001068115234,47.084171295166016,CSCO
2018-09-19,3116000,240.47000122070312,242.4900054931641,239.77000427246097,241.7899932861328,241.7899932861328,AVGO
2018-01-19,32425100,178.61000061035156,179.5800018310547,177.41000366210938,178.4600067138672,172.3411407470703,AAPL
2019-10-31,12488300,47.599998474121094,47.650001525878906,47.099998474121094,47.5099983215332,46.72031784057617,CSCO
2019-11-18,4235800,76.87000274658203,78.44999694824219,76.33000183105469,78.19000244140625,78.19000244140625,TMUS
2018-12-17,8829800,1566.0,1576.1300048828125,1505.010009765625,1520.9100341796875,1520.9100341796875,AMZN
2019-03-11,3876400,1626.1199951171875,1672.2900390625,1626.010009765625,1670.6199951171875,1670.6199951171875,AMZN
2019-07-03,23462000,31.1299991607666,31.329999923706055,30.739999771118164,31.190000534057617,31.190000534057617,AMD
2019-05-08,21525100,53.16999816894531,53.939998626708984,53.130001068115234,53.470001220703125,51.85871887207031,CSCO
2019-05-07,10131400,256.79998779296875,257.2099914550781,245.1000061035156,247.05999755859375,247.05999755859375,TSLA
2019-11-06,15904500,47.810001373291016,48.5,47.790000915527344,48.27000045776367,47.46768569946289,CSCO
2018-07-30,18260700,351.92999267578125,352.0299987792969,334.0199890136719,334.9599914550781,334.9599914550781,NFLX
2018-10-11,36496300,45.459999084472656,45.599998474121094,43.91999816894531,44.119998931884766,42.194549560546875,CSCO
2018-04-02,4325500,108.62000274658205,109.22000122070312,106.44000244140624,107.0500030517578,99.91252136230467,PEP
2018-05-30,18690500,187.72000122070312,188.0,186.77999877929688,187.5,182.5105133056641,AAPL
2019-08-05,29931800,52.38999938964844,52.540000915527344,50.939998626708984,51.369998931884766,50.13642120361328,CSCO
2018-01-10,2686000,1245.1500244140625,1254.3299560546875,1237.22998046875,1254.3299560546875,1254.3299560546875,AMZN
2019-06-17,12316800,215.47999572753903,227.0,214.27000427246097,225.02999877929688,225.02999877929688,TSLA
2018-08-30,2652900,214.97000122070312,216.94000244140625,214.61000061035156,216.6499938964844,216.6499938964844,AVGO
2019-03-08,2216700,261.55999755859375,264.760009765625,259.20001220703125,264.19000244140625,264.19000244140625,AVGO
2019-01-28,18296700,45.72999954223633,45.77000045776367,45.22999954223633,45.75,44.092193603515625,CSCO
2018-12-10,40801500,104.8000030517578,107.9800033569336,103.88999938964844,107.58999633789062,105.43988037109376,MSFT
2018-04-04,5541600,59.04999923706055,60.09000015258789,58.90999984741211,59.75,59.75,TMUS
2018-06-13,6181700,59.0,59.09000015258789,58.380001068115234,58.68000030517578,58.68000030517578,TMUS
2019-10-31,2788000,289.79998779296875,294.0799865722656,287.79998779296875,292.8500061035156,292.8500061035156,AVGO
2018-05-29,9717900,351.5,356.1000061035156,346.7099914550781,349.7300109863281,349.7300109863281,NFLX
2019-05-30,12954300,53.439998626708984,53.779998779296875,53.34000015258789,53.56999969482422,51.95570373535156,CSCO
2018-07-12,43508300,207.0800018310547,210.27999877929688,197.4600067138672,209.97999572753903,209.97999572753903,AVGO
2018-02-27,2117600,252.08999633789065,255.6699981689453,251.67999267578125,251.80999755859375,251.80999755859375,AVGO
2018-11-01,8135500,1623.530029296875,1670.449951171875,1598.43994140625,1665.530029296875,1665.530029296875,AMZN
2018-12-21,8016800,317.3999938964844,323.4700012207031,312.44000244140625,319.7699890136719,319.7699890136719,TSLA
2018-03-12,5174200,1592.5999755859375,1605.3299560546875,1586.699951171875,1598.3900146484375,1598.3900146484375,AMZN
2019-06-17,14517800,132.6300048828125,133.72999572753906,132.52999877929688,132.85000610351562,131.23512268066406,MSFT
2019-08-29,5179500,219.0,223.3999938964844,218.0,221.7100067138672,221.7100067138672,TSLA
2018-10-15,26160500,45.52000045776367,45.720001220703125,44.66999816894531,44.66999816894531,42.72054672241211,CSCO
2018-06-20,2495100,261.5,264.0199890136719,260.739990234375,261.2200012207031,261.2200012207031,AVGO
2018-03-09,89674400,12.029999732971191,12.039999961853027,11.579999923706056,11.699999809265137,11.699999809265137,AMD
2018-09-07,123348700,26.959999084472656,28.270000457763672,26.799999237060547,27.3799991607666,27.3799991607666,AMD
2019-10-11,66256900,28.829999923706055,30.200000762939453,28.809999465942383,29.75,29.75,AMD
2018-12-06,5785900,226.2400054931641,227.25,217.61000061035156,227.2400054931641,227.2400054931641,AVGO
2018-02-02,2647200,63.84000015258789,64.31999969482422,63.31999969482422,63.59000015258789,63.59000015258789,TMUS
2019-04-04,3037100,69.08000183105469,70.12999725341797,69.0,70.05000305175781,70.05000305175781,TMUS
2019-01-14,2691000,68.41000366210938,68.5199966430664,67.41999816894531,67.91000366210938,67.91000366210938,TMUS
2019-05-13,10834800,232.0099945068359,232.47000122070312,224.5,227.0099945068359,227.0099945068359,TSLA
2019-04-10,21695300,198.67999267578125,200.7400054931641,198.17999267578125,200.6199951171875,197.49337768554688,AAPL
2018-09-10,20727900,108.83999633789062,109.63999938964844,108.36000061035156,109.37999725341795,106.73302459716795,MSFT
2018-09-26,19352000,114.47000122070312,115.05999755859376,113.73999786376952,113.9800033569336,111.22171783447266,MSFT
2018-04-27,8920000,64.3499984741211,65.68000030517578,63.9900016784668,64.5199966430664,64.5199966430664,TMUS
2019-10-31,5090000,291.0,291.45001220703125,284.7799987792969,287.4100036621094,287.4100036621094,NFLX
2019-01-15,62785800,20.440000534057617,20.68000030517578,20.260000228881836,20.3799991607666,20.3799991607666,AMD
2019-06-10,26220900,191.80999755859375,195.3699951171875,191.6199951171875,192.5800018310547,190.3087615966797,AAPL
2019-01-07,18620100,302.1000061035156,316.79998779296875,301.6499938964844,315.3399963378906,315.3399963378906,NFLX
2018-03-06,4561700,1533.199951171875,1542.1300048828125,1528.0,1537.6400146484375,1537.6400146484375,AMZN
2019-10-24,2292500,137.6999969482422,138.11000061035156,136.7899932861328,137.88999938964844,134.96490478515625,PEP
2018-04-10,26812000,92.38999938964844,93.27999877929688,91.63999938964844,92.87999725341795,89.8952407836914,MSFT
2019-04-23,41777500,28.18000030517578,28.489999771118164,27.790000915527344,27.969999313354492,27.969999313354492,AMD
2018-08-01,23628700,106.02999877929688,106.4499969482422,105.41999816894533,106.27999877929688,103.31047821044922,MSFT
2018-01-03,29536000,38.720001220703125,39.279998779296875,38.529998779296875,39.16999816894531,36.355621337890625,CSCO
2019-12-09,9023100,336.5899963378906,344.45001220703125,335.0799865722656,339.5299987792969,339.5299987792969,TSLA
2019-11-25,7873900,308.8299865722656,315.7300109863281,305.25,315.54998779296875,315.54998779296875,NFLX
2018-03-27,6999600,1572.4000244140625,1575.969970703125,1482.3199462890625,1497.050048828125,1497.050048828125,AMZN
2019-10-28,51223600,33.15999984741211,33.90999984741211,33.150001525878906,33.689998626708984,33.689998626708984,AMD
2018-06-11,4432400,361.8800048828125,365.6700134277344,360.9100036621094,361.4500122070313,361.4500122070313,NFLX
2019-01-29,2787000,267.3500061035156,267.6000061035156,263.8299865722656,266.32000732421875,266.32000732421875,AVGO
2018-08-24,3602600,320.70001220703125,323.8500061035156,319.3999938964844,322.82000732421875,322.82000732421875,TSLA
2018-12-14,84713600,19.579999923706055,20.700000762939453,19.520000457763672,19.899999618530273,19.899999618530273,AMD
2018-10-11,3742400,231.97000122070312,235.6000061035156,227.19000244140625,228.8999938964844,228.8999938964844,AVGO
2018-10-15,3805700,105.1999969482422,106.6500015258789,105.16999816894533,105.62999725341795,100.31687927246094,PEP
2018-09-20,17007800,47.40999984741211,47.810001373291016,47.15999984741211,47.72999954223633,45.340457916259766,CSCO
2019-12-24,1220600,137.08999633789062,137.3800048828125,136.27000427246094,136.88999938964844,134.9246063232422,PEP
2019-06-25,25520600,57.060001373291016,57.20000076293945,56.0099983215332,56.08000183105469,54.39007186889648,CSCO
2019-02-14,6359200,113.0,113.0,111.87999725341795,112.58999633789062,107.7758331298828,PEP
2019-04-08,1389900,304.1400146484375,305.29998779296875,302.0,304.4800109863281,304.4800109863281,AVGO
2018-02-16,4472600,1457.3699951171875,1465.800048828125,1446.56005859375,1448.68994140625,1448.68994140625,AMZN
2019-11-25,2978200,78.73999786376953,78.87000274658203,77.58999633789062,78.0,78.0,TMUS
2018-04-30,5464100,1582.5,1596.0,1560.93994140625,1566.1300048828125,1566.1300048828125,AMZN
2018-12-12,23157200,47.91999816894531,48.20000076293945,47.36000061035156,47.41999816894531,45.35053253173828,CSCO
2018-04-04,4694200,107.77999877929688,110.7300033569336,107.23999786376952,110.18000030517578,102.8338394165039,PEP
2018-11-30,33665600,110.6999969482422,110.97000122070312,109.36000061035156,110.88999938964844,108.6739501953125,MSFT
2019-07-23,12692200,58.060001373291016,58.099998474121094,57.47999954223633,57.709999084472656,56.32417678833008,CSCO
2019-04-05,13817500,55.25,55.61000061035156,55.130001068115234,55.209999084472656,53.546287536621094,CSCO
2019-01-24,23164800,106.86000061035156,107.0,105.33999633789062,106.1999969482422,104.07766723632812,MSFT
2019-02-26,8582500,292.2200012207031,302.010009765625,288.7699890136719,297.8599853515625,297.8599853515625,TSLA
2019-10-04,16718800,47.25,47.630001068115234,46.95000076293945,47.52000045776367,46.73015213012695,CSCO
2018-04-09,29017700,169.8800048828125,173.08999633789062,169.85000610351562,170.0500030517578,164.88902282714844,AAPL
2018-06-13,9469800,346.7099914550781,347.20001220703125,339.79998779296875,344.7799987792969,344.7799987792969,TSLA
2019-03-25,27067100,116.55999755859376,118.01000213623048,116.31999969482422,117.66000366210938,115.80111694335938,MSFT
2019-12-02,35710200,39.31999969482422,39.40999984741211,38.439998626708984,38.72999954223633,38.72999954223633,AMD
2019-07-30,16846500,140.13999938964844,141.22000122070312,139.8000030517578,140.35000610351562,138.64393615722656,MSFT
2018-06-25,4397300,60.529998779296875,60.900001525878906,59.470001220703125,59.72999954223633,59.72999954223633,TMUS
2019-04-05,3640500,1829.0,1838.5799560546875,1825.18994140625,1837.280029296875,1837.280029296875,AMZN
2018-04-25,90578000,10.0600004196167,10.09000015258789,9.5600004196167,9.710000038146973,9.710000038146973,AMD
2019-07-30,3367900,131.33999633789062,132.0800018310547,130.22999572753906,130.47999572753906,126.83560180664062,PEP
2019-10-09,1632900,273.67999267578125,274.9100036621094,272.0199890136719,273.1499938964844,273.1499938964844,AVGO
2018-07-17,6996200,308.80999755859375,324.739990234375,308.5,322.69000244140625,322.69000244140625,TSLA
2018-02-26,30199800,94.4000015258789,95.4499969482422,94.25,95.41999816894533,92.35360717773438,MSFT
2018-08-16,28500400,211.75,213.80999755859375,211.47000122070312,213.32000732421875,208.3716583251953,AAPL
2018-03-09,3680600,112.2699966430664,112.56999969482422,111.63999938964844,112.54000091552734,105.03649139404295,PEP
2019-11-26,3181200,1779.9200439453125,1797.030029296875,1778.3499755859375,1796.93994140625,1796.93994140625,AMZN
2019-04-08,15116200,119.80999755859376,120.0199966430664,118.63999938964844,119.93000030517578,118.03523254394533,MSFT
2018-10-15,3014000,68.12000274658203,68.66000366210938,67.58000183105469,67.62000274658203,67.62000274658203,TMUS
2019-09-03,38029300,30.829999923706055,31.13999938964844,30.68000030517578,30.899999618530273,30.899999618530273,AMD
2018-09-12,5307700,228.1000061035156,230.8500061035156,222.8300018310547,229.88999938964844,229.88999938964844,AVGO
2018-11-15,8427300,1581.010009765625,1624.8199462890625,1546.510009765625,1619.43994140625,1619.43994140625,AMZN
2018-11-08,25644100,111.8000030517578,112.20999908447266,110.91000366210938,111.75,109.04566955566406,MSFT
2018-09-28,22929400,224.7899932861328,225.83999633789065,224.02000427246097,225.7400054931641,220.5035400390625,AAPL
2018-09-11,2807300,111.8499984741211,113.75,111.8499984741211,113.33000183105467,107.62957763671876,PEP
2019-01-14,2549800,248.11000061035156,251.5800018310547,245.8999938964844,250.8699951171875,250.8699951171875,AVGO
2019-01-08,6407700,110.13999938964844,110.8000030517578,109.41999816894533,110.58000183105467,105.85179138183594,PEP
2019-01-15,5366700,67.80999755859375,68.55999755859375,66.69999694824219,67.13999938964844,67.13999938964844,TMUS
2018-12-27,28404100,41.88999938964844,42.93000030517578,41.150001525878906,42.90999984741211,41.03736114501953,CSCO
2018-11-29,28123200,110.33000183105467,111.12000274658205,109.02999877929688,110.19000244140624,107.9879379272461,MSFT
2019-04-26,8432600,1929.0,1951.0,1898.0,1950.6300048828125,1950.6300048828125,AMZN
2019-05-17,4736600,1893.050048828125,1910.530029296875,1867.3299560546875,1869.0,1869.0,AMZN
2018-01-25,2712900,120.61000061035156,121.4499969482422,120.36000061035156,120.9000015258789,112.01128387451172,PEP
2019-11-12,1687500,314.0,316.3999938964844,313.260009765625,315.5299987792969,315.5299987792969,AVGO
2018-09-17,37195100,222.1499938964844,222.9499969482422,217.27000427246097,217.8800048828125,212.8258819580078,AAPL
2019-04-04,3623900,1820.6500244140625,1828.75,1804.199951171875,1818.8599853515625,1818.8599853515625,AMZN
2018-11-13,46882900,191.6300048828125,197.17999267578125,191.4499969482422,192.22999572753903,188.426025390625,AAPL
2019-08-28,17393300,134.8800048828125,135.75999450683594,133.5500030517578,135.55999755859375,134.3580780029297,MSFT
2019-10-21,5020300,258.3299865722656,259.5,250.17999267578125,253.5,253.5,TSLA
2018-01-24,2894300,64.58999633789062,65.33999633789062,64.55000305175781,65.0,65.0,TMUS
2019-07-22,2900000,1971.1400146484375,1989.0,1958.260009765625,1985.6300048828125,1985.6300048828125,AMZN
2018-07-30,6562300,1827.3299560546875,1829.5,1766.02001953125,1779.219970703125,1779.219970703125,AMZN
2018-11-14,3665500,68.66000366210938,69.22000122070312,67.55000305175781,68.12000274658203,68.12000274658203,TMUS
2018-08-29,6531800,1953.449951171875,1998.68994140625,1948.93994140625,1998.0999755859375,1998.0999755859375,AMZN
2019-02-20,7142100,304.4100036621094,306.29998779296875,299.0,302.55999755859375,302.55999755859375,TSLA
2019-09-12,4146900,136.74000549316406,138.2899932861328,136.74000549316406,137.2899932861328,134.3776397705078,PEP
2018-12-20,9991800,1484.0,1509.5,1432.68994140625,1460.8299560546875,1460.8299560546875,AMZN
2018-02-13,6855200,257.2900085449219,261.4100036621094,254.6999969482422,258.2699890136719,258.2699890136719,NFLX
2018-05-24,26649300,98.7300033569336,98.94000244140624,96.80999755859376,98.30999755859376,95.56316375732422,MSFT
2018-04-30,26172000,62.790000915527344,62.9900016784668,59.290000915527344,60.5099983215332,60.5099983215332,TMUS
2019-08-28,2419700,1755.0,1767.8599853515625,1744.050048828125,1764.25,1764.25,AMZN
2019-05-23,26547100,194.33999633789065,199.47000122070312,186.22000122070312,195.4900054931641,195.4900054931641,TSLA
2019-10-08,4074900,137.64999389648438,138.4499969482422,137.0800018310547,137.24000549316406,134.32872009277344,PEP
2019-07-22,10485600,57.459999084472656,58.0099983215332,57.369998931884766,57.72999954223633,56.34369659423828,CSCO
2018-03-14,29368400,180.32000732421875,180.52000427246097,177.80999755859375,178.44000244140625,173.02438354492188,AAPL
2018-03-08,3862600,1550.0,1554.8800048828125,1545.25,1551.8599853515625,1551.8599853515625,AMZN
2019-04-18,18332000,56.630001068115234,56.70000076293945,56.11000061035156,56.400001525878906,54.7004280090332,CSCO
2018-02-07,51608600,163.08999633789062,163.39999389648438,159.07000732421875,159.5399932861328,154.06982421875,AAPL
2019-06-04,21689300,52.47999954223633,53.63999938964844,52.40999984741211,53.22999954223633,51.625953674316406,CSCO
2018-07-27,7944300,224.0099945068359,229.2899932861328,220.07000732421875,221.0500030517578,221.0500030517578,AVGO
2018-10-30,65350900,103.66000366210938,104.37999725341795,100.11000061035156,103.7300033569336,101.2197494506836,MSFT
2018-11-23,54611300,18.61000061035156,19.829999923706055,18.559999465942383,19.3799991607666,19.3799991607666,AMD
2019-09-19,8461300,291.55999755859375,293.80999755859375,283.3999938964844,286.6000061035156,286.6000061035156,NFLX
2018-02-02,3348900,119.91000366210938,120.27999877929688,118.4000015258789,118.66999816894533,109.94523620605467,PEP
2018-10-29,14486000,337.4700012207031,347.1600036621094,326.5,334.8500061035156,334.8500061035156,TSLA
2019-11-06,18966100,256.7699890136719,257.489990234375,255.3699951171875,257.239990234375,255.17201232910156,AAPL
2019-11-14,65568900,45.560001373291016,46.0,44.599998474121094,44.90999984741211,44.16353225708008,CSCO
2019-03-08,5003300,115.83000183105467,116.26000213623048,114.26000213623048,115.2300033569336,111.1974105834961,PEP
2018-11-29,2814600,68.4000015258789,68.94000244140625,68.08000183105469,68.68000030517578,68.68000030517578,TMUS
2019-12-19,24592300,279.5,281.17999267578125,278.95001220703125,280.0199890136719,278.6028137207031,AAPL
2018-05-31,8270100,101.1500015258789,101.3000030517578,99.66000366210938,100.25,94.42644500732422,PEP
2019-08-02,40862100,205.52999877929688,206.42999267578125,201.6300048828125,204.02000427246097,201.6138458251953,AAPL
2019-01-09,22640000,43.869998931884766,43.869998931884766,43.16999816894531,43.31999969482422,41.750244140625,CSCO
2018-05-30,6256600,101.66000366210938,102.23999786376952,101.08999633789062,101.83000183105467,95.0405731201172,PEP
2019-06-20,5729100,282.510009765625,285.45001220703125,277.1600036621094,279.04998779296875,279.04998779296875,AVGO
2018-03-01,5373200,60.779998779296875,62.400001525878906,60.47999954223633,61.900001525878906,61.900001525878906,TMUS
2019-01-15,4508000,107.45999908447266,109.06999969482422,106.7300033569336,108.98999786376952,104.32976531982422,PEP
2019-08-08,5905900,311.0299987792969,316.3599853515625,306.6300048828125,315.8999938964844,315.8999938964844,NFLX
2018-01-31,4018100,119.83999633789062,120.75,119.51000213623048,120.3000030517578,111.45540618896484,PEP
2019-07-12,2197100,276.3800048828125,285.92999267578125,276.3800048828125,285.3900146484375,285.3900146484375,AVGO
2019-04-05,13038300,269.8599853515625,276.1000061035156,266.1099853515625,274.9599914550781,274.9599914550781,TSLA
2018-07-19,9241300,114.7699966430664,116.58999633789062,114.75,115.7699966430664,109.0448760986328,PEP
2018-12-31,33173800,101.29000091552734,102.4000015258789,100.44000244140624,101.56999969482422,99.54019165039062,MSFT
2018-01-02,25555900,170.16000366210938,172.3000030517578,169.25999450683594,172.25999450683594,166.3537139892578,AAPL
2019-09-12,27010000,137.85000610351562,138.4199981689453,136.8699951171875,137.52000427246094,136.30072021484375,MSFT
2019-05-23,22734200,54.90999984741211,55.0099983215332,53.939998626708984,54.189998626708984,52.55702209472656,CSCO
2018-10-18,4093700,108.4800033569336,109.3499984741211,107.5500030517578,107.93000030517578,102.5011978149414,PEP
2018-10-05,3386000,248.38999938964844,250.0500030517578,242.3999938964844,244.22999572753903,244.22999572753903,AVGO
2019-07-08,5854500,133.10000610351562,133.38999938964844,132.0399932861328,132.55999755859375,128.85751342773438,PEP
2018-03-08,3566200,332.8599853515625,333.29998779296875,326.2699890136719,329.1000061035156,329.1000061035156,TSLA
2019-05-24,2796300,262.70001220703125,265.739990234375,255.7400054931641,255.94000244140625,255.94000244140625,AVGO
2018-02-09,5150900,60.099998474121094,60.45000076293945,57.650001525878906,59.20000076293945,59.20000076293945,TMUS
2019-06-19,6575100,225.11000061035156,227.77000427246097,221.05999755859375,226.42999267578125,226.42999267578125,TSLA
2019-08-09,2698600,77.5999984741211,78.20999908447266,77.01000213623047,77.5199966430664,77.5199966430664,TMUS
2018-09-24,27693400,216.82000732421875,221.2599945068359,216.6300048828125,220.7899932861328,215.6683654785156,AAPL
2019-11-20,18660800,45.689998626708984,45.7400016784668,44.93000030517578,45.08000183105469,44.330711364746094,CSCO
2019-12-23,17718200,158.1199951171875,158.1199951171875,157.27000427246094,157.41000366210938,156.5452423095703,MSFT
2018-11-28,3272000,67.75,68.9800033569336,67.51000213623047,68.91999816894531,68.91999816894531,TMUS
2018-10-03,5562000,69.81999969482422,69.9800033569336,68.75,68.9800033569336,68.9800033569336,TMUS
2019-06-28,103123400,55.90999984741211,55.97999954223633,54.029998779296875,54.72999954223633,53.080753326416016,CSCO
2019-02-11,7129700,311.6000061035156,318.6000061035156,310.5,312.8399963378906,312.8399963378906,TSLA
2019-07-22,3390500,293.0,299.989990234375,292.239990234375,296.1499938964844,296.1499938964844,AVGO
2018-11-15,45983300,46.79999923706055,47.099998474121094,45.150001525878906,46.77000045776367,44.728904724121094,CSCO
2019-07-01,60525500,31.790000915527344,32.040000915527344,30.8700008392334,31.200000762939453,31.200000762939453,AMD
2019-09-24,12891500,241.52000427246097,241.9900054931641,222.61000061035156,223.2100067138672,223.2100067138672,TSLA
2019-01-28,2958100,67.87000274658203,68.48999786376953,67.05999755859375,67.62000274658203,67.62000274658203,TMUS
2018-04-02,10463600,1417.6199951171875,1421.3599853515625,1355.0,1371.989990234375,1371.989990234375,AMZN
2018-02-16,8312400,278.7300109863281,281.9599914550781,275.69000244140625,278.5199890136719,278.5199890136719,NFLX
2018-06-04,26266200,191.63999938964844,193.4199981689453,191.3500061035156,191.8300018310547,186.72528076171875,AAPL
2018-01-09,2602700,273.05999755859375,273.8500061035156,268.19000244140625,268.5,268.5,AVGO
2018-01-19,2996300,269.1499938964844,269.44000244140625,266.07000732421875,266.3900146484375,266.3900146484375,AVGO
2018-10-01,94742900,30.690000534057617,31.90999984741211,30.25,31.420000076293945,31.420000076293945,AMD
2018-06-12,18325200,101.0999984741211,101.4499969482422,100.75,101.30999755859376,98.4793472290039,MSFT
2019-10-18,3630400,137.27000427246094,137.3699951171875,136.22999572753906,136.25,133.35971069335938,PEP
2019-09-17,4013300,134.9600067138672,136.30999755859375,134.50999450683594,135.6999969482422,132.82138061523438,PEP
2019-07-22,22277900,203.6499938964844,207.22999572753903,203.61000061035156,207.22000122070312,204.7761077880859,AAPL
2019-03-11,5387300,352.0,358.9800109863281,350.0299987792969,358.8599853515625,358.8599853515625,NFLX
2018-05-10,49744500,11.979999542236328,12.18000030517578,11.949999809265137,12.130000114440918,12.130000114440918,AMD
2019-09-24,72963000,30.540000915527344,30.75,29.290000915527344,29.520000457763672,29.520000457763672,AMD
2019-03-25,10215000,259.7099914550781,263.17999267578125,254.4600067138672,260.4200134277344,260.4200134277344,TSLA
2019-11-22,2479100,1739.02001953125,1746.4300537109375,1731.0,1745.719970703125,1745.719970703125,AMZN
2019-03-07,9442500,278.8399963378906,284.70001220703125,274.25,276.5899963378906,276.5899963378906,TSLA
2019-09-12,8581200,247.6999969482422,253.5,244.3999938964844,245.8699951171875,245.8699951171875,TSLA
2019-03-27,5318500,122.45999908447266,123.19000244140624,121.19000244140624,121.88999938964844,117.62432098388672,PEP
2019-07-24,4669700,131.1999969482422,131.1999969482422,128.6199951171875,129.2100067138672,125.60108184814452,PEP
2018-03-23,5907000,243.3800048828125,245.22000122070312,240.41000366210935,242.47999572753903,242.47999572753903,AVGO
2018-03-15,23520400,45.29999923706055,45.7400016784668,45.119998931884766,45.33000183105469,42.3868522644043,CSCO
2018-08-16,2923900,207.77000427246097,208.86000061035156,206.69000244140625,208.69000244140625,208.69000244140625,AVGO
2018-05-17,17246700,96.76000213623048,97.54000091552734,95.83000183105467,96.18000030517578,93.49267578125,MSFT
2018-05-11,43863700,11.890000343322754,12.029999732971191,11.6899995803833,11.949999809265137,11.949999809265137,AMD
2019-07-03,2859200,132.97999572753906,134.08999633789062,132.77000427246094,133.99000549316406,130.24755859375,PEP
2019-11-11,19590400,48.0099983215332,48.470001220703125,47.560001373291016,48.099998474121094,47.300514221191406,CSCO
2019-02-04,3665000,112.20999908447266,113.4000015258789,111.8499984741211,113.08999633789062,108.25447082519533,PEP
2018-05-18,54063400,13.0600004196167,13.260000228881836,12.90999984741211,13.0,13.0,AMD
2018-08-13,2984200,211.6499938964844,213.97999572753903,210.4499969482422,211.0800018310547,211.0800018310547,AVGO
2018-12-12,36183000,110.88999938964844,111.2699966430664,109.04000091552734,109.08000183105467,106.90011596679688,MSFT
2018-04-04,30117600,40.38999938964844,41.54999923706055,40.189998626708984,41.20000076293945,38.83469772338867,CSCO
2018-06-05,56122700,14.850000381469728,14.920000076293944,14.630000114440918,14.850000381469728,14.850000381469728,AMD
2018-08-21,1973900,65.7699966430664,66.63999938964844,65.7699966430664,66.51000213623047,66.51000213623047,TMUS
2018-07-09,7866400,109.12999725341795,109.3000030517578,107.5199966430664,107.76000213623048,101.5001983642578,PEP
2019-08-07,24128600,51.83000183105469,52.4900016784668,51.209999084472656,52.34000015258789,51.0831298828125,CSCO
2019-12-27,6186600,1882.9200439453125,1901.4000244140625,1866.010009765625,1869.800048828125,1869.800048828125,AMZN
2018-11-15,4045700,116.43000030517578,116.98999786376952,115.5999984741211,116.8000030517578,110.92505645751952,PEP
2019-01-18,6020500,1712.0,1716.199951171875,1691.5400390625,1696.199951171875,1696.199951171875,AMZN
2019-10-31,4492300,136.8000030517578,137.52999877929688,136.10000610351562,137.1699981689453,134.2601776123047,PEP
2019-02-19,57517900,23.6299991607666,24.40999984741211,23.61000061035156,23.950000762939453,23.950000762939453,AMD
2019-10-07,14625200,47.470001220703125,48.130001068115234,47.31999969482422,47.77000045776367,46.97599792480469,CSCO
2019-01-09,13343200,317.7099914550781,323.3500061035156,313.5,319.9599914550781,319.9599914550781,NFLX
2018-08-15,27902200,43.65999984741211,44.5,43.0099983215332,43.86000061035156,41.66421127319336,CSCO
2019-12-03,3380900,1760.0,1772.8699951171875,1747.22998046875,1769.9599609375,1769.9599609375,AMZN
2019-12-19,45883000,42.630001068115234,43.34000015258789,42.599998474121094,42.83000183105469,42.83000183105469,AMD
2019-02-08,5657500,1586.0,1588.5899658203125,1566.760009765625,1588.219970703125,1588.219970703125,AMZN
2019-01-04,5424800,234.2899932861328,236.4499969482422,231.6699981689453,233.22999572753903,233.22999572753903,AVGO
2019-02-04,7352100,312.9800109863281,315.29998779296875,301.8800048828125,312.8900146484375,312.8900146484375,TSLA
2019-11-27,15184400,152.3300018310547,152.5,151.52000427246094,152.32000732421875,151.4832000732422,MSFT
2019-05-16,7483300,229.4900054931641,231.0,226.5,228.3300018310547,228.3300018310547,TSLA
2018-10-01,3460500,2021.989990234375,2033.18994140625,2003.5999755859375,2004.3599853515625,2004.3599853515625,AMZN
2018-04-02,16114000,256.260009765625,260.3299865722656,244.58999633789065,252.47999572753903,252.47999572753903,TSLA
2018-08-28,19147300,46.779998779296875,47.27000045776367,46.619998931884766,46.95000076293945,44.59951400756836,CSCO
2019-01-15,21181200,349.6000061035156,357.2200012207031,347.0,354.6400146484375,354.6400146484375,NFLX
2018-06-05,5995200,297.70001220703125,297.79998779296875,286.739990234375,291.1300048828125,291.1300048828125,TSLA
2018-08-01,10129400,297.989990234375,303.0,293.0,300.8399963378906,300.8399963378906,TSLA
2019-09-26,11884500,230.66000366210935,243.30999755859375,227.3999938964844,242.55999755859375,242.55999755859375,TSLA
2018-04-05,29331600,41.5,42.02000045776367,41.380001068115234,41.81999969482422,39.41910171508789,CSCO
2018-09-06,4808300,112.0,113.52999877929688,111.44000244140624,113.5,107.7910385131836,PEP
2018-11-19,44773900,108.2699966430664,108.55999755859376,103.5500030517578,104.62000274658205,102.5292510986328,MSFT
2018-04-30,42427400,162.1300048828125,167.25999450683594,161.83999633789062,165.25999450683594,160.24440002441406,AAPL
2018-10-12,3258900,234.7599945068359,235.6699981689453,229.11000061035156,232.9499969482422,232.9499969482422,AVGO
2019-06-05,5084200,129.22000122070312,131.60000610351562,128.86000061035156,131.38999938964844,126.79186248779295,PEP
2018-06-15,77612200,16.059999465942383,16.520000457763672,15.81999969482422,16.34000015258789,16.34000015258789,AMD
2019-03-14,30763400,114.54000091552734,115.1999969482422,114.33000183105467,114.58999633789062,112.77960205078124,MSFT
2018-09-07,37619800,221.8500061035156,225.3699951171875,220.7100067138672,221.3000030517578,216.1665496826172,AAPL
2019-01-16,15385500,354.0,358.8500061035156,348.1099853515625,351.3900146484375,351.3900146484375,NFLX
2019-02-01,9827800,337.17999267578125,346.8399963378906,336.5,339.8500061035156,339.8500061035156,NFLX
2019-03-22,8745600,272.5799865722656,272.79998779296875,264.0,264.5299987792969,264.5299987792969,TSLA
2019-02-28,28215400,174.32000732421875,174.91000366210938,172.9199981689453,173.14999389648438,170.45150756835938,AAPL
2018-07-20,27559700,115.75,116.79000091552734,115.22000122070312,116.01000213623048,109.27094268798828,PEP
2019-09-10,4883700,230.8000030517578,235.5399932861328,228.94000244140625,235.5399932861328,235.5399932861328,TSLA
2019-08-27,53229200,30.600000381469727,30.88999938964844,29.600000381469727,30.200000762939453,30.200000762939453,AMD
2019-02-19,4168400,306.55999755859375,311.5400085449219,305.4700012207031,305.6400146484375,305.6400146484375,TSLA
2019-10-11,3255000,1742.9200439453125,1745.449951171875,1729.8599853515625,1731.9200439453125,1731.9200439453125,AMZN
2018-05-29,28671000,97.83999633789062,98.87999725341795,97.2300033569336,98.01000213623048,95.27153778076172,MSFT
2018-10-09,2467500,240.58999633789065,245.72999572753903,240.3699951171875,244.6999969482422,244.6999969482422,AVGO
2019-04-25,38033900,130.05999755859375,131.3699951171875,128.8300018310547,129.14999389648438,127.1095733642578,MSFT
2019-03-27,4989700,73.38999938964844,73.79000091552734,71.95999908447266,72.23999786376953,72.23999786376953,TMUS
2019-08-07,4776500,226.5,233.57000732421875,225.8000030517578,233.4199981689453,233.4199981689453,TSLA
2018-08-01,75495200,18.34000015258789,18.950000762939453,18.31999969482422,18.479999542236328,18.479999542236328,AMD
2018-09-20,7349400,303.55999755859375,305.9800109863281,293.3299865722656,298.3299865722656,298.3299865722656,TSLA
2018-12-17,5623800,253.9900054931641,261.32000732421875,253.0800018310547,254.1300048828125,254.1300048828125,AVGO
2018-05-24,18377500,43.599998474121094,43.970001220703125,43.0099983215332,43.56999969482422,41.068634033203125,CSCO
2018-05-22,1921800,240.2400054931641,241.3699951171875,237.5800018310547,238.4900054931641,238.4900054931641,AVGO
2019-01-04,111878600,17.549999237060547,19.06999969482422,17.43000030517578,19.0,19.0,AMD
2019-05-02,5398200,378.0,383.5,374.510009765625,379.05999755859375,379.05999755859375,NFLX
2018-04-26,4356000,278.75,285.7900085449219,276.5,285.4800109863281,285.4800109863281,TSLA
2018-08-02,7131300,337.2300109863281,345.0,334.7099914550781,344.5,344.5,NFLX
2018-08-28,2434000,214.6300048828125,215.9600067138672,212.57000732421875,214.42999267578125,214.42999267578125,AVGO
2019-04-15,8842300,350.7099914550781,352.2099914550781,342.2699890136719,348.8699951171875,348.8699951171875,NFLX
2018-09-18,31571700,217.7899932861328,221.8500061035156,217.1199951171875,218.2400054931641,213.17752075195312,AAPL
2019-09-03,5354100,224.0800018310547,228.9499969482422,223.16000366210935,225.0099945068359,225.0099945068359,TSLA
2019-02-22,2722500,279.95001220703125,280.0,274.6600036621094,276.5,276.5,AVGO
2019-04-12,3008700,311.3500061035156,317.44000244140625,310.57000732421875,317.0299987792969,317.0299987792969,AVGO
2019-07-17,9764700,255.6699981689453,258.30999755859375,253.3500061035156,254.86000061035156,254.86000061035156,TSLA
2018-11-30,8051100,118.12999725341795,122.0,118.12999725341795,121.94000244140624,115.80651092529295,PEP
2019-08-13,25154600,136.0500030517578,138.8000030517578,135.0,138.60000610351562,136.91522216796875,MSFT
2019-08-13,21499500,51.470001220703125,53.06999969482422,51.20000076293945,52.720001220703125,51.454002380371094,CSCO
2019-05-30,3146900,1825.489990234375,1829.469970703125,1807.8299560546875,1816.3199462890625,1816.3199462890625,AMZN
2019-09-10,4175000,135.74000549316406,136.50999450683594,134.67999267578125,135.86000061035156,132.9779815673828,PEP
2018-05-15,9519200,285.010009765625,286.9599914550781,280.5,284.17999267578125,284.17999267578125,TSLA
2018-10-22,28792100,219.7899932861328,223.36000061035156,218.94000244140625,220.6499938964844,215.53160095214844,AAPL
2019-09-13,23363100,137.77999877929688,138.05999755859375,136.57000732421875,137.32000732421875,136.10247802734375,MSFT
2018-11-08,6534900,1755.0,1784.0,1725.1099853515625,1754.9100341796875,1754.9100341796875,AMZN
2018-08-22,1750200,66.27999877929688,66.41000366210938,65.5199966430664,65.80999755859375,65.80999755859375,TMUS
2019-11-19,23935700,150.8800048828125,151.3300018310547,150.1999969482422,150.38999938964844,149.0565948486328,MSFT
2018-06-28,3323800,246.27999877929688,247.32000732421875,242.27000427246097,244.8999938964844,244.8999938964844,AVGO
2019-04-25,3365800,72.69999694824219,73.58000183105469,72.51000213623047,72.70999908447266,72.70999908447266,TMUS
2018-07-23,15989400,190.67999267578125,191.9600067138672,189.55999755859375,191.61000061035156,186.5111083984375,AAPL
2018-08-16,21384300,108.3000030517578,108.86000061035156,107.3000030517578,107.63999938964844,105.0351333618164,MSFT
2018-03-20,65116900,11.40999984741211,11.520000457763672,11.0,11.109999656677246,11.109999656677246,AMD
2018-07-13,5869800,315.5799865722656,319.5799865722656,309.25,318.8699951171875,318.8699951171875,TSLA
2019-12-20,5150800,1799.6199951171875,1802.969970703125,1782.449951171875,1786.5,1786.5,AMZN
2019-07-12,4481200,134.0,134.42999267578125,132.61000061035156,133.27999877929688,129.55740356445312,PEP
2019-05-02,3962900,1913.3299560546875,1921.550048828125,1881.8699951171875,1900.8199462890625,1900.8199462890625,AMZN
2019-10-21,2899400,81.7699966430664,82.52999877929688,81.70999908447266,82.08999633789062,82.08999633789062,TMUS
2019-01-09,8521300,110.33000183105467,110.87000274658205,107.48999786376952,107.48999786376952,102.89391326904295,PEP
2019-05-21,4005100,1874.7900390625,1879.0,1846.0,1857.52001953125,1857.52001953125,AMZN
2018-12-04,30802700,48.70000076293945,49.13999938964844,47.25,47.349998474121094,45.28358459472656,CSCO
2019-05-21,18003900,197.7599945068359,207.3999938964844,196.0399932861328,205.0800018310547,205.0800018310547,TSLA
2019-05-30,7926500,188.75,192.2599945068359,187.02000427246097,188.22000122070312,188.22000122070312,TSLA
2019-09-27,3373400,79.05999755859375,79.1500015258789,76.7699966430664,77.55999755859375,77.55999755859375,TMUS
2018-03-29,3829500,110.12000274658205,110.66000366210938,108.97000122070312,109.1500015258789,101.87252807617188,PEP
2019-11-04,8787000,314.79998779296875,321.94000244140625,309.260009765625,317.4700012207031,317.4700012207031,TSLA
2019-07-31,17441200,56.33000183105469,56.83000183105469,54.900001525878906,55.400001525878906,54.06964874267578,CSCO
2018-11-08,2979600,232.7100067138672,242.6199951171875,232.7100067138672,240.25,240.25,AVGO
2018-07-25,3738200,1829.300048828125,1863.8399658203125,1822.6400146484375,1863.6099853515625,1863.6099853515625,AMZN
2019-09-09,27309400,214.83999633789065,216.44000244140625,211.07000732421875,214.1699981689453,212.44827270507812,AAPL
2018-06-15,65738600,101.51000213623048,101.52999877929688,100.06999969482422,100.12999725341795,97.33230590820312,MSFT
2019-08-30,23940100,139.14999389648438,139.17999267578125,136.27000427246094,137.86000061035156,136.63771057128906,MSFT
2018-05-09,5059200,55.900001525878906,56.43000030517578,55.56999969482422,56.31999969482422,56.31999969482422,TMUS
2018-04-13,2670000,63.130001068115234,63.20000076293945,61.790000915527344,61.95000076293945,61.95000076293945,TMUS
2018-05-11,2774300,57.04999923706055,57.34000015258789,56.2400016784668,56.38999938964844,56.38999938964844,TMUS
2019-08-22,6559000,222.8000030517578,225.3999938964844,218.22000122070312,222.1499938964844,222.1499938964844,TSLA
2019-12-17,10427100,307.3599853515625,316.79998779296875,306.6000061035156,315.4800109863281,315.4800109863281,NFLX
2018-11-13,5933300,1649.2900390625,1677.06005859375,1613.75,1631.1700439453125,1631.1700439453125,AMZN
2019-01-31,5816100,68.41000366210938,70.12000274658203,68.02999877929688,69.62000274658203,69.62000274658203,TMUS
2018-10-11,8167700,257.5299987792969,262.25,249.02999877929688,252.22999572753903,252.22999572753903,TSLA
2019-05-23,36529700,179.8000030517578,180.5399932861328,177.80999755859375,179.66000366210938,177.5411376953125,AAPL
2018-10-30,12460100,1486.1600341796875,1540.989990234375,1476.3599853515625,1530.4200439453125,1530.4200439453125,AMZN
2018-07-25,9227100,217.7100067138672,228.6499938964844,217.7100067138672,225.97000122070312,225.97000122070312,AVGO
2019-08-01,6199400,128.9600067138672,129.39999389648438,126.7699966430664,127.13999938964844,123.5888900756836,PEP
2018-10-31,110463700,17.8700008392334,18.34000015258789,17.1200008392334,18.209999084472656,18.209999084472656,AMD
2018-07-03,14670300,100.4800033569336,100.62999725341795,98.94000244140624,99.0500030517578,96.2824935913086,MSFT
2018-01-30,4945200,119.68000030517578,121.1999969482422,119.5,119.88999938964844,111.0755386352539,PEP
2019-10-09,6794400,270.0199890136719,271.0,264.57000732421875,267.5299987792969,267.5299987792969,NFLX
2018-05-29,22514100,187.6000061035156,188.75,186.8699951171875,187.8999938964844,182.89987182617188,AAPL
2018-05-14,20778800,189.0099945068359,189.52999877929688,187.86000061035156,188.1499938964844,183.14320373535156,AAPL
2018-10-17,32610900,378.3299865722656,380.0,356.5,364.7000122070313,364.7000122070313,NFLX
2019-08-01,80878900,30.5,31.479999542236328,29.100000381469727,29.86000061035156,29.86000061035156,AMD
2019-03-05,3785400,115.9800033569336,116.81999969482422,115.66000366210938,116.02999877929688,111.96939849853516,PEP
2019-03-04,17096800,298.1199951171875,299.0,282.7799987792969,285.3599853515625,285.3599853515625,TSLA
2019-07-11,4317800,2025.6199951171875,2035.800048828125,1995.300048828125,2001.0699462890625,2001.0699462890625,AMZN
2019-11-13,8420100,355.0,356.3299865722656,345.17999267578125,346.1099853515625,346.1099853515625,TSLA
2019-10-08,2542000,1722.489990234375,1727.0,1705.0,1705.510009765625,1705.510009765625,AMZN
2018-11-23,23624000,174.94000244140625,176.60000610351562,172.10000610351562,172.2899932861328,168.88059997558594,AAPL
2019-10-29,20589500,144.0800018310547,144.5,142.64999389648438,142.8300018310547,141.56362915039062,MSFT
2018-09-21,11930600,366.5899963378906,372.2200012207031,360.739990234375,361.19000244140625,361.19000244140625,NFLX
2019-01-24,17360600,45.630001068115234,45.75,45.22999954223633,45.61000061035156,43.95726776123047,CSCO
2019-09-10,2085000,291.3500061035156,294.45001220703125,288.82000732421875,294.44000244140625,294.44000244140625,AVGO
2018-07-18,1916800,61.41999816894531,61.4900016784668,60.4900016784668,60.52000045776367,60.52000045776367,TMUS
2019-08-23,4239500,132.4499969482422,133.35000610351562,129.5399932861328,130.27000427246094,126.63147735595705,PEP
2018-11-05,2743100,68.95999908447266,69.66999816894531,68.56999969482422,68.88999938964844,68.88999938964844,TMUS
2018-08-10,11552000,354.0,360.0,346.0,355.489990234375,355.489990234375,TSLA
2019-12-13,2745700,1765.0,1768.989990234375,1755.0,1760.93994140625,1760.93994140625,AMZN
2018-01-24,26696200,42.20000076293945,42.689998626708984,42.0099983215332,42.16999816894531,39.4320182800293,CSCO
2018-01-24,51105100,177.25,177.3000030517578,173.1999969482422,174.22000122070312,168.24652099609375,AAPL
2018-05-01,43441600,10.829999923706056,11.149999618530272,10.770000457763672,11.130000114440918,11.130000114440918,AMD
2018-01-11,3685200,117.63999938964844,117.8499984741211,116.37999725341795,116.87999725341795,108.2868423461914,PEP
2018-06-18,4088300,59.650001525878906,60.470001220703125,59.22999954223633,60.36000061035156,60.36000061035156,TMUS
2018-10-25,61646800,106.5500030517578,109.2699966430664,106.1500015258789,108.3000030517578,105.6791763305664,MSFT
2019-06-28,31110600,198.67999267578125,199.5,197.0500030517578,197.9199981689453,195.5857696533203,AAPL
2018-08-22,2689000,210.4499969482422,211.7100067138672,207.42999267578125,207.5399932861328,207.5399932861328,AVGO
2019-02-15,3904900,304.5,308.0,303.8999938964844,307.8800048828125,307.8800048828125,TSLA
2019-04-15,4419800,122.44000244140624,124.0,122.36000061035156,123.66000366210938,119.33238220214844,PEP
2018-09-25,4538400,1942.9000244140625,1975.9100341796875,1938.8499755859375,1974.550048828125,1974.550048828125,AMZN
2019-04-05,18526600,196.4499969482422,197.1000061035156,195.92999267578125,197.0,193.92979431152344,AAPL
2019-07-10,19362600,56.689998626708984,57.650001525878906,56.599998474121094,57.130001068115234,55.75810623168945,CSCO
2019-09-27,11116400,242.1999969482422,248.7100067138672,238.72999572753903,242.1300048828125,242.1300048828125,TSLA
2019-10-23,15647100,47.470001220703125,47.70000076293945,46.84000015258789,47.04999923706055,46.26796340942383,CSCO
2019-09-27,22477700,140.14999389648438,140.36000061035156,136.64999389648438,137.72999572753906,136.5088348388672,MSFT
2018-08-15,4113200,205.1300048828125,207.5800018310547,202.77000427246097,206.5800018310547,206.5800018310547,AVGO
2019-02-28,3025900,1635.25,1651.77001953125,1633.8299560546875,1639.8299560546875,1639.8299560546875,AMZN
2018-03-15,5642900,323.1700134277344,323.3999938964844,318.1400146484375,321.0899963378906,321.0899963378906,NFLX
2018-07-11,3209800,1737.989990234375,1756.9599609375,1734.0,1755.0,1755.0,AMZN
2019-09-06,51673000,31.5,31.510000228881836,30.479999542236328,30.559999465942383,30.559999465942383,AMD
2018-06-06,5473200,1704.510009765625,1714.5,1686.469970703125,1695.75,1695.75,AMZN
2019-02-13,4742400,69.61000061035156,69.95999908447266,68.86000061035156,69.06999969482422,69.06999969482422,TMUS
2019-07-26,19037600,140.3699951171875,141.67999267578125,140.3000030517578,141.33999633789062,139.6219024658203,MSFT
2019-09-18,7811100,294.989990234375,296.04998779296875,287.45001220703125,291.55999755859375,291.55999755859375,NFLX
2018-11-16,4484300,117.0500030517578,118.4800033569336,116.83999633789062,118.3499984741211,112.39708709716795,PEP
2018-06-08,22165100,101.08999633789062,101.9499969482422,100.54000091552734,101.62999725341795,98.79039764404295,MSFT
2018-06-12,2759400,260.3299865722656,261.7300109863281,258.3999938964844,261.42999267578125,261.42999267578125,AVGO
2019-05-10,82930100,27.030000686645508,28.100000381469727,26.93000030517578,27.959999084472656,27.959999084472656,AMD
2018-03-01,6885600,345.010009765625,348.6700134277344,330.07000732421875,330.92999267578125,330.92999267578125,TSLA
2019-07-08,3429100,280.0,281.19000244140625,274.3900146484375,274.9599914550781,274.9599914550781,AVGO
2018-10-25,10285700,1703.3399658203125,1794.81005859375,1692.010009765625,1782.1700439453125,1782.1700439453125,AMZN
2018-08-21,26159800,216.8000030517578,217.19000244140625,214.02999877929688,215.0399932861328,210.05172729492188,AAPL
2018-09-25,6799800,370.2300109863281,371.3399963378906,364.489990234375,369.4299926757813,369.4299926757813,NFLX
2019-06-24,17794100,57.25,57.290000915527344,56.689998626708984,57.18000030517578,55.4569206237793,CSCO
2019-02-21,8909200,301.80999755859375,303.239990234375,290.5,291.2300109863281,291.2300109863281,TSLA
2019-01-03,29606700,42.29999923706055,42.40999984741211,40.959999084472656,41.06999969482422,39.58177947998047,CSCO
2019-03-29,5991300,278.70001220703125,280.1600036621094,274.5,279.8599853515625,279.8599853515625,TSLA
2019-02-20,4476900,72.45999908447266,73.08000183105469,72.16999816894531,72.75,72.75,TMUS
2019-01-29,7655200,335.8699951171875,338.2200012207031,328.1499938964844,328.8999938964844,328.8999938964844,NFLX
2018-09-27,87934400,31.86000061035156,32.630001068115234,31.38999938964844,32.59000015258789,32.59000015258789,AMD
2018-07-10,15939100,190.7100067138672,191.27999877929688,190.17999267578125,190.3500061035156,185.28469848632812,AAPL
2019-05-24,3831000,355.4100036621094,359.44000244140625,353.7900085449219,354.3900146484375,354.3900146484375,NFLX
2018-04-19,6320200,106.70999908447266,106.94000244140624,105.08000183105467,105.56999969482422,98.53121185302734,PEP
2018-03-13,6531900,1615.9599609375,1617.5400390625,1578.010009765625,1588.1800537109375,1588.1800537109375,AMZN
2018-08-16,6689700,329.8999938964844,331.1700134277344,321.2099914550781,322.44000244140625,322.44000244140625,NFLX
2018-04-12,3135000,1439.5,1452.1199951171875,1435.06005859375,1448.5,1448.5,AMZN
2019-09-17,4777100,294.5,299.1499938964844,291.7900085449219,298.6000061035156,298.6000061035156,NFLX
2018-09-13,8366100,371.9100036621094,374.0899963378906,366.8399963378906,368.1499938964844,368.1499938964844,NFLX
2019-05-06,17025900,53.86000061035156,54.7599983215332,53.560001373291016,54.59000015258789,52.94497299194336,CSCO
2018-06-05,21566000,193.07000732421875,193.94000244140625,192.36000061035156,193.30999755859375,188.16587829589844,AAPL
2019-12-31,31673200,45.06999969482422,46.09000015258789,44.91999816894531,45.86000061035156,45.86000061035156,AMD
2019-08-14,36547400,203.16000366210935,206.44000244140625,202.58999633789065,202.75,201.1200714111328,AAPL
2018-05-03,34068200,175.8800048828125,177.5,174.44000244140625,176.88999938964844,171.52142333984375,AAPL
2019-04-02,17264000,55.0,55.40999984741211,54.970001220703125,55.290000915527344,53.2864990234375,CSCO
2018-09-12,18891100,111.43000030517578,111.8499984741211,110.51000213623048,111.70999908447266,109.0066375732422,MSFT
2018-10-18,5874000,1821.489990234375,1830.1500244140625,1767.8699951171875,1770.719970703125,1770.719970703125,AMZN
2019-02-21,4561200,72.56999969482422,73.76000213623047,72.38999938964844,73.41000366210938,73.41000366210938,TMUS
2019-12-11,18856600,151.5399932861328,151.8699951171875,150.3300018310547,151.6999969482422,150.86659240722656,MSFT
2019-03-15,14406600,286.4599914550781,299.54998779296875,283.5,290.2900085449219,290.2900085449219,AVGO
2019-10-21,21811800,237.52000427246097,240.9900054931641,237.32000732421875,240.5099945068359,238.57650756835935,AAPL
2019-01-11,4686200,1640.550048828125,1660.2900390625,1636.219970703125,1640.56005859375,1640.56005859375,AMZN
2018-08-01,21650000,41.9900016784668,42.34000015258789,41.33000183105469,41.86000061035156,39.76433944702149,CSCO
2018-01-18,3031900,265.4599914550781,270.05999755859375,264.4800109863281,269.79998779296875,269.79998779296875,AVGO
2018-01-02,2694500,1172.0,1190.0,1170.510009765625,1189.010009765625,1189.010009765625,AMZN
2019-08-27,5416200,215.7400054931641,218.8000030517578,212.02999877929688,214.0800018310547,214.0800018310547,TSLA
2019-03-21,8544000,374.0,379.0,370.6099853515625,377.8699951171875,377.8699951171875,NFLX
2018-04-18,11221100,336.29998779296875,338.82000732421875,331.1000061035156,334.5199890136719,334.5199890136719,NFLX
2019-10-10,40660100,28.520000457763672,28.88999938964844,28.0,28.3799991607666,28.3799991607666,AMD
2019-02-15,9230000,358.4700012207031,364.3999938964844,355.5,356.8699951171875,356.8699951171875,NFLX
2018-01-17,7103500,340.4700012207031,349.0,339.75,347.1600036621094,347.1600036621094,TSLA
2018-07-12,4532700,1764.510009765625,1798.0,1762.1800537109375,1796.6199951171875,1796.6199951171875,AMZN
2019-06-14,5019000,341.6300048828125,343.3999938964844,336.1600036621094,339.7300109863281,339.7300109863281,NFLX
2018-04-02,2595100,60.400001525878906,60.83000183105469,59.290000915527344,59.619998931884766,59.619998931884766,TMUS
2019-03-01,4974900,1655.1300048828125,1674.260009765625,1651.0,1671.72998046875,1671.72998046875,AMZN
2018-01-09,3661300,1256.9000244140625,1259.3299560546875,1241.760009765625,1252.699951171875,1252.699951171875,AMZN
2019-04-12,19745100,120.63999938964844,120.9800033569336,120.37000274658205,120.9499969482422,119.03912353515624,MSFT
2018-03-13,23411200,45.779998779296875,46.15999984741211,44.91999816894531,45.15999984741211,42.227882385253906,CSCO
2018-03-23,31759200,43.709999084472656,43.84000015258789,42.41999816894531,42.41999816894531,39.66578674316406,CSCO
2018-04-16,15807900,43.119998931884766,43.63999938964844,43.029998779296875,43.29999923706055,40.81413650512695,CSCO
2018-04-05,3275700,110.43000030517578,111.18000030517578,109.75,110.56999969482422,103.19783782958984,PEP
2019-08-06,5564200,231.8800048828125,232.5,225.75,230.75,230.75,TSLA
2019-03-18,34731800,23.299999237060547,23.6200008392334,23.040000915527344,23.25,23.25,AMD
2018-01-08,22113000,88.19999694824219,88.58000183105469,87.5999984741211,88.27999877929688,85.04357147216797,MSFT
2018-04-24,13893200,319.2200012207031,320.25,302.30999755859375,307.0199890136719,307.0199890136719,NFLX
2019-10-15,3111700,1742.1400146484375,1776.449951171875,1740.6199951171875,1767.3800048828125,1767.3800048828125,AMZN
2019-11-29,2465600,331.1099853515625,331.260009765625,327.5,329.94000244140625,329.94000244140625,TSLA
2019-12-13,3557900,136.92999267578125,138.25,136.19000244140625,137.94000244140625,135.95953369140625,PEP
2018-01-24,33277500,92.5500030517578,93.43000030517578,91.58000183105467,91.81999969482422,88.45378875732422,MSFT
2019-09-30,3705200,136.07000732421875,137.72999572753906,135.8699951171875,137.10000610351562,134.19166564941406,PEP
2019-05-21,18562300,56.68000030517578,56.75,56.130001068115234,56.52000045776367,54.81681060791016,CSCO
2018-07-03,32094000,15.210000038146973,15.34000015258789,14.960000038146973,15.0,15.0,AMD
2018-03-02,28848100,43.290000915527344,44.220001220703125,43.099998474121094,44.060001373291016,41.19930648803711,CSCO
2018-03-26,3395300,60.70000076293945,61.630001068115234,60.18000030517578,61.38999938964844,61.38999938964844,TMUS
2019-01-30,2872700,270.0,273.75,267.3699951171875,270.82000732421875,270.82000732421875,AVGO
2019-04-23,18796600,56.43000030517578,56.70000076293945,56.20000076293945,56.689998626708984,54.981689453125,CSCO
2019-02-06,5038500,319.5899963378906,324.239990234375,315.6199951171875,317.2200012207031,317.2200012207031,TSLA
2019-10-04,5278700,137.83999633789062,140.4499969482422,137.6199951171875,140.27999877929688,137.30421447753906,PEP
2018-07-17,58410400,346.95001220703125,385.0,344.0,379.4800109863281,379.4800109863281,NFLX
2019-08-06,20708400,51.95000076293945,52.72999954223633,51.599998474121094,52.599998474121094,51.336883544921875,CSCO
2018-04-11,7482900,300.739990234375,308.9800109863281,299.6600036621094,300.92999267578125,300.92999267578125,TSLA
2019-04-25,4433700,125.6500015258789,126.4000015258789,125.18000030517578,126.12999725341795,121.7159423828125,PEP
2019-06-25,53680900,29.260000228881836,29.719999313354492,28.799999237060547,28.86000061035156,28.86000061035156,AMD
2019-05-16,3423300,299.75,303.1000061035156,294.70001220703125,297.2900085449219,297.2900085449219,AVGO
2019-07-02,3233300,132.08999633789062,132.64999389648438,131.35000610351562,132.42999267578125,128.7311248779297,PEP
2019-09-24,29773200,140.36000061035156,140.69000244140625,136.8800048828125,137.3800048828125,136.16195678710938,MSFT
2019-11-08,4509000,288.7300109863281,293.989990234375,287.510009765625,291.57000732421875,291.57000732421875,NFLX
2018-12-20,9071900,327.04998779296875,330.2900085449219,311.8699951171875,315.3800048828125,315.3800048828125,TSLA
2019-04-03,3077500,69.81999969482422,70.0199966430664,68.69999694824219,69.0,69.0,TMUS
2018-01-09,62560900,12.0,12.020000457763672,11.710000038146973,11.81999969482422,11.81999969482422,AMD
2019-07-23,18355200,208.4600067138672,208.91000366210935,207.2899932861328,208.83999633789065,206.37698364257812,AAPL
2019-12-18,29007100,279.79998779296875,281.8999938964844,279.1199951171875,279.739990234375,278.3242492675781,AAPL
2018-06-19,33578500,185.13999938964844,186.3300018310547,183.4499969482422,185.69000244140625,180.74867248535156,AAPL
2018-05-29,8302600,100.0,101.29000091552734,100.0,101.0999984741211,94.35924530029295,PEP
2018-04-12,26758900,92.43000030517578,94.16000366210938,92.43000030517578,93.58000183105467,90.57273864746094,MSFT
2018-11-07,4219600,115.4499969482422,115.7699966430664,114.44000244140624,115.61000061035156,109.7948989868164,PEP
2019-01-30,49471900,104.62000274658205,106.37999725341795,104.33000183105467,106.37999725341795,104.25407409667967,MSFT
2018-02-15,5652700,1466.8900146484375,1468.93994140625,1436.8399658203125,1461.760009765625,1461.760009765625,AMZN
2019-01-18,24416500,44.47999954223633,45.349998474121094,44.310001373291016,45.029998779296875,43.39827728271485,CSCO
2018-08-30,1965700,65.56999969482422,66.36000061035156,65.33000183105469,66.01000213623047,66.01000213623047,TMUS
2019-02-04,2076100,267.5,272.1400146484375,264.95001220703125,272.1199951171875,272.1199951171875,AVGO
2019-02-15,8889500,115.8499984741211,116.27999877929688,114.11000061035156,115.91000366210938,110.95388793945312,PEP
2018-04-27,20077400,44.689998626708984,45.34000015258789,44.36000061035156,44.709999084472656,42.1431884765625,CSCO
2019-05-10,5718000,1898.0,1903.7900390625,1856.0,1889.97998046875,1889.97998046875,AMZN
2018-11-20,109869400,17.399999618530273,19.579999923706055,17.18000030517578,19.209999084472656,19.209999084472656,AMD
2018-01-29,31569900,95.13999938964844,95.4499969482422,93.72000122070312,93.91999816894533,90.476806640625,MSFT
2018-09-25,4481700,300.0,304.6000061035156,296.5,300.989990234375,300.989990234375,TSLA
2019-12-24,702400,320.0,320.67999267578125,319.010009765625,320.5,320.5,AVGO
2019-09-19,2257200,80.72000122070312,81.1500015258789,80.54000091552734,81.0,81.0,TMUS
2018-01-26,4857300,1392.010009765625,1402.530029296875,1380.9100341796875,1402.050048828125,1402.050048828125,AMZN
2019-03-18,2945300,73.27999877929688,73.91000366210938,72.94999694824219,73.68000030517578,73.68000030517578,TMUS
2019-10-01,3084500,1746.0,1755.5999755859375,1728.4100341796875,1735.6500244140625,1735.6500244140625,AMZN
2019-06-26,3669700,361.6000061035156,366.7900085449219,361.6000061035156,362.2000122070313,362.2000122070313,NFLX
2019-03-19,20596400,53.790000915527344,54.0,53.13999938964844,53.310001373291016,51.37824630737305,CSCO
2019-01-23,5225200,1656.0,1657.4300537109375,1612.0,1640.02001953125,1640.02001953125,AMZN
2018-06-19,16697100,389.5,405.2900085449219,388.5,404.9800109863281,404.9800109863281,NFLX
2019-07-10,4931900,1996.510009765625,2024.93994140625,1995.4000244140625,2017.4100341796875,2017.4100341796875,AMZN
2019-02-27,19940900,51.209999084472656,51.650001525878906,50.88999938964844,51.59000015258789,49.7205696105957,CSCO
2018-10-04,9074400,375.8800048828125,375.9200134277344,360.3999938964844,363.6499938964844,363.6499938964844,NFLX
2018-03-15,6564800,329.3800048828125,332.8500061035156,321.1000061035156,325.6000061035156,325.6000061035156,TSLA
2019-10-28,3212600,136.5500030517578,137.5500030517578,136.14999389648438,136.57000732421875,133.6729278564453,PEP
2018-09-20,123116500,32.099998474121094,32.20000076293945,30.63999938964844,31.18000030517578,31.18000030517578,AMD
2019-09-23,2361200,80.0199966430664,80.77999877929688,79.80999755859375,79.95999908447266,79.95999908447266,TMUS
2019-11-26,7947400,335.2699890136719,335.5,327.1000061035156,328.9200134277344,328.9200134277344,TSLA
2018-09-12,3651400,113.30999755859376,114.2300033569336,113.04000091552734,113.8499984741211,108.12342834472656,PEP
2018-09-13,17972100,46.84000015258789,47.400001525878906,46.79999923706055,47.2400016784668,44.875,CSCO
2018-11-23,5245100,260.1099853515625,265.5,256.8399963378906,258.82000732421875,258.82000732421875,NFLX
2019-09-11,5005100,135.27000427246094,136.7899932861328,134.8800048828125,136.36000061035156,133.46737670898438,PEP
2018-09-27,3661000,69.08000183105469,70.62999725341797,68.87000274658203,70.48999786376953,70.48999786376953,TMUS
2019-02-06,4334500,66.80000305175781,67.30000305175781,66.54000091552734,66.94000244140625,66.94000244140625,TMUS
2018-11-14,60801000,193.8999938964844,194.47999572753903,185.92999267578125,186.8000030517578,183.10348510742188,AAPL
2018-02-13,4560200,315.0199890136719,324.19000244140625,312.510009765625,323.6600036621094,323.6600036621094,TSLA
2019-12-12,27061600,44.54999923706055,45.77000045776367,44.40999984741211,45.66999816894531,44.9109001159668,CSCO
2018-03-22,59944200,11.100000381469728,11.260000228881836,10.850000381469728,10.90999984741211,10.90999984741211,AMD
2018-01-05,63808900,12.1899995803833,12.220000267028809,11.65999984741211,11.880000114440918,11.880000114440918,AMD
2018-10-16,9526400,265.70001220703125,277.3800048828125,262.239990234375,276.5899963378906,276.5899963378906,TSLA
2019-02-14,21835700,169.7100067138672,171.25999450683594,169.3800048828125,170.8000030517578,168.13815307617188,AAPL
2019-10-15,41600700,30.700000762939453,30.920000076293945,30.170000076293945,30.719999313354492,30.719999313354492,AMD
2018-03-14,7967400,336.760009765625,339.80999755859375,323.92999267578125,326.6300048828125,326.6300048828125,TSLA
2019-03-22,33624500,119.5,119.58999633789062,117.04000091552734,117.0500030517578,115.20073699951172,MSFT
2019-04-05,3483100,70.4800033569336,70.75,70.05000305175781,70.3499984741211,70.3499984741211,TMUS
2019-05-17,27299300,55.779998779296875,56.83000183105469,55.52000045776367,56.349998474121094,54.65192794799805,CSCO
2019-01-28,4055900,108.95999908447266,109.5999984741211,108.0,108.81999969482422,104.16704559326172,PEP
2019-11-21,88069400,40.41999816894531,40.709999084472656,38.63999938964844,39.52000045776367,39.52000045776367,AMD
2018-12-14,7404200,117.31999969482422,117.5500030517578,113.66999816894533,113.9499969482422,109.07769012451172,PEP
2019-11-01,64238600,34.369998931884766,35.0,34.099998474121094,34.88999938964844,34.88999938964844,AMD
2019-01-16,29853900,105.26000213623048,106.26000213623048,104.95999908447266,105.37999725341795,103.27405548095705,MSFT
2018-06-19,3622100,256.0,261.1300048828125,254.1499938964844,260.95001220703125,260.95001220703125,AVGO
2018-07-31,4892100,114.66000366210938,115.48999786376952,114.11000061035156,115.0,108.31961822509766,PEP
2018-06-29,20522900,43.04999923706055,43.5,42.970001220703125,43.029998779296875,40.55963516235352,CSCO
2019-10-07,15303700,137.13999938964844,138.17999267578125,137.02000427246094,137.1199951171875,135.9042510986328,MSFT
2018-03-02,38454000,172.8000030517578,176.3000030517578,172.4499969482422,176.2100067138672,170.86207580566406,AAPL
2018-05-03,5801100,226.4900054931641,227.8800048828125,222.67999267578125,225.25,225.25,AVGO
2018-02-06,11066800,1361.4599609375,1443.989990234375,1351.7900390625,1442.8399658203125,1442.8399658203125,AMZN
2019-05-15,6340100,343.3399963378906,356.5,341.3900146484375,354.989990234375,354.989990234375,NFLX
2019-11-11,1946000,1778.0,1780.0,1767.1300048828125,1771.6500244140625,1771.6500244140625,AMZN
2018-11-27,2393800,67.23999786376953,68.12000274658203,66.94000244140625,67.48999786376953,67.48999786376953,TMUS
2019-04-16,18740200,355.0,364.4800109863281,352.7200012207031,359.4599914550781,359.4599914550781,NFLX
2019-08-09,23466700,138.61000061035156,139.3800048828125,136.4600067138672,137.7100067138672,136.03604125976562,MSFT
2018-12-07,3340800,66.68000030517578,68.47000122070312,65.37000274658203,65.69000244140625,65.69000244140625,TMUS
2019-05-03,6381600,1949.0,1964.4000244140625,1936.0,1962.4599609375,1962.4599609375,AMZN
2018-07-02,8142500,385.4500122070313,398.3800048828125,380.0,398.1799926757813,398.1799926757813,NFLX
2018-12-21,13263600,110.95999908447266,114.16000366210938,108.80999755859376,109.41999816894533,104.74137878417967,PEP
2019-11-07,54350200,36.52000045776367,36.9900016784668,36.029998779296875,36.279998779296875,36.279998779296875,AMD
2019-01-31,182575600,23.020000457763672,25.13999938964844,22.829999923706055,24.40999984741211,24.40999984741211,AMD
2018-10-11,63904300,105.3499984741211,108.93000030517578,104.1999969482422,105.91000366210938,103.34700012207033,MSFT
2018-12-18,6523000,1540.0,1567.550048828125,1523.010009765625,1551.47998046875,1551.47998046875,AMZN
2018-02-20,3835500,110.95999908447266,110.9800033569336,109.33999633789062,109.4800033569336,101.43090057373048,PEP
2019-12-20,10311300,137.41000366210938,138.1300048828125,135.16000366210938,137.9199981689453,135.9398193359375,PEP
2018-08-31,2375200,66.12999725341797,66.37999725341797,65.69999694824219,66.04000091552734,66.04000091552734,TMUS
2019-06-03,147532200,28.75,29.6200008392334,27.290000915527344,27.579999923706055,27.579999923706055,AMD
2019-03-27,29848400,188.75,189.7599945068359,186.5500030517578,188.47000122070312,185.53274536132812,AAPL
2019-07-02,3625000,374.8900146484375,376.0,370.30999755859375,375.4299926757813,375.4299926757813,NFLX
2019-07-12,9200500,239.75,245.3800048828125,239.7100067138672,245.0800018310547,245.0800018310547,TSLA
2018-05-25,17461000,188.22999572753903,189.6499938964844,187.6499938964844,188.5800018310547,183.561767578125,AAPL
2019-04-03,4534400,121.68000030517578,122.2300033569336,120.73999786376952,121.55999755859376,117.30587005615234,PEP
2018-08-27,13079300,318.0,322.44000244140625,308.80999755859375,319.2699890136719,319.2699890136719,TSLA
2018-06-27,25285300,185.22999572753903,187.27999877929688,184.02999877929688,184.16000366210935,179.25936889648438,AAPL
2019-01-04,5490200,65.87999725341797,67.55999755859375,65.55000305175781,67.48999786376953,67.48999786376953,TMUS
2018-02-06,5740600,60.029998779296875,61.97999954223633,60.0,60.849998474121094,60.849998474121094,TMUS
2019-01-17,18871200,349.5,355.7900085449219,346.4100036621094,353.19000244140625,353.19000244140625,NFLX
2019-07-22,37777300,32.79999923706055,33.310001373291016,32.7400016784668,32.849998474121094,32.849998474121094,AMD
2018-04-13,12046600,317.2900085449219,317.489990234375,308.2300109863281,311.6499938964844,311.6499938964844,NFLX
2019-07-16,11501100,58.130001068115234,58.2599983215332,57.459999084472656,57.619998931884766,56.23633575439453,CSCO
2018-07-24,18697900,192.4499969482422,193.66000366210935,192.0500030517578,193.0,187.86415100097656,AAPL
2018-02-28,43387500,12.65999984741211,12.729999542236328,12.100000381469728,12.109999656677246,12.109999656677246,AMD
2019-08-27,25873300,207.86000061035156,208.5500030517578,203.52999877929688,204.16000366210935,202.51873779296875,AAPL
2019-02-22,7088200,360.3399963378906,366.1300048828125,360.04998779296875,363.0199890136719,363.0199890136719,NFLX
2019-10-08,6276400,273.0299987792969,275.5299987792969,270.6400146484375,270.7200012207031,270.7200012207031,NFLX
2019-08-27,7187800,134.1999969482422,135.36000061035156,133.67999267578125,134.75999450683594,130.9960479736328,PEP
2019-08-22,22253700,213.19000244140625,214.44000244140625,210.75,212.4600067138672,210.7520294189453,AAPL
2018-04-23,4465400,1546.68994140625,1548.0,1503.4100341796875,1517.8599853515625,1517.8599853515625,AMZN
2018-07-10,16107200,110.62000274658205,113.0,109.68000030517578,112.88999938964844,106.33219146728516,PEP
2018-04-25,4828300,101.20999908447266,102.36000061035156,100.8499984741211,101.1500015258789,94.4059066772461,PEP
2019-11-25,3612400,134.66000366210938,134.77999877929688,133.2100067138672,133.8300018310547,130.99105834960938,PEP
2019-08-21,18365400,48.5,48.93000030517578,48.36000061035156,48.77000045776367,47.59885787963867,CSCO
2019-03-05,19538300,112.25,112.38999938964844,111.2300033569336,111.6999969482422,109.9352569580078,MSFT
2019-05-31,26646800,124.2300033569336,124.62000274658205,123.31999969482422,123.68000030517578,122.17657470703124,MSFT
2018-11-27,2884700,115.37000274658205,116.52999877929688,114.9000015258789,116.44000244140624,110.5831527709961,PEP
2018-04-11,14877400,302.8800048828125,311.6400146484375,301.82000732421875,303.6700134277344,303.6700134277344,NFLX
2018-06-15,10848300,353.8399963378906,364.6700134277344,351.25,358.1700134277344,358.1700134277344,TSLA
2019-10-30,2449400,1760.239990234375,1782.3800048828125,1759.1199951171875,1779.989990234375,1779.989990234375,AMZN
2019-03-29,2449300,301.2200012207031,302.6700134277344,298.2799987792969,300.7099914550781,300.7099914550781,AVGO
2018-09-26,79347300,32.400001525878906,32.599998474121094,31.719999313354492,32.189998626708984,32.189998626708984,AMD
2018-08-15,9101300,341.9100036621094,344.489990234375,332.1400146484375,338.69000244140625,338.69000244140625,TSLA
2019-04-08,3752800,1833.22998046875,1850.199951171875,1825.1099853515625,1849.8599853515625,1849.8599853515625,AMZN
2018-01-23,3539800,261.739990234375,264.4100036621094,258.1099853515625,262.8999938964844,262.8999938964844,AVGO
2019-07-19,5022000,133.1699981689453,133.19000244140625,130.00999450683594,130.08999633789062,126.45648956298828,PEP
2019-05-30,65289100,28.399999618530273,28.559999465942383,27.600000381469727,28.030000686645508,28.030000686645508,AMD
2018-08-20,13591100,314.6400146484375,331.6000061035156,310.92999267578125,327.7300109863281,327.7300109863281,NFLX
2018-02-14,6498600,57.349998474121094,58.79999923706055,57.060001373291016,58.619998931884766,58.619998931884766,TMUS
2019-03-11,2716100,264.8900146484375,270.54998779296875,264.04998779296875,269.05999755859375,269.05999755859375,AVGO
2018-04-26,9266700,310.0,316.6300048828125,305.5799865722656,313.9800109863281,313.9800109863281,NFLX
2018-03-29,45867500,90.18000030517578,92.29000091552734,88.4000015258789,91.2699966430664,88.33698272705078,MSFT
2019-02-14,47598600,48.849998474121094,49.68000030517578,48.34000015258789,48.400001525878906,46.64616394042969,CSCO
2018-06-25,35433300,100.0,100.11000061035156,97.3000030517578,98.38999938964844,95.64093780517578,MSFT
2018-08-29,8118700,367.2000122070313,369.8599853515625,362.9100036621094,368.0400085449219,368.0400085449219,NFLX
2018-07-16,10227700,201.6000061035156,206.3800048828125,200.52999877929688,203.25,203.25,AVGO
2018-03-20,5991900,313.260009765625,319.5,312.79998779296875,317.5,317.5,NFLX
2019-03-12,4356400,116.75,117.20999908447266,116.01000213623048,116.56999969482422,112.4905014038086,PEP
2018-02-22,8891500,283.8800048828125,284.5,274.45001220703125,278.1400146484375,278.1400146484375,NFLX
2018-10-03,16648000,115.41999816894533,116.18000030517578,114.93000030517578,115.16999816894533,112.38290405273438,MSFT
2018-11-13,12232200,295.0,303.54998779296875,289.1000061035156,294.3999938964844,294.3999938964844,NFLX
2019-03-11,17859300,51.13999938964844,52.09000015258789,51.099998474121094,51.91999816894531,50.038612365722656,CSCO
2019-01-11,5939000,107.86000061035156,108.5,107.63999938964844,108.16000366210938,103.53526306152344,PEP
2019-02-26,19382500,50.5099983215332,51.40999984741211,50.47999954223633,51.18000030517578,49.3254280090332,CSCO
2018-11-05,17525200,45.7400016784668,46.439998626708984,45.349998474121094,46.13999938964844,44.12639999389648,CSCO
2019-05-31,20480400,52.790000915527344,52.880001068115234,52.0099983215332,52.029998779296875,50.46211242675781,CSCO
2019-08-07,6149000,126.4000015258789,128.33999633789062,124.62999725341795,127.77999877929688,124.21101379394533,PEP
2019-11-08,2604000,133.2899932861328,134.1300048828125,132.57000732421875,133.1300048828125,130.30589294433594,PEP
2018-10-18,19044600,46.29999923706055,46.4900016784668,45.150001525878906,45.459999084472656,43.47606658935547,CSCO
2019-08-06,6179100,310.5799865722656,311.8800048828125,305.29998779296875,310.1000061035156,310.1000061035156,NFLX
2019-05-03,20892400,210.88999938964844,211.83999633789065,210.22999572753903,211.75,208.449951171875,AAPL
2018-12-11,42381900,109.8000030517578,110.9499969482422,107.44000244140624,108.58999633789062,106.4198989868164,MSFT
2018-01-26,39143000,172.0,172.0,170.05999755859375,171.50999450683594,165.62940979003906,AAPL
2018-08-09,17183800,365.5499877929687,367.010009765625,345.7300109863281,352.45001220703125,352.45001220703125,TSLA
2018-06-04,74546000,14.760000228881836,14.979999542236328,14.520000457763672,14.850000381469728,14.850000381469728,AMD
2019-04-11,3399700,122.36000061035156,122.75,121.16999816894533,121.66999816894533,117.41202545166016,PEP
2018-06-22,4075100,1742.6199951171875,1743.0,1711.9000244140625,1715.6700439453125,1715.6700439453125,AMZN
2019-08-12,6531700,305.4599914550781,312.8900146484375,303.239990234375,310.8299865722656,310.8299865722656,NFLX
2019-10-14,1982300,79.52999877929688,79.52999877929688,78.56999969482422,78.62999725341797,78.62999725341797,TMUS
2018-04-06,38026000,91.48999786376952,92.45999908447266,89.4800033569336,90.2300033569336,87.33039855957031,MSFT
2019-08-22,4974200,298.6499938964844,300.3299865722656,293.1499938964844,296.92999267578125,296.92999267578125,NFLX
2018-06-28,4024500,59.939998626708984,60.20000076293945,58.68000030517578,59.86000061035156,59.86000061035156,TMUS
2018-02-08,55628700,89.70999908447266,89.87999725341797,84.76000213623047,85.01000213623047,81.89347076416016,MSFT
2018-06-20,8383700,358.0400085449219,364.3800048828125,352.0,362.2200012207031,362.2200012207031,TSLA
2018-11-05,5270400,111.69000244140624,114.44000244140624,111.27999877929688,114.38999938964844,108.6362762451172,PEP
2019-12-10,3080600,75.79000091552734,75.91000366210938,74.93000030517578,75.0199966430664,75.0199966430664,TMUS
2019-08-14,32527300,136.36000061035156,136.9199981689453,133.6699981689453,133.97999572753906,132.79208374023438,MSFT
2019-04-09,1162100,302.5799865722656,304.1099853515625,300.2900085449219,303.45001220703125,303.45001220703125,AVGO
2019-04-30,1895300,313.32000732421875,318.4200134277344,312.5299987792969,318.3999938964844,318.3999938964844,AVGO
2019-12-06,16541000,43.88999938964844,44.060001373291016,43.650001525878906,43.84000015258789,43.11132049560547,CSCO
2018-09-07,22491900,260.1000061035156,268.3500061035156,252.25,263.239990234375,263.239990234375,TSLA
2019-07-05,7065700,234.57000732421875,235.4499969482422,230.8000030517578,233.1000061035156,233.1000061035156,TSLA
2019-12-26,57562800,46.9900016784668,47.310001373291016,45.65999984741211,46.630001068115234,46.630001068115234,AMD
2018-08-31,2762300,216.02999877929688,219.32000732421875,215.8500061035156,219.02999877929688,219.02999877929688,AVGO
2019-01-29,2340100,67.66000366210938,67.94000244140625,66.62999725341797,67.77999877929688,67.77999877929688,TMUS
2018-03-05,18986100,302.8500061035156,316.9100036621094,297.6000061035156,315.0,315.0,NFLX
2019-09-09,2514400,79.33000183105469,79.47000122070312,78.58999633789062,79.12999725341797,79.12999725341797,TMUS
2019-03-20,151292100,26.489999771118164,26.8799991607666,25.309999465942383,25.700000762939453,25.700000762939453,AMD
2018-04-16,2517200,249.08999633789065,249.88999938964844,245.67999267578125,249.3699951171875,249.3699951171875,AVGO
2019-10-23,26582200,31.09000015258789,31.649999618530273,30.829999923706055,31.36000061035156,31.36000061035156,AMD
2018-01-08,5580200,210.02000427246097,212.5,208.44000244140625,212.0500030517578,212.0500030517578,NFLX
2018-10-09,12060600,255.25,266.7699890136719,253.3000030517578,262.79998779296875,262.79998779296875,TSLA
2019-02-05,6742800,312.489990234375,322.44000244140625,312.25,321.3500061035156,321.3500061035156,TSLA
2018-01-02,2192400,63.900001525878906,64.5199966430664,63.540000915527344,64.04000091552734,64.04000091552734,TMUS
2019-07-03,4941100,283.70001220703125,288.7799987792969,283.0199890136719,284.8900146484375,284.8900146484375,AVGO
2018-06-05,16728800,43.7400016784668,43.75,43.38999938964844,43.66999816894531,41.16289138793945,CSCO
2019-08-21,2936900,132.91000366210938,133.63999938964844,131.6199951171875,132.33999633789062,128.64364624023438,PEP
2019-06-28,4592700,370.260009765625,371.5400085449219,364.8699951171875,367.3200073242187,367.3200073242187,NFLX
2018-11-21,31124200,179.72999572753906,180.27000427246097,176.5500030517578,176.77999877929688,173.28175354003906,AAPL
2019-06-12,23168000,56.04999923706055,56.59000015258789,55.650001525878906,55.86000061035156,54.176700592041016,CSCO
2018-06-25,7511200,1702.510009765625,1705.0,1646.31005859375,1663.1500244140625,1663.1500244140625,AMZN
2018-02-21,9371100,282.07000732421875,286.6400146484375,280.010009765625,281.0400085449219,281.0400085449219,NFLX
2018-11-16,112376600,19.8700008392334,20.969999313354492,19.719999313354492,20.65999984741211,20.65999984741211,AMD
2018-04-12,2691700,108.95999908447266,109.51000213623048,108.2699966430664,108.30999755859376,101.08851623535156,PEP
2018-08-23,18167700,107.1500015258789,108.18000030517578,106.87000274658205,107.55999755859376,104.95706176757812,MSFT
2018-02-14,34960900,88.51000213623047,90.98999786376952,88.41000366210938,90.80999755859376,87.89176940917969,MSFT
2018-04-03,4699000,107.38999938964844,108.52999877929688,106.58999633789062,108.19000244140624,100.97653198242188,PEP
2018-04-16,2769800,109.75,110.63999938964844,109.5199966430664,109.91999816894533,102.59117126464844,PEP
2019-08-12,20476600,137.07000732421875,137.86000061035156,135.24000549316406,135.7899932861328,134.1393585205078,MSFT
2018-01-17,5253800,1312.239990234375,1314.0,1280.8800048828125,1295.0,1295.0,AMZN
2019-03-11,4821600,115.3000030517578,116.70999908447266,114.9800033569336,116.58999633789062,112.50979614257812,PEP
2019-02-04,70843800,24.43000030517578,24.65999984741211,24.06999969482422,24.1299991607666,24.1299991607666,AMD
2019-06-14,18761500,191.5500030517578,193.58999633789065,190.3000030517578,192.7400054931641,190.4668731689453,AAPL
2019-04-23,10943900,260.1499938964844,265.6000061035156,255.75,263.8999938964844,263.8999938964844,TSLA
2019-10-25,9626400,1697.550048828125,1764.2099609375,1695.0,1761.3299560546875,1761.3299560546875,AMZN
2018-03-08,20285600,44.25,44.40999984741211,43.939998626708984,44.34000015258789,41.461124420166016,CSCO
2019-10-24,4827400,271.80999755859375,274.0199890136719,268.79998779296875,271.5,271.5,NFLX
2019-11-25,19653300,45.0,45.54999923706055,44.93000030517578,45.45000076293945,44.694557189941406,CSCO
2018-03-13,6685500,266.42999267578125,273.8500061035156,260.2300109863281,261.2200012207031,261.2200012207031,AVGO
2019-06-13,63556000,32.38999938964844,32.5,31.059999465942383,31.38999938964844,31.38999938964844,AMD
2019-07-26,4580800,129.44000244140625,131.4199981689453,128.7100067138672,131.22000122070312,127.55493927001952,PEP
2019-08-21,7794300,222.0099945068359,223.22000122070312,217.6000061035156,220.8300018310547,220.8300018310547,TSLA
2019-04-24,10727500,263.8500061035156,265.32000732421875,258.0,258.6600036621094,258.6600036621094,TSLA
2018-04-12,4103600,241.42999267578125,242.63999938964844,237.1000061035156,239.42999267578125,239.42999267578125,AVGO
2019-12-04,1443900,309.75,311.3699951171875,307.1300048828125,309.7200012207031,309.7200012207031,AVGO
2019-10-10,28253400,227.92999267578125,230.44000244140625,227.3000030517578,230.08999633789065,228.2402801513672,AAPL
2018-02-22,24392800,92.0500030517578,92.7300033569336,91.36000061035156,91.7300033569336,88.7822036743164,MSFT
2019-10-07,6525600,271.989990234375,276.67999267578125,271.2799987792969,274.4599914550781,274.4599914550781,NFLX
2019-10-11,8475400,247.1499938964844,251.0800018310547,246.80999755859375,247.88999938964844,247.88999938964844,TSLA
2019-02-14,21784700,106.30999755859376,107.29000091552734,105.66000366210938,106.9000015258789,104.76367950439452,MSFT
2018-05-07,3475400,98.9800033569336,99.30999755859376,98.06999969482422,98.2300033569336,91.68060302734376,PEP
2018-04-13,18272300,43.54999923706055,43.7400016784668,42.63999938964844,43.0,40.5313606262207,CSCO
2018-02-06,5088400,325.2099914550781,336.2200012207031,323.5,333.9700012207031,333.9700012207031,TSLA
2019-11-06,3438300,288.19000244140625,290.55999755859375,285.8399963378906,288.5899963378906,288.5899963378906,NFLX
2018-07-30,6814100,295.8999938964844,296.1000061035156,286.1300048828125,290.1700134277344,290.1700134277344,TSLA
2018-12-13,8379300,277.6400146484375,279.32000732421875,271.8500061035156,276.0199890136719,276.0199890136719,NFLX
2018-02-14,10972000,260.4700012207031,269.8800048828125,260.3299865722656,266.0,266.0,NFLX
2018-07-06,8629600,397.4500122070313,408.6499938964844,395.5199890136719,408.25,408.25,NFLX
2019-08-02,6136500,231.3500061035156,236.27000427246097,229.22999572753903,234.33999633789065,234.33999633789065,TSLA
2018-11-26,44998500,174.24000549316406,174.9499969482422,170.25999450683594,174.6199951171875,171.1645050048828,AAPL
2018-03-21,5958400,310.25,322.44000244140625,310.19000244140625,316.5299987792969,316.5299987792969,TSLA
2018-01-09,19484300,88.6500015258789,88.7300033569336,87.86000061035156,88.22000122070312,84.98578643798828,MSFT
2018-11-12,10924800,300.0,302.489990234375,290.6300048828125,294.07000732421875,294.07000732421875,NFLX
2018-02-12,63160900,11.470000267028809,11.800000190734863,11.43000030517578,11.68000030517578,11.68000030517578,AMD
2018-03-09,3644000,65.30000305175781,65.77999877929688,65.12000274658203,65.25,65.25,TMUS
2019-10-23,18957200,242.1000061035156,243.2400054931641,241.22000122070312,243.17999267578125,241.2250518798828,AAPL
2019-04-26,3033800,126.5199966430664,127.25,126.12000274658205,126.4000015258789,121.97648620605467,PEP
2018-02-22,3066000,59.75,59.97999954223633,58.59000015258789,58.72999954223633,58.72999954223633,TMUS
2019-06-19,2892000,278.7799987792969,279.07000732421875,273.7099914550781,277.489990234375,277.489990234375,AVGO
2018-04-27,4765900,102.22000122070312,102.98999786376952,101.6500015258789,101.70999908447266,94.9285659790039,PEP
2019-07-19,20929300,205.7899932861328,206.5,202.36000061035156,202.58999633789065,200.20069885253903,AAPL
2019-11-12,18641600,146.27999877929688,147.57000732421875,146.05999755859375,147.07000732421875,145.7660369873047,MSFT
2018-10-11,16082100,324.94000244140625,334.20001220703125,315.80999755859375,321.1000061035156,321.1000061035156,NFLX
2019-10-04,1838400,76.95999908447266,78.06999969482422,76.95999908447266,77.98999786376953,77.98999786376953,TMUS
2018-05-10,22388100,97.45999908447266,97.9499969482422,97.0500030517578,97.91000366210938,94.76359558105467,MSFT
2019-11-14,22295700,263.75,264.8800048828125,262.1000061035156,262.6400146484375,261.310791015625,AAPL
2019-01-09,5432900,335.5,343.5,331.4700012207031,338.5299987792969,338.5299987792969,TSLA
2019-07-15,3033400,291.1000061035156,294.489990234375,287.2699890136719,288.3399963378906,288.3399963378906,AVGO
2019-10-21,13277700,47.13999938964844,47.47999954223633,46.970001220703125,47.38999938964844,46.60231399536133,CSCO
2018-01-16,13516100,224.2400054931641,226.07000732421875,217.1999969482422,221.52999877929688,221.52999877929688,NFLX
2019-01-16,30569700,153.0800018310547,155.8800048828125,153.0,154.94000244140625,151.87396240234375,AAPL
2018-12-21,10213800,241.88999938964844,251.7400054931641,241.88999938964844,244.91000366210935,244.91000366210935,AVGO
2018-10-23,3599000,222.80999755859375,229.5399932861328,218.82000732421875,229.0500030517578,229.0500030517578,AVGO
2019-05-01,9257300,374.0,385.989990234375,373.1700134277344,378.80999755859375,378.80999755859375,NFLX
2018-07-18,21746300,381.239990234375,383.1300048828125,372.3599853515625,375.1300048828125,375.1300048828125,NFLX
2018-06-06,97089000,15.06999969482422,15.739999771118164,15.039999961853027,15.670000076293944,15.670000076293944,AMD
2018-07-17,6783800,113.47000122070312,115.02999877929688,113.47000122070312,114.87999725341795,108.2065887451172,PEP
2018-03-05,3381000,62.0099983215332,63.119998931884766,62.0099983215332,62.95000076293945,62.95000076293945,TMUS
2019-04-23,2180400,73.55999755859375,74.0,73.05000305175781,73.75,73.75,TMUS
2019-04-02,53358800,26.510000228881836,26.799999237060547,26.09000015258789,26.75,26.75,AMD
2018-07-02,18759800,360.07000732421875,364.7799987792969,329.8500061035156,335.07000732421875,335.07000732421875,TSLA
2018-10-09,26891000,223.63999938964844,227.27000427246097,222.25,226.8699951171875,221.6073455810547,AAPL
2018-05-11,3507300,97.58000183105467,98.26000213623048,96.87999725341795,97.43000030517578,90.93394470214844,PEP
2018-11-08,2925100,115.37999725341795,116.5,115.25,116.05999755859376,110.2222671508789,PEP
2018-05-02,27471000,94.98999786376952,95.16999816894533,93.19000244140624,93.51000213623048,90.5050048828125,MSFT
2018-08-28,1697800,65.8499984741211,66.08999633789062,65.41000366210938,65.58999633789062,65.58999633789062,TMUS
2019-12-23,2992900,137.69000244140625,138.1300048828125,136.83999633789062,137.0399932861328,135.0724334716797,PEP
2018-09-05,32872400,111.01000213623048,111.41999816894533,108.0999984741211,108.48999786376952,105.86456298828124,MSFT
2018-11-26,3285100,67.76000213623047,67.88999938964844,67.18000030517578,67.48999786376953,67.48999786376953,TMUS
2018-09-26,20080100,48.7400016784668,49.060001373291016,48.27000045776367,48.40999984741211,45.98642349243164,CSCO
2019-01-11,27023200,152.8800048828125,153.6999969482422,151.50999450683594,152.2899932861328,149.27638244628906,AAPL
2018-04-20,4153000,241.22000122070312,241.6000061035156,235.0099945068359,237.1199951171875,237.1199951171875,AVGO
2018-07-23,8221100,210.41000366210935,218.63999938964844,210.3999938964844,216.72000122070312,216.72000122070312,AVGO
2019-09-11,2412200,78.38999938964844,79.7699966430664,78.20999908447266,79.73999786376953,79.73999786376953,TMUS
2018-01-30,4717700,345.1400146484375,348.2699890136719,342.1700134277344,345.82000732421875,345.82000732421875,TSLA
2018-09-27,2957200,245.69000244140625,247.8800048828125,244.91000366210935,246.4499969482422,246.4499969482422,AVGO
2018-11-12,6941500,348.3699951171875,349.7799987792969,330.3399963378906,331.2799987792969,331.2799987792969,TSLA
2018-10-16,3035500,236.0,238.7599945068359,234.17999267578125,238.32000732421875,238.32000732421875,AVGO
2018-06-18,18484900,187.8800048828125,189.22000122070312,187.1999969482422,188.7400054931641,183.7174835205078,AAPL
2018-08-09,2317500,65.5199966430664,65.73999786376953,64.83999633789062,64.97000122070312,64.97000122070312,TMUS
2018-07-18,16393400,191.77999877929688,191.8000030517578,189.92999267578125,190.3999938964844,185.33331298828125,AAPL
2019-08-12,2905500,1795.989990234375,1800.97998046875,1777.0,1784.9200439453125,1784.9200439453125,AMZN
2018-01-24,41956400,13.020000457763672,13.050000190734863,12.600000381469728,12.710000038146973,12.710000038146973,AMD
2018-01-25,42966600,12.779999732971191,12.9399995803833,12.31999969482422,12.40999984741211,12.40999984741211,AMD
2018-10-19,33078700,218.05999755859375,221.2599945068359,217.42999267578125,219.30999755859375,214.22267150878903,AAPL
2018-05-25,3875100,277.6300048828125,279.6400146484375,275.6099853515625,278.8500061035156,278.8500061035156,TSLA
2018-09-13,3797300,68.0,68.70999908447266,67.37000274658203,68.4800033569336,68.4800033569336,TMUS
2018-04-19,6523700,1543.219970703125,1568.52001953125,1539.06005859375,1556.9100341796875,1556.9100341796875,AMZN
2019-11-05,19974400,257.04998779296875,258.19000244140625,256.32000732421875,257.1300048828125,255.06292724609375,AAPL
2019-07-08,1667300,76.37000274658203,76.38999938964844,75.43000030517578,75.62999725341797,75.62999725341797,TMUS
2018-06-06,2853500,57.34000015258789,57.630001068115234,56.900001525878906,57.599998474121094,57.599998474121094,TMUS
2019-03-05,1725600,71.75,71.9800033569336,71.27999877929688,71.41000366210938,71.41000366210938,TMUS
2019-04-12,6746000,270.2200012207031,271.95001220703125,266.8299865722656,267.70001220703125,267.70001220703125,TSLA
2019-01-23,1979500,66.80000305175781,67.8499984741211,66.56999969482422,67.80000305175781,67.80000305175781,TMUS
2019-04-30,20846000,56.0,56.119998931884766,55.529998779296875,55.95000076293945,54.26398849487305,CSCO
2019-02-15,5711300,70.6500015258789,72.06999969482422,70.43000030517578,72.05000305175781,72.05000305175781,TMUS
2019-11-07,2651100,1803.760009765625,1805.9000244140625,1783.47998046875,1788.199951171875,1788.199951171875,AMZN
2019-06-26,26067500,197.77000427246097,200.9900054931641,197.3500061035156,199.8000030517578,197.4436187744141,AAPL
2019-11-20,1992700,315.8999938964844,316.8299865722656,309.0,311.6700134277344,311.6700134277344,AVGO
2018-10-17,2026200,239.7400054931641,239.7400054931641,233.9199981689453,237.1699981689453,237.1699981689453,AVGO
2019-07-15,7944700,372.94000244140625,373.6799926757813,362.2999877929687,366.6000061035156,366.6000061035156,NFLX
2018-06-15,61719200,190.02999877929688,190.16000366210935,188.2599945068359,188.83999633789065,183.8148651123047,AAPL
2019-05-29,28481200,176.4199981689453,179.35000610351562,176.0,177.3800048828125,175.28802490234375,AAPL
2019-12-19,24958900,154.0,155.77000427246094,153.75,155.7100067138672,154.85458374023438,MSFT
2018-03-14,4259400,1597.0,1606.43994140625,1590.8900146484375,1591.0,1591.0,AMZN
2018-11-09,5026300,116.08000183105467,117.70999908447266,116.08000183105467,117.4800033569336,111.57083892822266,PEP
2018-08-10,14322100,43.689998626708984,43.95000076293945,43.58000183105469,43.779998779296875,41.58821487426758,CSCO
2018-08-08,1580100,220.5399932861328,221.22999572753903,218.9499969482422,219.4600067138672,219.4600067138672,AVGO
2019-04-08,25881700,196.4199981689453,200.22999572753903,196.33999633789065,200.1000061035156,196.9814910888672,AAPL
2019-02-13,22490200,171.38999938964844,172.47999572753906,169.9199981689453,170.17999267578125,167.5277862548828,AAPL
2018-10-16,31610200,109.54000091552734,111.41000366210938,108.9499969482422,111.0,108.3138198852539,MSFT
2018-12-17,6015300,114.37000274658205,115.06999969482422,112.1999969482422,112.87000274658205,108.04386901855467,PEP
2018-01-24,6807500,1374.8199462890625,1388.1600341796875,1338.0,1357.510009765625,1357.510009765625,AMZN
2018-05-14,22037700,45.75,46.22999954223633,45.66999816894531,45.70000076293945,43.07634735107422,CSCO
2019-12-27,36566500,291.1199951171875,293.9700012207031,288.1199951171875,289.79998779296875,288.33331298828125,AAPL
2019-06-25,3012300,1911.8399658203125,1916.3900146484375,1872.4200439453125,1878.27001953125,1878.27001953125,AMZN
2018-03-15,5799000,263.7300109863281,268.8999938964844,263.5,267.760009765625,267.760009765625,AVGO
2018-01-09,7146600,335.1600036621094,338.79998779296875,327.3999938964844,333.69000244140625,333.69000244140625,TSLA
2019-11-11,6388500,80.58999633789062,81.13999938964844,77.55000305175781,79.62000274658203,79.62000274658203,TMUS
2018-02-27,4797400,356.25,359.989990234375,350.010009765625,350.989990234375,350.989990234375,TSLA
2019-03-19,5155600,294.1600036621094,300.9800109863281,294.1099853515625,299.30999755859375,299.30999755859375,AVGO
2019-06-07,30684400,186.5099945068359,191.9199981689453,185.77000427246097,190.1499938964844,187.90740966796875,AAPL
2019-12-13,6570900,361.0499877929687,365.2099914550781,354.6400146484375,358.3900146484375,358.3900146484375,TSLA
2018-06-12,2259200,1693.0,1699.510009765625,1691.52001953125,1698.75,1698.75,AMZN
2018-05-04,3443600,1562.449951171875,1584.9000244140625,1562.18994140625,1580.949951171875,1580.949951171875,AMZN
2019-09-05,26101800,139.11000061035156,140.3800048828125,138.75999450683594,140.0500030517578,138.8082733154297,MSFT
2018-06-08,26656800,191.1699981689453,192.0,189.77000427246097,191.6999969482422,186.59873962402344,AAPL
2018-02-21,3219600,336.0299987792969,339.69000244140625,333.1700134277344,333.29998779296875,333.29998779296875,TSLA
2018-02-15,10759700,270.0299987792969,280.5,267.6300048828125,280.2699890136719,280.2699890136719,NFLX
2019-07-05,34011900,30.8799991607666,31.559999465942383,30.75,31.5,31.5,AMD
2019-08-02,6280300,317.489990234375,319.4100036621094,311.79998779296875,318.8299865722656,318.8299865722656,NFLX
2019-04-10,64368100,27.459999084472656,28.1200008392334,27.31999969482422,27.829999923706055,27.829999923706055,AMD
2019-12-20,5944300,77.93000030517578,77.93000030517578,77.0199966430664,77.4000015258789,77.4000015258789,TMUS
2018-03-15,2679300,64.70999908447266,65.5199966430664,64.61000061035156,64.70999908447266,64.70999908447266,TMUS
2018-05-22,2752400,57.36000061035156,57.599998474121094,56.90999984741211,57.18000030517578,57.18000030517578,TMUS
2019-04-08,13862800,55.20000076293945,55.560001373291016,54.790000915527344,55.4900016784668,53.817848205566406,CSCO
2019-08-22,2653500,1828.0,1829.4100341796875,1800.0999755859375,1804.6600341796875,1804.6600341796875,AMZN
2018-06-14,113048600,16.6200008392334,16.790000915527344,15.579999923706056,16.25,16.25,AMD
2018-06-25,28626700,42.689998626708984,42.81999969482422,41.810001373291016,42.290000915527344,39.86212158203125,CSCO
2019-06-26,65064200,29.979999542236328,30.479999542236328,29.780000686645508,29.920000076293945,29.920000076293945,AMD
2019-04-15,12198400,56.400001525878906,56.61000061035156,56.2400016784668,56.560001373291016,54.85560607910156,CSCO
2018-08-28,7649100,318.4100036621094,318.8800048828125,311.19000244140625,311.8599853515625,311.8599853515625,TSLA
2019-12-20,14752700,410.2900085449219,413.0,400.19000244140625,405.5899963378906,405.5899963378906,TSLA
2019-10-01,3638900,136.92999267578125,137.94000244140625,136.08999633789062,137.3699951171875,134.4559326171875,PEP
2019-08-26,1735900,77.0,78.06999969482422,76.68000030517578,78.05999755859375,78.05999755859375,TMUS
2018-02-20,30911700,91.4800033569336,93.05999755859376,91.01000213623048,92.72000122070312,89.74038696289062,MSFT
2019-11-29,9808900,45.2400016784668,45.540000915527344,45.150001525878906,45.310001373291016,44.556888580322266,CSCO
2018-11-09,34365800,205.5500030517578,206.0099945068359,202.25,204.47000122070312,200.42379760742188,AAPL
2018-10-23,19027800,263.8699951171875,297.92999267578125,262.1000061035156,294.1400146484375,294.1400146484375,TSLA
2018-03-21,4750800,1586.449951171875,1590.0,1563.1700439453125,1581.8599853515625,1581.8599853515625,AMZN
2019-03-01,1903500,277.7300109863281,278.1600036621094,271.1300048828125,272.75,272.75,AVGO
2018-09-18,22170900,112.19000244140624,113.6999969482422,111.72000122070312,113.20999908447266,110.4703369140625,MSFT
2018-07-12,24335900,102.7699966430664,104.41000366210938,102.7300033569336,104.19000244140624,101.27888488769533,MSFT
2018-04-11,3582500,1439.43994140625,1448.780029296875,1424.8900146484375,1427.050048828125,1427.050048828125,AMZN
2019-06-24,20628800,137.0,138.39999389648438,137.0,137.77999877929688,136.1051788330078,MSFT
2018-10-10,6295500,68.54000091552734,69.05000305175781,66.55000305175781,66.62999725341797,66.62999725341797,TMUS
2018-05-09,20438300,45.900001525878906,46.099998474121094,45.189998626708984,46.040000915527344,43.39683532714844,CSCO
2018-08-07,16080200,108.55999755859376,109.0999984741211,108.16999816894533,108.87999725341795,105.83782958984376,MSFT
2018-02-09,4328200,232.7899932861328,237.1199951171875,226.25,235.5,235.5,AVGO
2019-04-23,24025500,124.0999984741211,125.58000183105467,123.83000183105467,125.44000244140624,123.45819091796876,MSFT
2018-10-24,29588800,45.4900016784668,45.68000030517578,43.959999084472656,44.06999969482422,42.146732330322266,CSCO
2018-12-13,7365900,370.1499938964844,377.44000244140625,366.75,376.7900085449219,376.7900085449219,TSLA
2019-09-25,11643800,255.7100067138672,266.6000061035156,253.6999969482422,264.75,264.75,NFLX
2018-03-26,8375200,307.3399963378906,307.5899963378906,291.3599853515625,304.17999267578125,304.17999267578125,TSLA
2018-01-31,6214100,347.510009765625,356.19000244140625,345.19000244140625,354.30999755859375,354.30999755859375,TSLA
2018-02-27,4808800,1524.5,1526.780029296875,1507.2099609375,1511.97998046875,1511.97998046875,AMZN
2019-07-03,13866800,55.77000045776367,56.540000915527344,55.540000915527344,56.47999954223633,55.12371063232422,CSCO
2018-03-26,11988300,309.3599853515625,321.0299987792969,302.0,320.3500061035156,320.3500061035156,NFLX
2019-03-15,7550900,1703.0,1718.800048828125,1693.1300048828125,1712.3599853515625,1712.3599853515625,AMZN
2019-12-13,79927800,42.349998474121094,42.95000076293945,41.060001373291016,41.150001525878906,41.150001525878906,AMD
2019-12-12,7763900,354.9200134277344,362.739990234375,353.2300109863281,359.67999267578125,359.67999267578125,TSLA
2019-12-23,20253500,47.54999923706055,48.29999923706055,47.41999816894531,48.099998474121094,47.300514221191406,CSCO
2019-06-20,5899500,365.9100036621094,370.1199951171875,361.2200012207031,365.2099914550781,365.2099914550781,NFLX
2018-03-23,54844500,10.90999984741211,10.970000267028809,10.56999969482422,10.630000114440918,10.630000114440918,AMD
2019-03-01,22911400,306.94000244140625,307.1300048828125,291.8999938964844,294.7900085449219,294.7900085449219,TSLA
2018-07-24,9590800,304.4200134277344,307.7200012207031,292.54998779296875,297.42999267578125,297.42999267578125,TSLA
2018-12-24,24069400,41.70000076293945,41.810001373291016,40.25,40.279998779296875,38.52213287353515,CSCO
2019-11-26,3079300,319.0,320.17999267578125,316.04998779296875,316.2699890136719,316.2699890136719,AVGO
2018-10-30,4900400,113.75,114.2300033569336,112.5999984741211,113.7699966430664,108.04744720458984,PEP
2018-06-01,23442500,187.9900054931641,190.2599945068359,187.75,190.2400054931641,185.1775665283203,AAPL
2018-01-12,24271500,88.66999816894531,89.77999877929688,88.44999694824219,89.5999984741211,86.31517791748047,MSFT
2018-09-10,3289700,112.91999816894533,113.98999786376952,112.6999969482422,113.56999969482422,107.8575210571289,PEP
2019-04-12,2858700,73.19000244140625,73.87999725341797,72.87000274658203,73.70999908447266,73.70999908447266,TMUS
2019-02-06,78684300,23.6299991607666,24.13999938964844,23.219999313354492,23.260000228881836,23.260000228881836,AMD
2019-10-22,4600800,254.32000732421875,258.3299865722656,250.8500061035156,255.5800018310547,255.5800018310547,TSLA
2019-09-20,48301300,49.290000915527344,49.869998931884766,48.869998931884766,49.599998474121094,48.4089241027832,CSCO
2019-06-17,3578500,264.8399963378906,268.70001220703125,261.3399963378906,265.9700012207031,265.9700012207031,AVGO
2018-06-06,18767300,300.5,322.1700134277344,297.4800109863281,319.5,319.5,TSLA
2018-05-04,8209500,308.7099914550781,320.9800109863281,307.6700134277344,320.0899963378906,320.0899963378906,NFLX
2019-11-15,25051600,263.67999267578125,265.7799987792969,263.010009765625,265.760009765625,264.4150085449219,AAPL
2018-12-12,5027000,369.4200134277344,371.9100036621094,365.1600036621094,366.6000061035156,366.6000061035156,TSLA
2018-10-12,14870800,339.57000732421875,341.29998779296875,328.8999938964844,339.55999755859375,339.55999755859375,NFLX
2019-02-12,25056600,106.13999938964844,107.13999938964844,105.4800033569336,106.88999938964844,104.75389099121094,MSFT
2018-04-02,64824600,9.989999771118164,10.140000343322754,9.510000228881836,9.529999732971191,9.529999732971191,AMD
2019-07-05,1318500,75.83000183105469,76.43000030517578,75.62999725341797,76.2300033569336,76.2300033569336,TMUS
2019-06-12,2703600,281.6700134277344,283.1600036621094,277.4100036621094,279.7300109863281,279.7300109863281,AVGO
2018-08-30,2119100,111.87000274658205,112.2300033569336,111.5500030517578,111.95999908447266,105.45620727539062,PEP
2018-12-06,8789400,1614.8699951171875,1701.050048828125,1609.8499755859375,1699.18994140625,1699.18994140625,AMZN
2019-04-04,20112800,120.0999984741211,120.2300033569336,118.37999725341795,119.36000061035156,117.47425079345705,MSFT
2018-08-02,23215000,328.44000244140625,349.989990234375,323.1600036621094,349.5400085449219,349.5400085449219,TSLA
2018-11-19,12993800,283.7900085449219,285.0899963378906,269.1499938964844,270.6000061035156,270.6000061035156,NFLX
2019-10-22,20573400,241.16000366210935,242.1999969482422,239.6199951171875,239.9600067138672,238.03094482421875,AAPL
2019-01-31,55636400,103.8000030517578,105.22000122070312,103.18000030517578,104.43000030517578,102.3430404663086,MSFT
2018-09-26,23984700,221.0,223.75,219.7599945068359,220.4199981689453,215.3069305419922,AAPL
2019-07-22,4694700,77.80000305175781,78.66000366210938,77.2699966430664,77.66000366210938,77.66000366210938,TMUS
2019-10-17,3903800,80.44999694824219,81.18000030517578,79.16999816894531,81.05000305175781,81.05000305175781,TMUS
2018-03-19,9925200,315.79998779296875,317.0,307.3399963378906,313.4800109863281,313.4800109863281,NFLX
2019-12-31,3713300,322.0,324.9200134277344,321.0899963378906,323.57000732421875,323.57000732421875,NFLX
2019-10-14,44473700,29.709999084472656,30.61000061035156,29.3799991607666,30.530000686645508,30.530000686645508,AMD
2018-10-02,6702200,110.4499969482422,111.11000061035156,107.6999969482422,108.72000122070312,103.25147247314452,PEP
2018-07-31,14085400,331.510009765625,342.5,328.0,337.45001220703125,337.45001220703125,NFLX
2018-10-24,6928400,1773.699951171875,1777.7099609375,1656.56005859375,1664.199951171875,1664.199951171875,AMZN
2019-03-06,6211900,353.6000061035156,359.8800048828125,351.70001220703125,359.6099853515625,359.6099853515625,NFLX
2019-08-05,42749600,133.3000030517578,133.92999267578125,130.77999877929688,132.2100067138672,130.60289001464844,MSFT
2018-03-16,6117300,322.92999267578125,327.3999938964844,319.07000732421875,321.3500061035156,321.3500061035156,TSLA
2018-12-21,7669100,64.58000183105469,65.37000274658203,61.70000076293945,61.93000030517578,61.93000030517578,TMUS
2018-10-09,17008400,47.529998779296875,48.029998779296875,47.279998779296875,47.4900016784668,45.41748046875,CSCO
2018-06-04,4797800,294.3399963378906,299.0,293.54998779296875,296.739990234375,296.739990234375,TSLA
2019-03-01,3629100,115.86000061035156,116.37000274658205,115.2300033569336,116.18000030517578,112.11415100097656,PEP
2019-03-29,3320800,1786.5799560546875,1792.8599853515625,1776.6300048828125,1780.75,1780.75,AMZN
2019-11-27,14889900,45.36000061035156,45.41999816894531,44.93000030517578,45.2400016784668,44.48805236816406,CSCO
2018-12-11,9843200,274.0799865722656,274.5,262.760009765625,265.32000732421875,265.32000732421875,NFLX
2019-05-21,6339000,78.16000366210938,78.29000091552734,76.77999877929688,77.1500015258789,77.1500015258789,TMUS
2019-01-22,5298200,109.86000061035156,110.2300033569336,108.77999877929688,109.91000366210938,105.21044158935548,PEP
2019-11-25,12339500,344.32000732421875,344.57000732421875,334.4599914550781,336.3399963378906,336.3399963378906,TSLA
2019-06-21,3933600,1916.0999755859375,1925.949951171875,1907.5799560546875,1911.300048828125,1911.300048828125,AMZN
2019-09-17,2851800,79.7300033569336,80.55000305175781,79.05999755859375,80.20999908447266,80.20999908447266,TMUS
2019-05-30,2710300,128.14999389648438,128.91000366210938,127.77999877929688,128.61000061035156,124.1091537475586,PEP
2019-06-11,26723700,56.7400016784668,57.560001373291016,56.72999954223633,57.11000061035156,55.38903045654297,CSCO
2019-12-17,2024800,323.739990234375,324.95001220703125,321.75,323.79998779296875,323.79998779296875,AVGO
2019-11-25,3486200,1753.25,1777.4200439453125,1753.239990234375,1773.8399658203125,1773.8399658203125,AMZN
2018-09-11,9170000,279.4700012207031,282.0,273.54998779296875,279.44000244140625,279.44000244140625,TSLA
2018-07-27,22050900,43.2599983215332,43.619998931884766,42.41999816894531,42.56999969482422,40.43879699707031,CSCO
2018-06-26,5034100,109.0500030517578,109.16999816894533,107.47000122070312,108.0500030517578,101.77334594726562,PEP
2018-01-29,4747100,339.8500061035156,350.8500061035156,338.2799987792969,349.5299987792969,349.5299987792969,TSLA
2018-03-07,26716100,93.16000366210938,93.94000244140624,92.43000030517578,93.86000061035156,90.84374237060548,MSFT
2018-08-21,22881900,106.91999816894533,107.3499984741211,105.8499984741211,105.9800033569336,103.41531372070312,MSFT
2019-11-21,3391200,133.42999267578125,134.2100067138672,133.08999633789062,133.91000366210938,131.0693359375,PEP
2018-02-08,8578600,1429.6800537109375,1433.75,1349.93994140625,1350.5,1350.5,AMZN
2019-09-23,17139300,139.22999572753906,139.6300048828125,138.44000244140625,139.13999938964844,137.90634155273438,MSFT
2019-09-24,16338200,262.5,265.0,252.27999877929688,254.58999633789065,254.58999633789065,NFLX
2019-02-05,4593400,113.02999877929688,113.54000091552734,112.48999786376952,112.9000015258789,108.07258605957033,PEP
2018-08-22,3080500,1876.6400146484375,1905.800048828125,1876.6400146484375,1904.9000244140625,1904.9000244140625,AMZN
2019-07-30,33935700,208.7599945068359,210.16000366210935,207.30999755859375,208.77999877929688,206.31768798828125,AAPL
2018-05-04,56201300,178.25,184.25,178.1699981689453,183.8300018310547,178.2508087158203,AAPL
2019-06-13,4279700,75.16999816894531,75.27999877929688,74.01000213623047,74.44999694824219,74.44999694824219,TMUS
2018-09-04,27390100,228.41000366210935,229.17999267578125,226.6300048828125,228.36000061035156,223.0627593994141,AAPL
2019-02-07,7554600,68.0,68.45999908447266,65.55999755859375,68.27999877929688,68.27999877929688,TMUS
2019-03-21,5947100,272.6000061035156,276.45001220703125,268.45001220703125,274.0199890136719,274.0199890136719,TSLA
2018-03-20,4581600,1550.3399658203125,1587.0,1545.4100341796875,1586.510009765625,1586.510009765625,AMZN
2019-08-22,18697000,138.66000366210938,139.1999969482422,136.2899932861328,137.77999877929688,136.5583953857422,MSFT
2018-11-06,4257400,1618.3499755859375,1665.0,1614.550048828125,1642.81005859375,1642.81005859375,AMZN
2018-09-17,3673900,240.0,240.3000030517578,234.30999755859375,234.8300018310547,234.8300018310547,AVGO
2019-03-01,25886200,174.27999877929688,175.14999389648438,172.88999938964844,174.97000122070312,172.2431182861328,AAPL
2018-01-26,11021800,271.489990234375,274.6000061035156,268.760009765625,274.6000061035156,274.6000061035156,NFLX
2019-08-29,4388500,295.0,299.92999267578125,294.989990234375,296.7799987792969,296.7799987792969,NFLX
2019-05-23,5630400,355.5,357.4200134277344,347.70001220703125,352.2099914550781,352.2099914550781,NFLX
2018-05-17,2147600,1580.56005859375,1594.0400390625,1573.0,1581.760009765625,1581.760009765625,AMZN
2018-08-02,4031200,214.27000427246097,218.2599945068359,213.25,216.3500061035156,216.3500061035156,AVGO
2019-03-13,31032500,182.25,183.3000030517578,180.9199981689453,181.7100067138672,178.8780975341797,AAPL
2019-08-05,7028300,229.6000061035156,231.3699951171875,225.77999877929688,228.32000732421875,228.32000732421875,TSLA
2019-09-24,26717200,49.75,50.20000076293945,48.93000030517578,49.119998931884766,47.940452575683594,CSCO
2018-02-21,28499200,44.11000061035156,44.41999816894531,43.279998779296875,43.310001373291016,40.49800109863281,CSCO
2018-11-26,18275900,45.13999938964844,45.63999938964844,45.09000015258789,45.56999969482422,43.58127212524414,CSCO
2018-02-05,52399600,40.869998931884766,41.40999984741211,38.720001220703125,38.779998779296875,36.26212310791016,CSCO
2018-01-17,4554600,118.29000091552734,120.16999816894533,118.20999908447266,119.18000030517578,110.41775512695312,PEP
2018-12-17,9634700,266.510009765625,272.9800109863281,261.0799865722656,262.79998779296875,262.79998779296875,NFLX
2019-06-28,3037400,1909.0999755859375,1912.93994140625,1884.0,1893.6300048828125,1893.6300048828125,AMZN
2018-12-19,4204100,64.63999938964844,66.56999969482422,64.4800033569336,64.87000274658203,64.87000274658203,TMUS
2018-01-05,23660000,173.44000244140625,175.3699951171875,173.0500030517578,175.0,168.99974060058594,AAPL
2019-04-03,22860700,119.86000061035156,120.43000030517578,119.1500015258789,119.97000122070312,118.07461547851562,MSFT
2018-08-22,3860900,113.6999969482422,113.81999969482422,111.95999908447266,112.23999786376952,105.7199478149414,PEP
2018-02-23,26329200,93.5999984741211,94.06999969482422,92.36000061035156,94.05999755859376,91.03732299804688,MSFT
2019-06-17,2725800,132.72000122070312,133.24000549316406,131.88999938964844,132.52000427246094,128.81861877441406,PEP
2018-01-19,6002600,119.4800033569336,120.68000030517578,118.63999938964844,120.16999816894533,111.33494567871094,PEP
2018-12-14,6337600,375.0,377.8699951171875,364.3299865722656,365.7099914550781,365.7099914550781,TSLA
2019-08-23,2574200,283.989990234375,285.4800109863281,271.04998779296875,272.1300048828125,272.1300048828125,AVGO
2019-03-14,7103400,292.45001220703125,295.3900146484375,288.2900085449219,289.9599914550781,289.9599914550781,TSLA
2019-11-04,25818000,257.3299865722656,257.8500061035156,255.3800048828125,257.5,255.429931640625,AAPL
2019-01-08,22071400,43.56999969482422,43.939998626708984,43.099998474121094,43.560001373291016,41.98154830932617,CSCO
2019-10-17,2647400,1796.489990234375,1798.8499755859375,1782.02001953125,1787.47998046875,1787.47998046875,AMZN
2018-10-26,5872800,111.62000274658205,112.05999755859376,109.69000244140624,110.4499969482422,104.89444732666016,PEP
2018-09-28,7114900,379.239990234375,380.7999877929687,373.7300109863281,374.1300048828125,374.1300048828125,NFLX
2018-08-31,7943400,370.6600036621094,376.0,367.0799865722656,367.6799926757813,367.6799926757813,NFLX
2019-10-25,15701200,46.540000915527344,46.9900016784668,46.459999084472656,46.900001525878906,46.12045669555664,CSCO
2018-02-12,60819500,158.5,163.88999938964844,157.50999450683594,162.7100067138672,157.77178955078125,AAPL
2018-09-12,10480800,359.0799865722656,370.4299926757813,356.239990234375,369.9500122070313,369.9500122070313,NFLX
2018-05-22,43267000,13.0,13.140000343322754,12.710000038146973,12.979999542236328,12.979999542236328,AMD
2019-07-31,4470700,1898.1099853515625,1899.550048828125,1849.43994140625,1866.780029296875,1866.780029296875,AMZN
2019-07-01,3203300,1922.97998046875,1929.8199462890625,1914.6600341796875,1922.18994140625,1922.18994140625,AMZN
2018-04-04,34605500,164.8800048828125,172.00999450683594,164.77000427246094,171.61000061035156,166.4016876220703,AAPL
2018-08-29,143223200,24.36000061035156,25.40999984741211,24.010000228881836,25.200000762939453,25.200000762939453,AMD
2019-07-02,16935200,201.41000366210935,203.1300048828125,201.36000061035156,202.72999572753903,200.33905029296875,AAPL
2019-03-26,2800900,294.3699951171875,299.4700012207031,294.2300109863281,297.0299987792969,297.0299987792969,AVGO
2018-07-09,58525500,16.729999542236328,16.84000015258789,16.170000076293945,16.610000610351562,16.610000610351562,AMD
2019-07-23,4145800,131.1300048828125,132.24000549316406,130.41000366210938,130.74000549316406,127.0883331298828,PEP
2019-08-26,3954100,130.82000732421875,133.75,130.58999633789062,133.74000549316406,130.0045623779297,PEP
2019-01-24,8012200,283.0299987792969,293.67999267578125,279.2799987792969,291.510009765625,291.510009765625,TSLA
2019-12-27,36581300,46.849998474121094,46.880001068115234,45.97999954223633,46.18000030517578,46.18000030517578,AMD
2019-01-31,12569200,301.0,311.55999755859375,294.0,307.0199890136719,307.0199890136719,TSLA
2019-05-31,68667800,27.56999969482422,28.36000061035156,27.399999618530273,27.40999984741211,27.40999984741211,AMD
2018-11-05,5624700,1657.5699462890625,1658.0899658203125,1596.3599853515625,1627.800048828125,1627.800048828125,AMZN
2019-09-17,35011700,31.06999969482422,31.31999969482422,30.739999771118164,30.989999771118164,30.989999771118164,AMD
2019-09-27,25352000,220.5399932861328,220.9600067138672,217.27999877929688,218.82000732421875,217.06089782714844,AAPL
2019-01-04,58607100,144.52999877929688,148.5500030517578,143.8000030517578,148.25999450683594,145.3261260986328,AAPL
2019-05-07,38763700,205.8800048828125,207.4199981689453,200.8300018310547,202.86000061035156,199.6985015869141,AAPL
2019-11-06,51675100,36.060001373291016,36.47999954223633,35.52000045776367,35.93000030517578,35.93000030517578,AMD
2019-05-21,28364800,185.22000122070312,188.0,184.6999969482422,186.6000061035156,184.39930725097656,AAPL
2019-10-08,2275700,274.05999755859375,274.8999938964844,268.9100036621094,270.3299865722656,270.3299865722656,AVGO
2019-05-02,31996300,209.83999633789065,212.6499938964844,208.1300048828125,209.1499938964844,205.8904571533203,AAPL
2018-11-05,10283000,311.1000061035156,317.5299987792969,303.739990234375,315.44000244140625,315.44000244140625,NFLX
2019-04-17,48240800,28.209999084472656,28.270000457763672,27.219999313354492,27.489999771118164,27.489999771118164,AMD
2019-10-08,8678200,235.8699951171875,243.94000244140625,234.5,240.0500030517578,240.0500030517578,TSLA
2019-05-10,7008300,239.75,241.9900054931641,236.02000427246097,239.52000427246097,239.52000427246097,TSLA
2019-05-17,25770500,128.30999755859375,130.4600067138672,127.91999816894533,128.07000732421875,126.51322174072266,MSFT
2019-09-26,17456600,139.44000244140625,140.17999267578125,138.44000244140625,139.5399932861328,138.30279541015625,MSFT
2018-06-07,14345300,316.1499938964844,330.0,313.5799865722656,316.0899963378906,316.0899963378906,TSLA
2019-07-10,14441200,77.95999908447266,78.94999694824219,77.56999969482422,78.62999725341797,78.62999725341797,TMUS
2018-07-27,24024000,194.9900054931641,195.19000244140625,190.1000061035156,190.97999572753903,185.8979034423828,AAPL
2018-03-07,31703500,174.94000244140625,175.85000610351562,174.27000427246094,175.02999877929688,169.7178955078125,AAPL
2019-09-05,57861200,31.790000915527344,32.04999923706055,31.1200008392334,31.5,31.5,AMD
2019-06-12,3302800,134.00999450683594,134.44000244140625,132.66000366210938,133.13999938964844,129.42127990722656,PEP
2018-09-13,26055600,112.12000274658205,113.7300033569336,112.12000274658205,112.91000366210938,110.17759704589844,MSFT
2019-01-22,17941400,334.8900146484375,336.8800048828125,321.0299987792969,325.1600036621094,325.1600036621094,NFLX
2019-11-05,84848600,36.560001373291016,37.18000030517578,35.97999954223633,36.150001525878906,36.150001525878906,AMD
2018-12-12,6598000,1669.0,1704.989990234375,1660.27001953125,1663.5400390625,1663.5400390625,AMZN
2019-03-01,48084000,23.969999313354492,24.190000534057617,23.450000762939453,23.68000030517578,23.68000030517578,AMD
2019-11-27,2476100,135.6999969482422,136.52000427246094,135.3300018310547,135.91000366210938,133.0269317626953,PEP
2019-08-14,9562600,231.2100067138672,231.5,216.69000244140625,219.6199951171875,219.6199951171875,TSLA
2018-12-06,4899100,65.68000030517578,67.55000305175781,65.0199966430664,67.30000305175781,67.30000305175781,TMUS
2019-01-11,2015800,249.42999267578125,252.9199981689453,249.32000732421875,250.57000732421875,250.57000732421875,AVGO
2018-04-16,20288100,94.06999969482422,94.66000366210938,93.41999816894533,94.16999816894533,91.14378356933594,MSFT
2018-07-19,2738600,60.2599983215332,60.380001068115234,59.22999954223633,59.40999984741211,59.40999984741211,TMUS
2019-08-14,2900800,76.7699966430664,77.37999725341797,76.11000061035156,76.93000030517578,76.93000030517578,TMUS
2018-06-04,27281600,101.26000213623048,101.86000061035156,100.8499984741211,101.66999816894533,98.82928466796876,MSFT
2018-12-24,9547600,242.0,250.6499938964844,233.67999267578125,233.8800048828125,233.8800048828125,NFLX
2018-09-13,3808100,114.48999786376952,115.01000213623048,113.69000244140624,114.98999786376952,109.2060775756836,PEP
2019-12-10,16476100,151.2899932861328,151.88999938964844,150.75999450683594,151.1300048828125,150.29974365234375,MSFT
2019-08-07,2224400,264.0299987792969,272.7200012207031,263.0,270.04998779296875,270.04998779296875,AVGO
2018-07-18,40881500,16.940000534057617,16.989999771118164,16.549999237060547,16.850000381469727,16.850000381469727,AMD
2018-09-26,4053500,112.2699966430664,112.86000061035156,111.30999755859376,111.5,105.89163970947266,PEP
2019-04-01,7036100,359.0,368.3299865722656,358.510009765625,366.9599914550781,366.9599914550781,NFLX
2018-05-02,14930700,59.810001373291016,60.20000076293945,55.54999923706055,56.970001220703125,56.970001220703125,TMUS
2018-07-16,5413600,112.55999755859376,113.12000274658205,111.75,112.95999908447266,106.39812469482422,PEP
2018-03-16,11395500,263.0,263.6000061035156,254.41000366210935,254.8699951171875,254.8699951171875,AVGO
2018-11-28,14801300,271.9800109863281,284.0,263.3399963378906,282.6499938964844,282.6499938964844,NFLX
2018-05-15,2498400,242.30999755859375,244.44000244140625,238.5,241.5800018310547,241.5800018310547,AVGO
2019-02-07,4626600,1625.0,1625.5400390625,1592.9100341796875,1614.3699951171875,1614.3699951171875,AMZN
2018-11-19,93578200,20.399999618530273,20.59000015258789,19.09000015258789,19.11000061035156,19.11000061035156,AMD
2018-12-26,5088100,60.91999816894531,63.029998779296875,59.959999084472656,63.0099983215332,63.0099983215332,TMUS
2019-01-11,19500400,330.9599914550781,341.0899963378906,328.5199890136719,337.5899963378906,337.5899963378906,NFLX
2019-12-27,5036100,332.9599914550781,333.82000732421875,326.010009765625,329.0899963378906,329.0899963378906,NFLX
2019-10-30,31130500,244.7599945068359,245.3000030517578,241.2100067138672,243.2599945068359,241.3043975830078,AAPL
2018-01-31,6424700,1451.300048828125,1472.5799560546875,1450.0400390625,1450.8900146484375,1450.8900146484375,AMZN
2019-01-28,4837700,1643.5899658203125,1645.0,1614.0899658203125,1637.8900146484375,1637.8900146484375,AMZN
2018-11-09,22015400,48.08000183105469,48.25,46.70000076293945,47.11000061035156,45.0540657043457,CSCO
2018-03-28,52501100,89.81999969482422,91.2300033569336,88.87000274658203,89.38999938964844,86.51737976074219,MSFT
2018-12-11,47281700,171.66000366210938,171.7899932861328,167.0,168.6300048828125,165.2930450439453,AAPL
2019-12-30,4311500,329.0799865722656,329.19000244140625,322.8599853515625,323.30999755859375,323.30999755859375,NFLX
2018-10-23,14907300,318.0,336.5799865722656,316.7699890136719,333.1600036621094,333.1600036621094,NFLX
2019-04-09,17612000,118.62999725341795,119.54000091552734,118.58000183105467,119.27999877929688,117.39550018310548,MSFT
2019-11-27,3025600,1801.0,1824.5,1797.31005859375,1818.510009765625,1818.510009765625,AMZN
2018-11-05,7831000,340.5,343.9599914550781,330.1400146484375,341.3999938964844,341.3999938964844,TSLA
2018-02-13,33661400,11.600000381469728,11.81999969482422,11.529999732971191,11.779999732971191,11.779999732971191,AMD
2018-09-28,33649700,270.260009765625,278.0,260.55999755859375,264.7699890136719,264.7699890136719,TSLA
2018-12-12,11456700,267.6600036621094,281.7699890136719,266.4800109863281,274.8800048828125,274.8800048828125,NFLX
2019-12-02,17630100,45.25,45.33000183105469,44.66999816894531,44.70000076293945,43.957027435302734,CSCO
2018-07-03,12282600,331.75,332.489990234375,309.69000244140625,310.8599853515625,310.8599853515625,TSLA
2019-12-18,3351400,1795.02001953125,1798.199951171875,1782.3599853515625,1784.030029296875,1784.030029296875,AMZN
2018-02-21,37471600,172.8300018310547,174.1199951171875,171.00999450683594,171.07000732421875,165.87806701660156,AAPL
2019-05-30,4111900,76.04000091552734,76.56999969482422,75.0199966430664,76.02999877929688,76.02999877929688,TMUS
2019-11-22,18725700,45.150001525878906,45.16999816894531,44.689998626708984,44.849998474121094,44.104530334472656,CSCO
2018-03-16,56129000,45.33000183105469,45.599998474121094,44.970001220703125,45.0099983215332,42.08762741088867,CSCO
2019-10-21,2130400,1769.6600341796875,1785.8800048828125,1765.0,1785.6600341796875,1785.6600341796875,AMZN
2018-12-06,13074300,268.3299865722656,283.2200012207031,267.1400146484375,282.8800048828125,282.8800048828125,NFLX
2019-03-11,26491600,110.98999786376952,112.9499969482422,110.9800033569336,112.83000183105467,111.04741668701172,MSFT
2019-02-15,78644100,23.579999923706055,24.049999237060547,23.200000762939453,23.68000030517578,23.68000030517578,AMD
2018-03-27,2462600,61.65999984741211,62.02000045776367,60.08000183105469,60.34000015258789,60.34000015258789,TMUS
2019-12-05,22632800,44.04999923706055,44.099998474121094,43.400001525878906,43.52000045776367,42.7966423034668,CSCO
2019-04-11,6526900,365.0,370.1199951171875,360.80999755859375,367.6499938964844,367.6499938964844,NFLX
2018-12-27,8575100,319.8399963378906,322.1700134277344,301.5,316.1300048828125,316.1300048828125,TSLA
2019-05-01,17648500,56.0,56.349998474121094,55.5099983215332,55.58000183105469,53.90513610839844,CSCO
2018-08-28,215771200,25.510000228881836,26.18000030517578,24.040000915527344,25.049999237060547,25.049999237060547,AMD
2019-12-05,4615500,305.2699890136719,306.4800109863281,298.80999755859375,302.8599853515625,302.8599853515625,NFLX
2019-05-20,20102700,79.87000274658203,80.93000030517578,75.72000122070312,78.29000091552734,78.29000091552734,TMUS
2019-04-10,2964000,1841.0,1848.0,1828.81005859375,1847.3299560546875,1847.3299560546875,AMZN
2019-06-27,2319600,73.44999694824219,73.72000122070312,72.91999816894531,73.29000091552734,73.29000091552734,TMUS
2018-08-14,5805200,342.0899963378906,342.4100036621094,336.25,337.489990234375,337.489990234375,NFLX
2019-10-25,30006100,297.7200012207031,330.0,296.1099853515625,328.1300048828125,328.1300048828125,TSLA
2019-10-11,25446000,140.1199951171875,141.02999877929688,139.5,139.67999267578125,138.44154357910156,MSFT
2018-08-23,3563000,1907.1700439453125,1919.5,1900.760009765625,1902.9000244140625,1902.9000244140625,AMZN
2019-10-09,18692600,227.02999877929688,227.7899932861328,225.63999938964844,227.02999877929688,225.20489501953125,AAPL
2019-05-20,3798200,1852.68994140625,1867.780029296875,1835.5400390625,1858.969970703125,1858.969970703125,AMZN
2019-10-16,2004600,289.0,290.1000061035156,286.5400085449219,288.4800109863281,288.4800109863281,AVGO
2019-03-21,51034200,190.02000427246097,196.3300018310547,189.80999755859375,195.08999633789065,192.049560546875,AAPL
2019-11-05,4062400,289.989990234375,291.19000244140625,286.30999755859375,288.0299987792969,288.0299987792969,NFLX
2018-06-15,49379800,44.36000061035156,44.529998779296875,43.59000015258789,44.25,41.7095947265625,CSCO
2018-05-25,7817400,349.8999938964844,354.3599853515625,348.8299865722656,351.2900085449219,351.2900085449219,NFLX
2019-04-16,47340100,27.719999313354492,28.18000030517578,27.489999771118164,27.93000030517578,27.93000030517578,AMD
2019-09-04,2324100,1805.0,1807.6300048828125,1796.22998046875,1800.6199951171875,1800.6199951171875,AMZN
2019-03-22,42407700,195.33999633789065,197.69000244140625,190.77999877929688,191.0500030517578,188.07254028320312,AAPL
2018-04-17,2957000,63.0,63.630001068115234,62.56999969482422,63.02000045776367,63.02000045776367,TMUS
2018-11-01,136896500,18.40999984741211,20.329999923706055,18.079999923706055,20.219999313354492,20.219999313354492,AMD
2019-08-28,2035600,76.93000030517578,77.37000274658203,76.27999877929688,77.05999755859375,77.05999755859375,TMUS
2019-09-09,2999500,1841.0,1850.0,1824.6099853515625,1831.3499755859375,1831.3499755859375,AMZN
2019-07-29,16605900,141.5,141.50999450683594,139.3699951171875,141.02999877929688,139.315673828125,MSFT
2018-12-10,77984500,19.350000381469727,20.1299991607666,19.270000457763672,19.989999771118164,19.989999771118164,AMD
2019-04-22,11951500,56.15999984741211,56.599998474121094,56.099998474121094,56.34000015258789,54.642234802246094,CSCO
2018-01-02,10966900,196.1000061035156,201.6499938964844,195.4199981689453,201.07000732421875,201.07000732421875,NFLX
2018-03-02,58123500,11.670000076293944,11.93000030517578,11.43000030517578,11.8100004196167,11.8100004196167,AMD
2019-04-18,39880900,27.600000381469727,27.8799991607666,27.34000015258789,27.68000030517578,27.68000030517578,AMD
2019-11-04,3202400,136.8000030517578,137.10000610351562,134.72999572753906,135.16000366210938,132.29283142089844,PEP
2018-09-14,31999300,225.75,226.83999633789065,222.52000427246097,223.83999633789065,218.64761352539065,AAPL
2019-09-26,20172900,49.43000030517578,49.4900016784668,48.2599983215332,48.83000183105469,47.65741729736328,CSCO
2018-11-01,58323200,219.0500030517578,222.36000061035156,216.80999755859375,222.22000122070312,217.065185546875,AAPL
2019-08-20,1929500,1814.5,1816.8199462890625,1799.8800048828125,1801.3800048828125,1801.3800048828125,AMZN
2019-02-15,1735200,284.0899963378906,284.0899963378906,278.7900085449219,281.92999267578125,281.92999267578125,AVGO
2019-01-18,33751000,157.5,157.8800048828125,155.97999572753906,156.82000732421875,153.7167510986328,AAPL
2019-06-20,72418200,31.239999771118164,31.36000061035156,29.84000015258789,30.010000228881836,30.010000228881836,AMD
2018-11-27,5783200,1575.989990234375,1597.6500244140625,1558.010009765625,1581.4200439453125,1581.4200439453125,AMZN
2019-12-02,3866300,136.64999389648438,136.64999389648438,134.44000244140625,135.8800048828125,132.99755859375,PEP
2018-04-18,2051100,251.0,251.6699981689453,247.4600067138672,249.58999633789065,249.58999633789065,AVGO
2018-05-02,4360300,1580.97998046875,1588.5,1566.3599853515625,1569.6800537109375,1569.6800537109375,AMZN
2019-07-18,1937000,286.17999267578125,290.29998779296875,283.79998779296875,289.7799987792969,289.7799987792969,AVGO
2019-03-21,129610300,25.780000686645508,28.11000061035156,25.709999084472656,27.88999938964844,27.88999938964844,AMD
2018-01-18,4088700,63.84000015258789,64.08000183105469,62.439998626708984,62.880001068115234,62.880001068115234,TMUS
2019-04-11,44801200,27.809999465942383,28.049999237060547,27.459999084472656,27.790000915527344,27.790000915527344,AMD
2018-03-27,40922600,173.67999267578125,175.14999389648438,166.9199981689453,168.33999633789062,163.2309112548828,AAPL
2018-01-05,4591200,316.6199951171875,317.239990234375,312.0,316.5799865722656,316.5799865722656,TSLA
2018-12-04,45197000,111.94000244140624,112.63999938964844,108.20999908447266,108.5199966430664,106.3512954711914,MSFT
2019-06-12,4584700,351.82000732421875,353.6099853515625,343.2300109863281,345.55999755859375,345.55999755859375,NFLX
2019-01-02,87148700,18.010000228881836,19.0,17.979999542236328,18.829999923706055,18.829999923706055,AMD
2018-12-07,45044900,108.37999725341795,109.4499969482422,104.3000030517578,104.81999969482422,102.72525024414062,MSFT
2018-03-28,2589700,60.54999923706055,61.709999084472656,60.36000061035156,60.869998931884766,60.869998931884766,TMUS
2018-01-25,41529000,174.50999450683594,174.9499969482422,170.52999877929688,171.11000061035156,165.24313354492188,AAPL
2019-05-09,73150900,26.700000762939453,27.3799991607666,26.030000686645508,27.209999084472656,27.209999084472656,AMD
2018-10-19,32785500,108.93000030517578,110.86000061035156,108.20999908447266,108.66000366210938,106.03045654296876,MSFT
2019-06-27,55623300,30.40999984741211,30.959999084472656,30.209999084472656,30.739999771118164,30.739999771118164,AMD
2018-04-25,28382100,162.6199951171875,165.4199981689453,162.41000366210938,163.64999389648438,158.68325805664062,AAPL
2019-06-19,2895300,1907.8399658203125,1919.5799560546875,1892.469970703125,1908.7900390625,1908.7900390625,AMZN
2018-10-24,40925500,222.6000061035156,224.22999572753903,214.5399932861328,215.08999633789065,210.1005859375,AAPL
2018-08-27,17209900,46.5,46.86000061035156,46.34000015258789,46.59000015258789,44.257537841796875,CSCO
2018-01-05,2714200,118.41000366210938,119.08999633789062,118.25,118.66999816894533,109.94523620605467,PEP
2018-12-19,8274200,337.6000061035156,347.010009765625,329.739990234375,332.9700012207031,332.9700012207031,TSLA
2019-10-31,2781200,1775.989990234375,1792.0,1771.47998046875,1776.6600341796875,1776.6600341796875,AMZN
2018-05-29,3846500,1600.7099609375,1621.7900390625,1600.1500244140625,1612.8699951171875,1612.8699951171875,AMZN
2018-09-25,2610800,69.51000213623047,69.55000305175781,68.55999755859375,69.44999694824219,69.44999694824219,TMUS
2018-09-12,197889600,29.90999984741211,32.290000915527344,29.450000762939453,32.209999084472656,32.209999084472656,AMD
2019-01-02,4418600,62.869998931884766,65.33000183105469,62.54999923706055,65.26000213623047,65.26000213623047,TMUS
2018-12-06,40133000,46.9900016784668,48.459999084472656,46.470001220703125,48.38999938964844,46.27820587158203,CSCO
2018-09-25,118570200,33.18000030517578,33.599998474121094,32.189998626708984,32.56999969482422,32.56999969482422,AMD
2019-07-30,5285000,81.69999694824219,82.33000183105469,81.0199966430664,81.30000305175781,81.30000305175781,TMUS
2018-07-03,13954800,187.7899932861328,187.9499969482422,183.5399932861328,183.9199981689453,179.02577209472656,AAPL
2019-08-08,27496500,136.60000610351562,138.99000549316406,135.92999267578125,138.88999938964844,137.20169067382812,MSFT
2019-03-01,5526500,362.260009765625,362.8699951171875,354.69000244140625,357.32000732421875,357.32000732421875,NFLX
2018-10-23,6723900,1742.239990234375,1776.3399658203125,1714.0,1768.699951171875,1768.699951171875,AMZN
2018-05-16,73364000,12.640000343322754,12.979999542236328,12.619999885559082,12.81999969482422,12.81999969482422,AMD
2019-05-28,23128400,126.9800033569336,128.0,126.0500030517578,126.16000366210938,124.6264419555664,MSFT
2018-06-27,20794800,42.72999954223633,43.150001525878906,42.279998779296875,42.33000183105469,39.89982986450195,CSCO
2019-05-29,5502700,127.58000183105467,128.30999755859375,126.83999633789062,128.1699981689453,123.68453979492188,PEP
2018-05-14,4307900,97.69000244140624,97.7300033569336,96.7300033569336,97.1500015258789,90.67261505126952,PEP
2018-06-29,4721400,108.72000122070312,109.5,107.8000030517578,108.87000274658205,102.54570770263672,PEP
2019-06-11,3710500,290.489990234375,291.75,279.4100036621094,283.4800109863281,283.4800109863281,AVGO
2019-05-08,4078600,1918.8699951171875,1935.3699951171875,1910.0,1917.77001953125,1917.77001953125,AMZN
2019-02-06,4209400,113.41000366210938,113.58000183105467,112.3000030517578,113.0500030517578,108.21617889404295,PEP
2019-05-08,28419000,125.44000244140624,126.37000274658205,124.75,125.51000213623048,123.52708435058594,MSFT
2018-01-23,23984500,41.540000915527344,42.130001068115234,41.540000915527344,42.099998474121094,39.3665657043457,CSCO
2018-01-25,15336400,263.0,272.29998779296875,260.2300109863281,269.70001220703125,269.70001220703125,NFLX
2019-06-07,16003500,205.0,210.83999633789065,203.5,204.5,204.5,TSLA
2019-04-30,24166500,129.80999755859375,130.6999969482422,129.38999938964844,130.60000610351562,128.5366668701172,MSFT
2019-09-13,5313100,246.9600067138672,248.4499969482422,244.8699951171875,245.1999969482422,245.1999969482422,TSLA
2019-02-06,28239600,174.64999389648438,175.57000732421875,172.85000610351562,174.24000549316406,170.7920379638672,AAPL
2018-07-02,19564500,98.0999984741211,100.05999755859376,98.0,100.01000213623048,97.21566772460938,MSFT
2018-10-31,9212400,67.37000274658203,69.5999984741211,67.25,68.55000305175781,68.55000305175781,TMUS
2019-12-17,44852000,42.5099983215332,43.11000061035156,42.150001525878906,42.77000045776367,42.77000045776367,AMD
2018-06-05,4851900,100.45999908447266,100.95999908447266,99.87999725341795,100.20999908447266,94.38877868652344,PEP
2018-04-16,21578400,175.02999877929688,176.19000244140625,174.8300018310547,175.82000732421875,170.4839324951172,AAPL
2019-10-18,23429900,289.3599853515625,290.8999938964844,273.3599853515625,275.29998779296875,275.29998779296875,NFLX
2018-06-13,3327500,1702.81005859375,1713.75,1700.1199951171875,1704.8599853515625,1704.8599853515625,AMZN
2019-07-31,9178200,243.0,246.67999267578125,236.6499938964844,241.61000061035156,241.61000061035156,TSLA
2018-10-02,2272300,70.16000366210938,70.58000183105469,69.56999969482422,69.72000122070312,69.72000122070312,TMUS
2018-10-01,2684400,70.70999908447266,70.94000244140625,69.97000122070312,70.25,70.25,TMUS
2019-01-22,3715600,258.0,259.4599914550781,254.8999938964844,258.2900085449219,258.2900085449219,AVGO
2019-08-20,4125200,227.6199951171875,229.08999633789065,224.5399932861328,225.86000061035156,225.86000061035156,TSLA
2018-08-08,3963000,1861.0,1891.510009765625,1854.5,1886.52001953125,1886.52001953125,AMZN
2019-02-28,29083900,112.04000091552734,112.87999725341795,111.7300033569336,112.02999877929688,110.26004791259766,MSFT
2019-12-11,31698300,39.439998626708984,39.61000061035156,39.040000915527344,39.470001220703125,39.470001220703125,AMD
2018-12-03,139607400,22.479999542236328,23.75,22.3700008392334,23.709999084472656,23.709999084472656,AMD
2018-07-27,9681000,1876.050048828125,1880.050048828125,1806.530029296875,1817.27001953125,1817.27001953125,AMZN
2019-07-02,2645900,1919.3800048828125,1934.7900390625,1906.6300048828125,1934.31005859375,1934.31005859375,AMZN
2019-09-30,1982600,275.7900085449219,276.7200012207031,272.5,276.07000732421875,276.07000732421875,AVGO
2019-01-22,2971200,66.75,67.19000244140625,66.19999694824219,66.83000183105469,66.83000183105469,TMUS
2018-04-26,42529000,93.5500030517578,95.1500015258789,93.0999984741211,94.26000213623048,91.23089599609376,MSFT
2018-12-06,5191700,116.30999755859376,117.37999725341795,114.0999984741211,116.83999633789062,111.84412384033205,PEP
2019-06-26,6024100,133.05999755859375,133.77000427246094,132.3000030517578,132.32000732421875,128.62420654296875,PEP
2018-06-11,23490900,101.01000213623048,101.58999633789062,100.66999816894533,101.0500030517578,98.22660064697266,MSFT
2019-05-17,4011700,129.9199981689453,130.8699951171875,129.64999389648438,130.50999450683594,125.9426498413086,PEP
2019-04-18,2654800,321.0400085449219,322.45001220703125,318.1600036621094,318.6199951171875,318.6199951171875,AVGO
2018-09-20,26608800,220.2400054931641,222.27999877929688,219.1499938964844,220.02999877929688,214.9260101318359,AAPL
2018-10-01,21777600,305.7699890136719,311.44000244140625,301.04998779296875,310.70001220703125,310.70001220703125,TSLA
2018-12-14,47043100,108.25,109.26000213623048,105.5,106.02999877929688,103.91106414794922,MSFT
2018-01-08,2097100,270.9200134277344,272.54998779296875,269.05999755859375,272.2699890136719,272.2699890136719,AVGO
2018-01-30,4600200,241.25,245.02999877929688,237.0099945068359,240.97999572753903,240.97999572753903,AVGO
2018-05-24,23234000,188.77000427246097,188.83999633789065,186.2100067138672,188.1499938964844,183.14320373535156,AAPL
2018-03-22,38604700,91.2699966430664,91.75,89.66000366210938,89.79000091552734,86.904541015625,MSFT
2018-01-08,9859400,316.0,337.0199890136719,315.5,336.4100036621094,336.4100036621094,TSLA
2019-11-07,5928500,290.70001220703125,298.19000244140625,288.2699890136719,289.57000732421875,289.57000732421875,NFLX
2019-02-06,3939900,1670.75,1672.260009765625,1633.3399658203125,1640.260009765625,1640.260009765625,AMZN
2018-09-07,3833800,112.8499984741211,113.5,111.51000213623048,112.73999786376952,107.06925964355467,PEP
2019-03-26,2857200,72.58000183105469,73.36000061035156,72.37000274658203,73.33999633789062,73.33999633789062,TMUS
2019-07-01,22654200,136.6300048828125,136.6999969482422,134.97000122070312,135.67999267578125,134.03070068359375,MSFT
2019-09-24,31190800,221.02999877929688,222.4900054931641,217.19000244140625,217.67999267578125,215.93003845214844,AAPL
2019-03-20,21140800,53.15999984741211,53.869998931884766,52.86000061035156,53.2599983215332,51.33005142211914,CSCO
2018-08-28,3100700,1937.72998046875,1941.780029296875,1928.8199462890625,1932.8199462890625,1932.8199462890625,AMZN
2018-04-24,33692000,165.6699981689453,166.3300018310547,161.22000122070312,162.94000244140625,157.9948272705078,AAPL
2019-09-04,46614600,31.31999969482422,31.829999923706055,30.850000381469727,30.950000762939453,30.950000762939453,AMD
2018-12-04,8461900,356.04998779296875,368.6799926757813,352.0,359.70001220703125,359.70001220703125,TSLA
2019-03-13,6444100,355.80999755859375,362.4800109863281,352.7699890136719,361.2099914550781,361.2099914550781,NFLX
2018-08-06,25425400,208.0,209.25,207.07000732421875,209.07000732421875,203.50650024414065,AAPL
2018-03-19,3690300,64.68000030517578,64.86000061035156,63.04999923706055,63.220001220703125,63.220001220703125,TMUS
2019-05-15,1816600,300.2699890136719,307.7699890136719,298.6099853515625,304.3699951171875,304.3699951171875,AVGO
2019-05-09,3127200,125.7699966430664,126.54000091552734,124.8499984741211,126.0500030517578,121.63874053955078,PEP
2019-03-27,4324800,1784.1300048828125,1787.5,1745.6800537109375,1765.699951171875,1765.699951171875,AMZN
2018-04-20,23539200,44.5,44.75,43.619998931884766,44.09000015258789,41.55878448486328,CSCO
2019-01-08,31514400,103.04000091552734,103.97000122070312,101.70999908447266,102.8000030517578,100.74561309814452,MSFT
2019-03-08,6898800,345.75,349.9200134277344,342.4700012207031,349.6000061035156,349.6000061035156,NFLX
2019-02-07,6520600,313.29998779296875,314.70001220703125,303.0,307.510009765625,307.510009765625,TSLA
2019-10-04,34446700,28.829999923706055,29.059999465942383,28.280000686645508,29.010000228881836,29.010000228881836,AMD
2018-09-21,4046100,69.33999633789062,69.7699966430664,68.88999938964844,69.06999969482422,69.06999969482422,TMUS
2019-06-14,2851200,1864.0,1876.0,1859.0,1869.6700439453125,1869.6700439453125,AMZN
2018-06-21,95638400,16.649999618530273,16.8700008392334,15.460000038146973,15.649999618530272,15.649999618530272,AMD
2018-02-12,38210700,40.52000045776367,40.90999984741211,40.22999954223633,40.599998474121094,37.96395111083984,CSCO
2018-09-27,8509100,312.8999938964844,314.9599914550781,306.9100036621094,307.5199890136719,307.5199890136719,TSLA
2019-12-05,3724600,332.8299865722656,334.4200134277344,327.25,330.3699951171875,330.3699951171875,TSLA
2019-10-08,25550500,137.0800018310547,137.75999450683594,135.6199951171875,135.6699981689453,134.4671173095703,MSFT
2019-09-13,15867800,50.0099983215332,50.220001220703125,49.7599983215332,50.029998779296875,48.8286018371582,CSCO
2019-09-23,19165500,218.9499969482422,219.83999633789065,217.6499938964844,218.72000122070312,216.9616851806641,AAPL
2019-06-18,4995900,75.94000244140625,77.12999725341797,75.55000305175781,76.44000244140625,76.44000244140625,TMUS
2019-09-04,1876500,77.51000213623047,77.83999633789062,77.0199966430664,77.61000061035156,77.61000061035156,TMUS
2019-07-09,8233200,133.0,133.39999389648438,130.72000122070312,131.74000549316406,128.0604248046875,PEP
2019-11-07,3338700,134.41000366210938,134.5,133.1199951171875,133.32000732421875,130.49185180664062,PEP
2019-08-06,6258600,124.77999877929688,127.0,124.37999725341795,126.4499969482422,122.91815948486328,PEP
2019-02-26,2665800,1625.97998046875,1639.989990234375,1616.1300048828125,1636.4000244140625,1636.4000244140625,AMZN
2018-02-27,38928100,179.10000610351562,180.47999572753903,178.16000366210938,178.38999938964844,172.97592163085938,AAPL
2018-06-04,3932000,100.7699966430664,101.08999633789062,100.02999877929688,100.12000274658205,94.3040008544922,PEP
2019-06-26,2441900,1892.47998046875,1903.800048828125,1887.3199462890625,1897.8299560546875,1897.8299560546875,AMZN
2019-10-22,36185200,32.060001373291016,32.150001525878906,31.5,31.510000228881836,31.510000228881836,AMD
2019-11-18,21534000,150.07000732421875,150.5500030517578,148.97999572753906,150.33999633789062,149.00704956054688,MSFT
2019-03-28,13095000,53.189998626708984,53.689998626708984,53.02000045776367,53.36000061035156,51.42643356323242,CSCO
2018-09-05,20818100,47.560001373291016,47.650001525878906,46.7599983215332,47.27000045776367,44.90349197387695,CSCO
2019-02-08,5844200,306.8299865722656,307.45001220703125,298.5,305.79998779296875,305.79998779296875,TSLA
2019-12-30,16348400,158.99000549316406,159.02000427246094,156.72999572753906,157.58999633789062,156.7242431640625,MSFT
2019-10-09,19749900,137.4600067138672,138.6999969482422,136.97000122070312,138.24000549316406,137.0143280029297,MSFT
2018-07-26,5096300,116.13999938964844,116.9000015258789,114.87999725341795,115.0,108.31961822509766,PEP
2018-12-18,7100000,350.5400085449219,351.54998779296875,333.69000244140625,337.0299987792969,337.0299987792969,TSLA
2019-07-17,4105100,133.9199981689453,134.27999877929688,132.47000122070312,132.77999877929688,129.0713653564453,PEP
2018-02-01,6685100,241.72000122070312,245.8999938964844,238.1000061035156,238.7899932861328,238.7899932861328,AVGO
2018-08-10,2241600,64.63999938964844,65.19999694824219,64.05999755859375,64.9800033569336,64.9800033569336,TMUS
2019-12-20,68104700,43.439998626708984,44.2599983215332,43.2599983215332,44.150001525878906,44.150001525878906,AMD
2018-11-27,21472700,45.45000076293945,46.38999938964844,45.209999084472656,46.119998931884766,44.10726547241211,CSCO
2018-05-10,3100600,96.43000030517578,97.73999786376952,96.4000015258789,97.2699966430664,90.78460693359376,PEP
2018-04-24,21421500,44.43000030517578,44.90999984741211,43.33000183105469,43.7400016784668,41.228878021240234,CSCO
2019-02-12,6765300,113.2300033569336,114.5,112.22000122070312,113.79000091552734,108.92453002929688,PEP
2019-05-03,2588800,73.70999908447266,74.77999877929688,73.4000015258789,74.73999786376953,74.73999786376953,TMUS
2018-01-22,2723000,265.6499938964844,266.7699890136719,260.6199951171875,262.1099853515625,262.1099853515625,AVGO
2018-09-10,6088000,234.66000366210935,240.9499969482422,232.0500030517578,240.61000061035156,240.61000061035156,AVGO
2018-06-06,21122900,102.4800033569336,102.5999984741211,101.9000015258789,102.48999786376952,99.6263656616211,MSFT
2019-09-17,2191200,288.0199890136719,289.29998779296875,283.75,288.8299865722656,288.8299865722656,AVGO
2018-01-25,6740300,348.2699890136719,349.20001220703125,336.3999938964844,337.6400146484375,337.6400146484375,TSLA
2018-08-08,13917100,43.63999938964844,43.959999084472656,43.439998626708984,43.84000015258789,41.64521408081055,CSCO
2018-12-12,3279600,66.7699966430664,67.08000183105469,66.05999755859375,66.0999984741211,66.0999984741211,TMUS
2018-11-16,9099500,287.1400146484375,291.7200012207031,281.0,286.2099914550781,286.2099914550781,NFLX
2019-05-08,3844700,125.8000030517578,126.73999786376952,124.9499969482422,126.0199966430664,121.60977935791016,PEP
2018-07-10,1641300,248.33999633789065,251.8000030517578,247.0500030517578,250.55999755859375,250.55999755859375,AVGO
2019-08-30,1672000,285.3599853515625,285.8999938964844,279.8999938964844,282.6400146484375,282.6400146484375,AVGO
2019-02-01,5010500,112.9499969482422,113.27999877929688,111.4499969482422,112.19000244140624,107.3929443359375,PEP
2018-05-31,34140900,99.29000091552734,99.98999786376952,98.61000061035156,98.83999633789062,96.07835388183594,MSFT
2019-04-24,2373500,73.38999938964844,73.87000274658203,72.72000122070312,73.33000183105469,73.33000183105469,TMUS
2019-10-02,3301100,1727.739990234375,1728.8900146484375,1705.0,1713.22998046875,1713.22998046875,AMZN
2019-05-14,2987100,73.41999816894531,73.87000274658203,73.04000091552734,73.5999984741211,73.5999984741211,TMUS
2018-08-30,10981000,365.0,376.80999755859375,363.5400085449219,370.9800109863281,370.9800109863281,NFLX
2019-02-14,9295300,351.75,360.4500122070313,348.3299865722656,359.07000732421875,359.07000732421875,NFLX
2019-05-29,99969600,29.0,29.31999969482422,27.729999542236328,28.09000015258789,28.09000015258789,AMD
2019-09-18,47027500,30.75,30.88999938964844,29.8799991607666,30.420000076293945,30.420000076293945,AMD
2019-07-08,49689400,31.799999237060547,32.150001525878906,31.260000228881836,32.040000915527344,32.040000915527344,AMD
2019-06-14,4813600,74.66999816894531,78.0,74.27999877929688,74.9000015258789,74.9000015258789,TMUS
2019-01-08,7008500,341.9599914550781,344.010009765625,327.0199890136719,335.3500061035156,335.3500061035156,TSLA
2019-04-03,7929900,287.32000732421875,296.1700134277344,287.1700134277344,291.80999755859375,291.80999755859375,TSLA
2019-01-07,19488100,42.86000061035156,43.650001525878906,42.7599983215332,43.209999084472656,41.64422607421875,CSCO
2019-04-02,5158700,366.25,368.4200134277344,362.2200012207031,367.7200012207031,367.7200012207031,NFLX
2018-05-10,5651600,307.5,312.989990234375,304.1099853515625,305.0199890136719,305.0199890136719,TSLA
2019-01-22,12066700,304.82000732421875,308.0,295.5,298.9200134277344,298.9200134277344,TSLA
2018-12-27,111373000,17.43000030517578,17.739999771118164,16.440000534057617,17.489999771118164,17.489999771118164,AMD
2018-12-26,58582500,148.3000030517578,157.22999572753906,146.72000122070312,157.1699981689453,154.059814453125,AAPL
2019-06-24,2050600,275.5199890136719,279.45001220703125,275.0,279.20001220703125,279.20001220703125,AVGO
2019-03-07,2309300,70.62000274658203,71.37999725341797,70.5199966430664,71.31999969482422,71.31999969482422,TMUS
2019-03-15,46519900,23.100000381469727,23.649999618530273,23.010000228881836,23.290000915527344,23.290000915527344,AMD
2019-05-23,4660700,264.5799865722656,265.489990234375,258.1700134277344,260.0899963378906,260.0899963378906,AVGO
2018-12-21,77915100,42.90999984741211,43.459999084472656,41.7400016784668,41.849998474121094,40.02360916137695,CSCO
2018-02-22,6969800,335.5299987792969,347.44000244140625,334.75,346.1700134277344,346.1700134277344,TSLA
2019-01-31,2106300,270.55999755859375,271.0,266.3500061035156,268.25,268.25,AVGO
2019-12-16,24144200,155.11000061035156,155.89999389648438,154.82000732421875,155.52999877929688,154.67555236816406,MSFT
2018-05-16,3671700,326.2799987792969,329.7200012207031,325.1400146484375,328.19000244140625,328.19000244140625,NFLX
2018-03-22,6320600,1565.469970703125,1573.8499755859375,1542.4000244140625,1544.9200439453125,1544.9200439453125,AMZN
2019-01-04,6293900,109.54000091552734,110.5999984741211,108.23999786376952,110.4800033569336,105.7560577392578,PEP
2019-02-22,2522000,73.80000305175781,74.05999755859375,72.97000122070312,73.19999694824219,73.19999694824219,TMUS
2018-08-20,2862000,1890.5699462890625,1891.75,1866.06005859375,1876.7099609375,1876.7099609375,AMZN
2018-07-12,12743300,415.1600036621094,416.7900085449219,407.7999877929687,413.5,413.5,NFLX
2019-08-16,70469800,30.309999465942383,31.479999542236328,30.209999084472656,31.18000030517578,31.18000030517578,AMD
2019-08-28,3972600,134.5,135.33999633789062,134.27999877929688,135.19000244140625,131.41404724121094,PEP
2018-12-26,108811800,16.8799991607666,17.90999984741211,16.030000686645508,17.899999618530273,17.899999618530273,AMD
2019-07-30,8109000,232.8999938964844,243.36000061035156,232.17999267578125,242.2599945068359,242.2599945068359,TSLA
2019-09-17,16070600,49.97999954223633,50.02000045776367,49.18000030517578,49.40999984741211,48.22349166870117,CSCO
2018-07-11,2473600,60.290000915527344,60.959999084472656,59.810001373291016,60.18000030517578,60.18000030517578,TMUS
2019-05-20,23706900,126.5199966430664,127.58999633789062,125.76000213623048,126.22000122070312,124.68570709228516,MSFT
2018-08-28,5229400,112.22000122070312,112.4499969482422,110.88999938964844,111.16999816894533,104.71209716796876,PEP
2018-02-16,47332300,12.109999656677246,12.229999542236328,11.81999969482422,11.81999969482422,11.81999969482422,AMD
2018-08-17,4104300,1885.800048828125,1888.0,1855.550048828125,1882.219970703125,1882.219970703125,AMZN
2019-11-01,5594300,288.70001220703125,289.1199951171875,283.0199890136719,286.80999755859375,286.80999755859375,NFLX
2018-04-11,1992200,238.1199951171875,240.72000122070312,237.0800018310547,240.32000732421875,240.32000732421875,AVGO
2019-05-13,4297200,127.0199966430664,127.94000244140624,126.62999725341795,127.16000366210938,122.70989990234376,PEP
2019-03-19,6364200,1753.510009765625,1784.1600341796875,1753.510009765625,1761.8499755859375,1761.8499755859375,AMZN
2019-10-29,12684300,319.989990234375,324.29998779296875,314.75,316.2200012207031,316.2200012207031,TSLA
2019-03-20,31035200,186.22999572753903,189.4900054931641,184.72999572753903,188.16000366210935,185.2275848388672,AAPL
2019-01-30,9234500,332.75,341.7799987792969,330.79998779296875,340.6600036621094,340.6600036621094,NFLX
2019-05-16,67330100,27.3700008392334,28.3700008392334,27.270000457763672,28.010000228881836,28.010000228881836,AMD
2019-03-14,5271400,360.5,363.8399963378906,358.1000061035156,358.82000732421875,358.82000732421875,NFLX
2019-06-10,26477100,132.39999389648438,134.0800018310547,132.0,132.60000610351562,130.9881591796875,MSFT
2018-12-04,41344300,180.9499969482422,182.38999938964844,176.27000427246094,176.69000244140625,173.19354248046875,AAPL
2019-03-29,19582300,53.70000076293945,54.0,53.36000061035156,53.9900016784668,52.03360748291016,CSCO
2018-01-22,23601600,90.0,91.62000274658205,89.73999786376953,91.61000061035156,88.2514877319336,MSFT
2018-09-04,3666300,218.58999633789065,220.2899932861328,217.1300048828125,219.42999267578125,219.42999267578125,AVGO
2018-03-01,6835200,1513.5999755859375,1518.489990234375,1465.0,1493.449951171875,1493.449951171875,AMZN
2018-07-09,3012000,1724.050048828125,1739.56005859375,1716.22998046875,1739.02001953125,1739.02001953125,AMZN
2019-07-08,2883400,1934.1199951171875,1956.0,1928.25,1952.3199462890625,1952.3199462890625,AMZN
2019-04-30,3506000,1930.0999755859375,1935.7099609375,1906.949951171875,1926.52001953125,1926.52001953125,AMZN
2018-10-23,21836200,45.150001525878906,45.77000045776367,44.439998626708984,45.41999816894531,43.43781661987305,CSCO
2018-04-19,57841600,10.18000030517578,10.329999923706056,9.989999771118164,10.109999656677246,10.109999656677246,AMD
2019-03-25,2387800,292.20001220703125,294.17999267578125,289.0,292.1600036621094,292.1600036621094,AVGO
2019-04-10,4545600,365.7900085449219,368.8500061035156,362.25,363.9200134277344,363.9200134277344,NFLX
2019-04-03,21110400,55.459999084472656,55.79999923706055,55.06999969482422,55.630001068115234,53.61417770385742,CSCO
2019-11-14,2141900,133.60000610351562,133.91000366210938,132.72999572753906,133.3300018310547,130.50164794921875,PEP
2019-06-19,4349900,132.05999755859375,133.2899932861328,131.3300018310547,132.85000610351562,129.13941955566406,PEP
2019-04-10,2629900,71.55000305175781,72.33000183105469,71.19000244140625,72.16000366210938,72.16000366210938,TMUS
2019-11-22,3014900,133.9199981689453,134.52999877929688,133.02000427246094,134.07000732421875,131.22596740722656,PEP
2018-08-08,5172900,114.5199966430664,114.8499984741211,113.47000122070312,113.48999786376952,106.89733123779295,PEP
2018-05-15,6555700,96.61000061035156,97.23999786376952,96.36000061035156,96.8000030517578,90.345947265625,PEP
2018-08-30,48793800,223.25,228.2599945068359,222.3999938964844,225.02999877929688,219.80999755859375,AAPL
2018-10-04,9814200,293.95001220703125,294.0,277.6700134277344,281.8299865722656,281.8299865722656,TSLA
2019-05-13,8026700,352.2900085449219,354.260009765625,343.1000061035156,345.260009765625,345.260009765625,NFLX
2018-10-26,55523100,105.69000244140624,108.75,104.76000213623048,106.95999908447266,104.37159729003906,MSFT
2018-12-28,10992800,257.94000244140625,261.9100036621094,249.8000030517578,256.0799865722656,256.0799865722656,NFLX
2019-08-22,47667900,31.760000228881836,31.920000076293945,30.979999542236328,31.899999618530273,31.899999618530273,AMD
2019-07-01,3544800,131.99000549316406,132.2899932861328,131.07000732421875,131.8699951171875,128.186767578125,PEP
2019-04-22,3707000,126.7699966430664,127.23999786376952,125.87999725341795,126.44000244140624,122.0150909423828,PEP
2019-03-22,23938500,53.90999984741211,54.13999938964844,52.70000076293945,52.7400016784668,50.82889938354492,CSCO
2018-05-07,7117800,321.989990234375,329.0199890136719,319.3399963378906,326.260009765625,326.260009765625,NFLX
2019-09-27,3907200,1748.0,1749.1199951171875,1713.8199462890625,1725.449951171875,1725.449951171875,AMZN
2019-07-24,11961800,310.510009765625,319.989990234375,307.25,317.94000244140625,317.94000244140625,NFLX
2018-06-15,6096900,270.0400085449219,271.80999755859375,266.3299865722656,270.2300109863281,270.2300109863281,AVGO
2019-12-05,3351800,136.19000244140625,136.5399932861328,135.27000427246094,136.33999633789062,134.38250732421875,PEP
2018-08-21,18617300,46.25,46.43000030517578,45.720001220703125,45.779998779296875,43.48808288574219,CSCO
2018-04-16,1947200,62.349998474121094,63.040000915527344,61.810001373291016,62.75,62.75,TMUS
2019-03-08,22818400,109.16000366210938,110.70999908447266,108.8000030517578,110.51000213623048,108.7640609741211,MSFT
2019-05-29,2813200,252.7400054931641,256.3699951171875,251.5800018310547,254.1199951171875,254.1199951171875,AVGO
2019-11-04,15018900,47.5,47.880001068115234,47.31999969482422,47.47999954223633,46.690818786621094,CSCO
2019-01-16,70849300,20.399999618530273,20.540000915527344,19.709999084472656,19.729999542236328,19.729999542236328,AMD
2019-06-03,13064400,185.5099945068359,186.67999267578125,176.99000549316406,178.97000122070312,178.97000122070312,TSLA
2019-08-06,35824800,196.30999755859375,198.07000732421875,194.0399932861328,197.0,194.67662048339844,AAPL
2018-10-02,145276500,30.729999542236328,30.81999969482422,28.649999618530273,29.020000457763672,29.020000457763672,AMD
2019-05-15,3798200,73.37000274658203,74.77999877929688,73.05000305175781,74.62999725341797,74.62999725341797,TMUS
2018-09-19,2844900,113.9499969482422,114.23999786376952,113.45999908447266,113.7699966430664,108.04744720458984,PEP
2018-04-03,4556900,230.86000061035156,236.97999572753903,227.2100067138672,236.77999877929688,236.77999877929688,AVGO
2019-09-05,23913700,212.0,213.97000122070312,211.5099945068359,213.27999877929688,211.56541442871097,AAPL
2018-11-28,4127600,345.989990234375,348.2799987792969,342.2099914550781,347.8699951171875,347.8699951171875,TSLA
2018-02-16,3263900,251.27000427246097,252.3699951171875,248.0399932861328,248.88999938964844,248.88999938964844,AVGO
2019-10-04,7995000,231.61000061035156,234.77999877929688,228.07000732421875,231.42999267578125,231.42999267578125,TSLA
2018-03-26,4871300,247.6699981689453,248.8300018310547,240.5099945068359,247.72999572753903,247.72999572753903,AVGO
2018-09-07,17229700,47.0099983215332,47.4900016784668,46.880001068115234,47.04999923706055,44.69450759887695,CSCO
2018-10-26,31806600,44.56999969482422,45.11000061035156,43.779998779296875,44.25,42.318878173828125,CSCO
2018-08-21,3105600,1880.0,1897.75,1874.4100341796875,1883.4200439453125,1883.4200439453125,AMZN
2018-11-01,33384200,107.0500030517578,107.31999969482422,105.52999877929688,105.91999816894533,103.35674285888672,MSFT
2018-11-19,9708900,356.3399963378906,366.75,352.8800048828125,353.4700012207031,353.4700012207031,TSLA
2018-04-13,23346100,94.0500030517578,94.18000030517578,92.44000244140624,93.08000183105467,90.08881378173828,MSFT
2019-01-15,31587600,102.51000213623048,105.0500030517578,101.87999725341795,105.01000213623048,102.91145324707033,MSFT
2019-01-02,11658600,306.1000061035156,315.1300048828125,298.79998779296875,310.1199951171875,310.1199951171875,TSLA
2018-09-05,257349000,29.40999984741211,29.940000534057617,26.84000015258789,28.510000228881836,28.510000228881836,AMD
2019-02-25,3184500,1641.449951171875,1654.5999755859375,1630.3900146484375,1633.0,1633.0,AMZN
2018-03-16,39404700,178.64999389648438,179.1199951171875,177.6199951171875,178.02000427246094,172.61715698242188,AAPL
2018-10-10,10988900,1857.8900146484375,1858.56005859375,1754.4100341796875,1755.25,1755.25,AMZN
2019-06-26,2477400,278.5799865722656,284.0299987792969,278.1000061035156,281.44000244140625,281.44000244140625,AVGO
2019-03-13,3208900,270.510009765625,273.0799865722656,269.0199890136719,271.2099914550781,271.2099914550781,AVGO
2018-01-12,3165200,64.16000366210938,64.26000213623047,63.5099983215332,63.68000030517578,63.68000030517578,TMUS
2019-04-15,3724400,1842.0,1846.8499755859375,1818.9000244140625,1844.8699951171875,1844.8699951171875,AMZN
2019-12-19,3178700,329.2099914550781,329.260009765625,323.7099914550781,324.1000061035156,324.1000061035156,AVGO
2019-03-06,20810400,174.6699981689453,175.49000549316406,173.94000244140625,174.52000427246094,171.8001708984375,AAPL
2019-09-05,7395300,222.5,229.8000030517578,220.8500061035156,229.5800018310547,229.5800018310547,TSLA
2018-10-30,2969700,213.77999877929688,221.55999755859375,211.0,221.0099945068359,221.0099945068359,AVGO
2018-10-19,130799900,27.030000686645508,27.100000381469727,23.600000381469727,23.65999984741211,23.65999984741211,AMD
2019-12-30,36028600,289.4599914550781,292.69000244140625,285.2200012207031,291.5199890136719,290.04461669921875,AAPL
2019-01-10,2959400,245.57000732421875,250.57000732421875,244.36000061035156,249.52000427246097,249.52000427246097,AVGO
2019-02-25,63221000,25.010000228881836,25.520000457763672,24.68000030517578,24.709999084472656,24.709999084472656,AMD
2018-06-25,31663100,183.3999938964844,184.9199981689453,180.72999572753903,182.1699981689453,177.32232666015625,AAPL
2018-11-13,2669700,225.4900054931641,229.82000732421875,222.32000732421875,224.8300018310547,224.8300018310547,AVGO
2018-01-18,5685800,345.6700134277344,352.29998779296875,343.739990234375,344.57000732421875,344.57000732421875,TSLA
2019-09-04,17995900,137.3000030517578,137.69000244140625,136.47999572753906,137.6300048828125,136.4097442626953,MSFT
2018-10-22,2647300,69.8499984741211,70.20999908447266,69.41999816894531,69.51000213623047,69.51000213623047,TMUS
2019-06-05,1970200,75.94000244140625,76.55000305175781,75.66999816894531,76.29000091552734,76.29000091552734,TMUS
2019-07-11,7514400,238.13999938964844,241.5,235.8000030517578,238.6000061035156,238.6000061035156,TSLA
2019-06-05,22521900,53.849998474121094,54.790000915527344,53.75,54.75,53.10014724731445,CSCO
2018-05-07,17822400,45.36000061035156,46.0,45.29999923706055,45.72999954223633,43.1046257019043,CSCO
2019-01-09,6348800,1652.97998046875,1667.800048828125,1641.4000244140625,1659.4200439453125,1659.4200439453125,AMZN
2018-08-09,23492600,209.52999877929688,209.77999877929688,207.1999969482422,208.8800048828125,203.3215789794922,AAPL
2018-04-23,22331800,95.73999786376952,96.29000091552734,94.62999725341795,95.3499984741211,92.28585815429688,MSFT
2018-07-30,2324200,59.5,60.7400016784668,59.5,59.81999969482422,59.81999969482422,TMUS
2019-01-07,35656100,101.63999938964844,103.2699966430664,100.9800033569336,102.05999755859376,100.02040100097656,MSFT
2019-03-04,27436200,175.69000244140625,177.75,173.97000122070312,175.85000610351562,173.10943603515625,AAPL
2018-09-04,7605200,366.4700012207031,368.8800048828125,361.260009765625,363.6000061035156,363.6000061035156,NFLX
2019-02-05,27325400,106.05999755859376,107.2699966430664,105.95999908447266,107.22000122070312,105.07728576660156,MSFT
2018-05-16,2933000,242.13999938964844,242.2100067138672,238.9900054931641,240.5099945068359,240.5099945068359,AVGO
2018-10-05,17944500,274.6499938964844,274.8800048828125,260.0,261.95001220703125,261.95001220703125,TSLA
2019-08-09,24619700,201.3000030517578,202.7599945068359,199.2899932861328,200.9900054931641,199.3742218017578,AAPL
2018-09-10,2171600,64.9800033569336,65.80000305175781,64.58999633789062,65.55999755859375,65.55999755859375,TMUS
2019-09-19,41603000,30.56999969482422,30.959999084472656,30.13999938964844,30.290000915527344,30.290000915527344,AMD
2019-11-12,7359400,346.8999938964844,350.3699951171875,344.0400085449219,349.92999267578125,349.92999267578125,TSLA
2019-10-24,4446100,1771.0899658203125,1788.3399658203125,1760.27001953125,1780.780029296875,1780.780029296875,AMZN
2018-02-01,9113800,1445.0,1459.8800048828125,1385.1400146484375,1390.0,1390.0,AMZN
2019-10-09,3065300,137.32000732421875,138.1699981689453,136.8300018310547,137.85000610351562,134.92576599121094,PEP
2018-05-23,20638800,43.400001525878906,43.70000076293945,42.88999938964844,43.68000030517578,41.17232131958008,CSCO
2019-04-22,15648700,122.62000274658205,124.0,122.56999969482422,123.76000213623048,121.80472564697266,MSFT
2018-04-17,5022000,108.69000244140624,109.08000183105467,107.9800033569336,108.87000274658205,101.61119079589844,PEP
2018-06-26,22171200,42.47999954223633,43.13999938964844,42.38999938964844,42.54999923706055,40.10719299316406,CSCO
2018-10-25,6712900,112.95999908447266,113.2699966430664,111.41999816894533,112.8499984741211,107.17372131347656,PEP
2018-05-14,7286800,303.32000732421875,304.94000244140625,291.6199951171875,291.9700012207031,291.9700012207031,TSLA
2018-03-16,6054700,64.44000244140625,65.0,64.36000061035156,64.76000213623047,64.76000213623047,TMUS
2018-09-05,7720800,285.04998779296875,286.7799987792969,277.17999267578125,280.739990234375,280.739990234375,TSLA
2019-09-06,1374800,291.8500061035156,293.29998779296875,289.29998779296875,291.9100036621094,291.9100036621094,AVGO
2018-04-17,2508400,250.88999938964844,252.8500061035156,249.63999938964844,251.7400054931641,251.7400054931641,AVGO
2018-11-23,4202600,334.3500061035156,337.5,325.54998779296875,325.8299865722656,325.8299865722656,TSLA
2019-08-21,41441500,31.049999237060547,31.739999771118164,30.84000015258789,31.700000762939453,31.700000762939453,AMD
2019-09-25,21903400,218.5500030517578,221.5,217.13999938964844,221.02999877929688,219.25311279296875,AAPL
2018-10-10,5796200,107.58999633789062,109.3499984741211,107.1999969482422,107.33999633789062,101.94087982177734,PEP
2019-12-10,2514300,1747.4000244140625,1750.6700439453125,1735.0,1739.2099609375,1739.2099609375,AMZN
2019-02-27,62649300,24.11000061035156,24.229999542236328,23.209999084472656,23.479999542236328,23.479999542236328,AMD
2018-03-09,22230900,44.619998931884766,45.540000915527344,44.61000061035156,45.369998931884766,42.42425155639648,CSCO
2018-03-07,6485500,63.56999969482422,65.0,63.209999084472656,64.55999755859375,64.55999755859375,TMUS
2018-01-25,2798500,65.4000015258789,65.44999694824219,64.33000183105469,64.38999938964844,64.38999938964844,TMUS
2019-05-01,3810800,127.8499984741211,128.0,127.01000213623048,127.23999786376952,122.78709411621094,PEP
2018-03-23,44068900,89.5,90.45999908447266,87.08000183105469,87.18000030517578,84.37842559814453,MSFT
2019-07-12,13660400,57.58000183105469,57.9900016784668,57.56999969482422,57.95000076293945,56.55841445922851,CSCO
2019-02-12,23909200,47.27000045776367,48.150001525878906,47.15999984741211,47.88999938964844,46.15464782714844,CSCO
2018-06-14,25691800,101.6500015258789,102.02999877929688,101.0,101.41999816894533,98.58626556396484,MSFT
2019-09-25,3493200,1747.3599853515625,1773.0,1723.0,1768.3299560546875,1768.3299560546875,AMZN
2019-05-13,28869900,51.83000183105469,52.2599983215332,51.060001373291016,51.29999923706055,49.75410842895508,CSCO
2019-01-31,23693600,46.720001220703125,47.380001068115234,46.52000045776367,47.290000915527344,45.57638931274414,CSCO
2019-08-02,60410900,29.479999542236328,29.729999542236328,28.940000534057617,29.440000534057617,29.440000534057617,AMD
2018-10-10,147682900,27.3799991607666,27.399999618530273,24.90999984741211,25.0,25.0,AMD
2019-04-18,6331200,128.22999572753906,128.25999450683594,126.7300033569336,127.08999633789062,122.64234161376952,PEP
2019-04-01,27862000,191.63999938964844,191.67999267578125,188.3800048828125,191.2400054931641,188.2595977783203,AAPL
2018-07-06,8865500,304.95001220703125,312.07000732421875,302.0,308.8999938964844,308.8999938964844,TSLA
2019-07-11,3944200,134.2100067138672,134.74000549316406,133.35000610351562,134.35000610351562,130.59751892089844,PEP
2019-03-12,5164600,359.3699951171875,360.1300048828125,353.79998779296875,356.2699890136719,356.2699890136719,NFLX
2018-03-05,3823800,332.3900146484375,337.75,329.2900085449219,333.3500061035156,333.3500061035156,TSLA
2018-08-03,2483200,215.75,218.0,214.3999938964844,217.80999755859375,217.80999755859375,AVGO
2019-08-28,3225500,213.69000244140625,217.25,212.30999755859375,215.58999633789065,215.58999633789065,TSLA
2019-06-12,2674500,1853.97998046875,1865.0,1844.3800048828125,1855.3199462890625,1855.3199462890625,AMZN
2019-01-10,23277600,43.11000061035156,43.290000915527344,42.58000183105469,43.2400016784668,41.67314910888672,CSCO
2018-06-05,4237400,259.4599914550781,261.3500061035156,258.0400085449219,259.260009765625,259.260009765625,AVGO
2019-12-11,6897800,351.8800048828125,357.19000244140625,351.0899963378906,352.70001220703125,352.70001220703125,TSLA
2019-12-03,6573700,332.6199951171875,337.9100036621094,332.19000244140625,336.20001220703125,336.20001220703125,TSLA
2018-01-23,23412800,91.9000015258789,92.3000030517578,91.54000091552734,91.9000015258789,88.53087615966797,MSFT
2019-02-12,22283500,170.10000610351562,171.0,169.6999969482422,170.88999938964844,168.2267303466797,AAPL
2019-04-12,3501100,121.52999877929688,122.33000183105467,121.1500015258789,122.2300033569336,117.95242309570312,PEP
2018-11-02,7808000,343.739990234375,349.20001220703125,340.9100036621094,346.4100036621094,346.4100036621094,TSLA
2018-01-11,21685600,40.13999938964844,40.209999084472656,39.75,40.099998474121094,37.49641799926758,CSCO
2019-08-13,2234000,275.29998779296875,285.5,272.0299987792969,283.70001220703125,283.70001220703125,AVGO
2018-10-18,79623700,27.079999923706055,27.75,26.399999618530273,26.6200008392334,26.6200008392334,AMD
2019-06-06,131267800,29.8700008392334,31.979999542236328,29.84000015258789,31.81999969482422,31.81999969482422,AMD
2018-12-07,7576100,1705.0699462890625,1718.9300537109375,1625.4599609375,1629.1300048828125,1629.1300048828125,AMZN
2019-04-10,2681100,122.3499984741211,122.6999969482422,121.66000366210938,122.04000091552734,117.76907348632812,PEP
2018-10-12,35424000,44.93000030517578,45.849998474121094,44.459999084472656,45.709999084472656,43.71516418457031,CSCO
2018-07-18,29493900,105.94000244140624,106.0500030517578,104.72000122070312,105.12000274658205,102.1828842163086,MSFT
2019-10-14,15076900,46.54999923706055,46.54999923706055,46.0,46.04999923706055,45.28458404541016,CSCO
2018-08-13,5531500,1898.5,1925.0,1893.6700439453125,1896.199951171875,1896.199951171875,AMZN
2019-07-03,1690300,1935.8900146484375,1941.5899658203125,1930.5,1939.0,1939.0,AMZN
2018-08-23,3557800,207.72999572753903,209.0800018310547,205.27999877929688,205.58999633789065,205.58999633789065,AVGO
2019-07-23,3507800,77.73999786376953,78.16000366210938,76.94999694824219,78.13999938964844,78.13999938964844,TMUS
2018-03-23,4873300,108.08999633789062,108.73999786376952,105.94000244140624,106.1500015258789,99.0725326538086,PEP
2018-01-22,17703300,222.0,227.7899932861328,221.1999969482422,227.5800018310547,227.5800018310547,NFLX
2019-08-29,44422800,31.469999313354492,31.829999923706055,31.329999923706055,31.450000762939453,31.450000762939453,AMD
2018-11-15,4625700,342.3299865722656,348.5799865722656,339.0400085449219,348.44000244140625,348.44000244140625,TSLA
2018-11-20,10878800,1437.5,1534.75,1420.0,1495.4599609375,1495.4599609375,AMZN
2018-10-19,5907200,1785.1600341796875,1809.0999755859375,1753.0,1764.030029296875,1764.030029296875,AMZN
2019-08-26,4695700,295.239990234375,296.95001220703125,292.5,294.9800109863281,294.9800109863281,NFLX
2019-02-15,26606900,107.91000366210938,108.3000030517578,107.36000061035156,108.22000122070312,106.05729675292967,MSFT
2018-11-19,7790000,1577.010009765625,1581.18994140625,1503.3599853515625,1512.2900390625,1512.2900390625,AMZN
2019-03-04,26608000,113.0199966430664,113.25,110.8000030517578,112.26000213623048,110.48641204833984,MSFT
2018-12-24,5559900,313.5,314.5,295.20001220703125,295.3900146484375,295.3900146484375,TSLA
2019-01-30,18329300,45.939998626708984,46.93000030517578,45.91999816894531,46.709999084472656,45.01740264892578,CSCO
2018-12-20,5126900,64.62000274658203,65.30999755859375,63.40999984741211,64.26000213623047,64.26000213623047,TMUS
2018-06-20,16494600,415.1499938964844,419.4700012207031,409.6000061035156,416.760009765625,416.760009765625,NFLX
2018-05-25,2698400,1603.0,1614.1199951171875,1600.449951171875,1610.1500244140625,1610.1500244140625,AMZN
2019-03-28,64667500,25.100000381469727,25.559999465942383,24.649999618530273,25.059999465942383,25.059999465942383,AMD
2019-11-18,66102800,38.650001525878906,39.9900016784668,38.599998474121094,39.880001068115234,39.880001068115234,AMD
2018-07-05,18977400,99.5,99.91999816894533,99.02999877929688,99.76000213623048,96.97265625,MSFT
2019-06-24,55724800,29.31999969482422,29.399999618530273,28.670000076293945,29.260000228881836,29.260000228881836,AMD
2019-12-12,4766600,295.6700134277344,299.1700134277344,295.05999755859375,298.44000244140625,298.44000244140625,NFLX
2018-08-06,8198100,342.8699951171875,351.9800109863281,341.739990234375,350.9200134277344,350.9200134277344,NFLX
2018-02-13,5917900,1385.9300537109375,1419.719970703125,1383.530029296875,1414.510009765625,1414.510009765625,AMZN
2019-10-10,2393300,77.72000122070312,78.48999786376953,77.02999877929688,78.30000305175781,78.30000305175781,TMUS
2018-09-19,4056800,1940.5,1940.8299560546875,1904.9000244140625,1926.4200439453125,1926.4200439453125,AMZN
2018-05-31,3166300,1623.0,1635.0,1621.3499755859375,1629.6199951171875,1629.6199951171875,AMZN
2018-12-18,30513800,44.54999923706055,44.61000061035156,43.72999954223633,44.060001373291016,42.137176513671875,CSCO
2019-01-16,2448400,257.20001220703125,257.3500061035156,251.36000061035156,251.6999969482422,251.6999969482422,AVGO
2018-10-09,4772900,1859.989990234375,1896.6800537109375,1852.3199462890625,1870.3199462890625,1870.3199462890625,AMZN
2019-08-22,1229400,288.3900146484375,289.4100036621094,284.54998779296875,287.6199951171875,287.6199951171875,AVGO
2019-09-16,2178800,78.95999908447266,79.63999938964844,78.73999786376953,79.55999755859375,79.55999755859375,TMUS
2019-09-18,23982100,137.36000061035156,138.6699981689453,136.52999877929688,138.52000427246094,137.29183959960938,MSFT
2019-09-19,22060600,222.0099945068359,223.7599945068359,220.3699951171875,220.9600067138672,219.18370056152344,AAPL
2018-03-06,22175800,94.33999633789062,94.48999786376952,92.94000244140624,93.31999969482422,90.32109832763672,MSFT
2019-04-26,18649100,204.8999938964844,205.0,202.1199951171875,204.3000030517578,201.1160430908203,AAPL
2018-03-02,5092800,326.9800109863281,335.2200012207031,322.9700012207031,335.1199951171875,335.1199951171875,TSLA
2019-06-20,3339500,79.11000061035156,79.26000213623047,77.1500015258789,77.93000030517578,77.93000030517578,TMUS
2018-07-20,6289300,210.1000061035156,211.2100067138672,208.7599945068359,210.3300018310547,210.3300018310547,AVGO
2018-10-03,5253100,1981.699951171875,1989.699951171875,1949.81005859375,1952.760009765625,1952.760009765625,AMZN
2019-09-05,1963000,78.22000122070312,78.56999969482422,77.55999755859375,77.83000183105469,77.83000183105469,TMUS
2018-06-15,4777600,1714.0,1720.8699951171875,1708.52001953125,1715.969970703125,1715.969970703125,AMZN
2018-09-27,7326200,379.8699951171875,383.2000122070313,376.0,380.7099914550781,380.7099914550781,NFLX
2018-02-01,3485600,119.91999816894533,121.01000213623048,119.27999877929688,120.3000030517578,111.45540618896484,PEP
2018-07-09,19756600,189.5,190.67999267578125,189.3000030517578,190.5800018310547,185.508544921875,AAPL
2019-05-29,22763100,125.37999725341795,125.38999938964844,124.04000091552734,124.94000244140624,123.4212646484375,MSFT
2019-02-07,29760700,105.19000244140624,105.58999633789062,104.29000091552734,105.2699966430664,103.16625213623048,MSFT
2019-11-26,26301900,266.94000244140625,267.1600036621094,262.5,264.2900085449219,262.9524230957031,AAPL
2019-12-04,2670100,1774.010009765625,1789.0899658203125,1760.219970703125,1760.68994140625,1760.68994140625,AMZN
2019-05-07,75868800,27.200000762939453,27.350000381469727,26.209999084472656,26.65999984741211,26.65999984741211,AMD
2019-08-13,3994000,1783.0,1831.739990234375,1780.0,1824.3399658203125,1824.3399658203125,AMZN
2018-01-19,36875000,90.13999938964844,90.61000061035156,89.66000366210938,90.0,86.70052337646484,MSFT
2018-01-04,1906700,271.5899963378906,271.760009765625,268.42999267578125,270.0199890136719,270.0199890136719,AVGO
2019-01-18,26621000,351.9700012207031,353.0,336.7300109863281,339.1000061035156,339.1000061035156,NFLX
2018-05-14,4089800,327.25,330.5,327.0400085449219,328.5299987792969,328.5299987792969,NFLX
2018-02-08,8031400,61.0,62.5,58.86000061035156,58.880001068115234,58.880001068115234,TMUS
2019-10-28,24143200,247.4199981689453,249.25,246.72000122070312,249.0500030517578,247.04786682128903,AAPL
2018-11-13,4005100,68.54000091552734,69.41000366210938,68.26000213623047,68.41000366210938,68.41000366210938,TMUS
2018-08-13,10463900,361.1300048828125,363.19000244140625,349.0199890136719,356.4100036621094,356.4100036621094,TSLA
2018-01-05,24588200,39.54999923706055,39.880001068115234,39.369998931884766,39.529998779296875,36.96342468261719,CSCO
2019-04-01,63000300,26.420000076293945,26.559999465942383,25.829999923706055,26.36000061035156,26.36000061035156,AMD
2019-03-13,35513800,114.12999725341795,115.0,113.77999877929688,114.5,112.69102478027344,MSFT
2019-07-08,15835100,56.25,56.47999954223633,55.959999084472656,56.189998626708984,54.840675354003906,CSCO
2019-11-18,8616600,296.0,304.989990234375,293.2799987792969,302.57000732421875,302.57000732421875,NFLX
2019-10-29,13713900,47.0,47.43000030517578,46.90999984741211,47.2400016784668,46.45480728149414,CSCO
2019-06-18,21173200,56.06999969482422,56.650001525878906,55.75,56.04999923706055,54.3609733581543,CSCO
2018-05-17,17294000,188.0,188.91000366210935,186.36000061035156,186.9900054931641,182.0140686035156,AAPL
2019-06-07,4808200,1763.699951171875,1806.25,1759.489990234375,1804.030029296875,1804.030029296875,AMZN
2019-08-16,3094600,77.98999786376953,78.25,77.45999908447266,77.75,77.75,TMUS
2019-02-13,57544200,22.979999542236328,23.239999771118164,22.709999084472656,22.850000381469727,22.850000381469727,AMD
2018-10-02,8638700,384.3800048828125,386.7999877929687,373.8299865722656,377.1400146484375,377.1400146484375,NFLX
2019-02-25,2400400,73.37000274658203,73.52999877929688,72.62000274658203,73.05000305175781,73.05000305175781,TMUS
2018-07-06,2311200,244.8999938964844,248.6000061035156,244.4199981689453,247.67999267578125,247.67999267578125,AVGO
2018-04-09,9853600,291.7699890136719,299.54998779296875,289.1199951171875,289.92999267578125,289.92999267578125,NFLX
2018-03-22,4307800,242.02999877929688,246.72000122070312,241.5,243.57000732421875,243.57000732421875,AVGO
2018-05-03,10742200,56.63999938964844,57.08000183105469,55.09000015258789,55.91999816894531,55.91999816894531,TMUS
2019-06-05,13510800,198.67999267578125,201.27999877929688,191.8500061035156,196.58999633789065,196.58999633789065,TSLA
2019-09-06,19362300,214.0500030517578,214.4199981689453,212.5099945068359,213.2599945068359,211.5455780029297,AAPL
2018-01-10,3597000,65.18000030517578,65.19000244140625,63.61000061035156,63.88999938964844,63.88999938964844,TMUS
2018-01-05,3292600,63.540000915527344,64.80999755859375,63.119998931884766,64.5999984741211,64.5999984741211,TMUS
2018-09-11,1375400,65.55999755859375,66.0199966430664,65.23999786376953,65.91000366210938,65.91000366210938,TMUS
2018-01-23,5465400,360.0,360.5,351.0,352.7900085449219,352.7900085449219,TSLA
2018-01-30,38635100,93.3000030517578,93.66000366210938,92.0999984741211,92.73999786376952,89.3400650024414,MSFT
2018-06-12,22347400,344.70001220703125,354.9700012207031,338.0,342.7699890136719,342.7699890136719,TSLA
2019-05-08,65967500,26.40999984741211,27.709999084472656,26.270000457763672,27.09000015258789,27.09000015258789,AMD
2018-05-03,17352100,278.7900085449219,288.0400085449219,275.2300109863281,284.45001220703125,284.45001220703125,TSLA
2019-12-09,32010600,270.0,270.79998779296875,264.9100036621094,266.9200134277344,265.5691223144531,AAPL
2018-06-29,2433800,59.880001068115234,60.040000915527344,59.470001220703125,59.75,59.75,TMUS
2018-08-13,25890900,209.30999755859375,210.9499969482422,207.6999969482422,208.8699951171875,204.02484130859375,AAPL
2018-10-02,11743500,313.95001220703125,316.8399963378906,299.1499938964844,301.0199890136719,301.0199890136719,TSLA
2019-09-18,4170200,245.0,248.1699981689453,242.3699951171875,243.4900054931641,243.4900054931641,TSLA
2018-04-23,6670600,102.5500030517578,102.8000030517578,101.83999633789062,102.58000183105467,95.74056243896484,PEP
2019-03-19,7541400,366.3999938964844,366.9599914550781,356.79998779296875,358.7799987792969,358.7799987792969,NFLX
2019-07-25,1574100,302.1300048828125,302.1300048828125,299.3999938964844,300.3900146484375,300.3900146484375,AVGO
2018-04-12,10249400,309.7200012207031,311.1300048828125,306.75,309.25,309.25,NFLX
2018-09-14,6765600,288.760009765625,297.3299865722656,286.5199890136719,295.20001220703125,295.20001220703125,TSLA
2019-08-12,2920800,128.4499969482422,129.14999389648438,127.87000274658205,128.35000610351562,124.76509857177734,PEP
2018-02-02,11125700,1477.3900146484375,1498.0,1414.0,1429.949951171875,1429.949951171875,AMZN
2018-12-07,11511200,369.0,379.489990234375,357.6499938964844,357.9700012207031,357.9700012207031,TSLA
2019-06-17,14669100,192.8999938964844,194.9600067138672,192.1699981689453,193.88999938964844,191.6033172607422,AAPL
2018-07-09,18212000,101.6500015258789,102.25,101.25,101.8499984741211,99.0042495727539,MSFT
2018-05-04,8569400,283.0,296.8599853515625,279.5199890136719,294.0899963378906,294.0899963378906,TSLA
2019-11-01,33128400,144.25999450683594,144.4199981689453,142.97000122070312,143.72000122070312,142.44573974609375,MSFT
2019-11-29,872900,78.87999725341797,79.27999877929688,78.5,78.55000305175781,78.55000305175781,TMUS
2019-09-12,2823500,1837.6300048828125,1853.6600341796875,1834.280029296875,1843.550048828125,1843.550048828125,AMZN
2018-02-13,2371900,241.0099945068359,246.02999877929688,240.05999755859375,245.86000061035156,245.86000061035156,AVGO
2019-03-15,54681100,115.33999633789062,117.25,114.58999633789062,115.91000366210938,114.07875061035156,MSFT
2019-11-12,3246500,132.67999267578125,132.67999267578125,131.58999633789062,131.97999572753906,129.18028259277344,PEP
2019-11-08,39353900,36.060001373291016,36.58000183105469,36.0,36.290000915527344,36.290000915527344,AMD
2018-08-30,16238500,47.310001373291016,47.540000915527344,46.970001220703125,47.150001525878906,44.78950119018555,CSCO
2018-02-22,1934200,249.1199951171875,253.1000061035156,248.27000427246097,249.3500061035156,249.3500061035156,AVGO
2018-03-28,36696800,42.5099983215332,42.84000015258789,41.619998931884766,41.65999984741211,38.95512771606445,CSCO
2018-11-02,2606400,69.38999938964844,69.44999694824219,67.55000305175781,68.51000213623047,68.51000213623047,TMUS
2019-05-07,6974900,377.0,379.9100036621094,365.80999755859375,370.4599914550781,370.4599914550781,NFLX
2018-06-29,4279400,246.9499969482422,246.9499969482422,242.57000732421875,242.63999938964844,242.63999938964844,AVGO
2019-09-12,32226700,224.8000030517578,226.4199981689453,222.86000061035156,223.08999633789065,221.2965545654297,AAPL
2019-10-11,41698900,232.9499969482422,237.63999938964844,232.30999755859375,236.2100067138672,234.3110809326172,AAPL
2019-11-26,29422000,45.529998779296875,45.77000045776367,45.25,45.310001373291016,44.556888580322266,CSCO
2018-06-21,3008400,60.2400016784668,60.70000076293945,59.459999084472656,60.0,60.0,TMUS
2019-06-24,18220400,198.5399932861328,200.16000366210935,198.1699981689453,198.5800018310547,196.2379913330078,AAPL
2018-04-27,2721100,233.57000732421875,234.1999969482422,230.6999969482422,232.77999877929688,232.77999877929688,AVGO
2019-02-04,9051400,342.6000061035156,352.0,341.29998779296875,351.3399963378906,351.3399963378906,NFLX
2019-02-11,4851100,113.16000366210938,113.58000183105467,112.63999938964844,112.97000122070312,108.13958740234376,PEP
2018-07-11,17721600,42.560001373291016,42.7599983215332,42.439998626708984,42.56999969482422,40.43879699707031,CSCO
2018-02-12,3506300,237.86000061035156,245.47999572753903,237.5,244.3999938964844,244.3999938964844,AVGO
2018-07-12,18041100,189.52999877929688,191.41000366210935,189.30999755859375,191.02999877929688,185.94656372070312,AAPL
2019-04-23,1977700,316.760009765625,318.0899963378906,314.19000244140625,315.6400146484375,315.6400146484375,AVGO
2018-10-09,26198600,111.13999938964844,113.08000183105467,110.8000030517578,112.26000213623048,109.5433349609375,MSFT
2018-08-07,25587400,209.32000732421875,209.5,206.7599945068359,207.11000061035156,201.59864807128903,AAPL
2018-07-09,2788700,61.0,61.61000061035156,60.650001525878906,61.34000015258789,61.34000015258789,TMUS
2019-01-02,11679500,259.2799987792969,269.75,256.5799865722656,267.6600036621094,267.6600036621094,NFLX
2018-10-24,5758800,69.05000305175781,69.37000274658203,65.58999633789062,65.70999908447266,65.70999908447266,TMUS
2019-10-02,43640700,28.5,28.850000381469727,28.030000686645508,28.309999465942383,28.309999465942383,AMD
2019-12-06,26518900,267.4800109863281,271.0,267.29998779296875,270.7099914550781,269.3399353027344,AAPL
2018-03-27,68551300,10.510000228881836,10.59000015258789,9.899999618530272,10.0,10.0,AMD
2019-07-26,4927100,1942.0,1950.9000244140625,1924.510009765625,1943.050048828125,1943.050048828125,AMZN
2019-12-30,3024700,136.6999969482422,137.97000122070312,136.47999572753906,136.80999755859375,134.8457489013672,PEP
2019-11-14,19729800,147.02000427246094,148.41000366210938,147.0,148.05999755859375,146.74725341796875,MSFT
2018-04-10,19873000,60.380001068115234,64.55999755859375,60.20000076293945,63.130001068115234,63.130001068115234,TMUS
2018-05-04,5937000,97.5500030517578,99.7699966430664,97.5,98.98999786376952,92.38992309570312,PEP
2019-10-28,3054300,82.01000213623047,83.12000274658203,81.76000213623047,82.38999938964844,82.38999938964844,TMUS
2019-10-02,34612300,223.05999755859375,223.5800018310547,217.92999267578125,218.9600067138672,217.19976806640625,AAPL
2019-12-10,8828300,339.9599914550781,350.7300109863281,339.30999755859375,348.8399963378906,348.8399963378906,TSLA
2018-12-06,103434700,20.219999313354492,21.40999984741211,20.059999465942383,21.299999237060547,21.299999237060547,AMD
2018-01-19,46800700,12.5600004196167,12.880000114440918,12.539999961853027,12.59000015258789,12.59000015258789,AMD
2018-10-05,88008500,28.06999969482422,28.469999313354492,26.93000030517578,27.350000381469727,27.350000381469727,AMD
2019-11-07,17786700,143.83999633789062,144.8800048828125,143.77000427246094,144.25999450683594,142.98094177246094,MSFT
2018-05-17,6531100,97.5500030517578,97.98999786376952,97.1500015258789,97.91999816894533,91.39126586914062,PEP
2019-10-18,17226200,47.099998474121094,47.27000045776367,46.65999984741211,46.709999084472656,45.933616638183594,CSCO
2019-01-04,19330100,281.8800048828125,297.79998779296875,278.5400085449219,297.57000732421875,297.57000732421875,NFLX
2019-03-28,20780400,188.9499969482422,189.55999755859375,187.52999877929688,188.72000122070312,185.77883911132812,AAPL
2019-11-13,2989500,1773.3900146484375,1775.0,1747.3199462890625,1753.1099853515625,1753.1099853515625,AMZN
2019-03-27,8779200,268.75,275.3699951171875,268.17999267578125,274.8299865722656,274.8299865722656,TSLA
2018-01-17,2925600,63.400001525878906,64.44999694824219,62.93000030517578,63.7599983215332,63.7599983215332,TMUS
2018-11-19,4673900,118.08000183105467,119.5199966430664,117.97000122070312,119.01000213623048,113.02388763427734,PEP
2018-01-16,3352800,265.17999267578125,267.0,261.6600036621094,263.25,263.25,AVGO
2018-11-19,41925300,190.0,190.6999969482422,184.9900054931641,185.86000061035156,182.1820831298828,AAPL
2018-07-06,19234600,99.88999938964844,101.43000030517578,99.66999816894533,101.16000366210938,98.3335418701172,MSFT
2018-03-27,56569000,94.94000244140624,95.13999938964844,88.51000213623047,89.47000122070312,86.5948257446289,MSFT
2018-03-12,32207100,180.2899932861328,182.38999938964844,180.2100067138672,181.72000122070312,176.204833984375,AAPL
2018-05-25,3221400,244.0399932861328,250.67999267578125,244.0399932861328,250.02999877929688,250.02999877929688,AVGO
2019-11-12,5772800,295.32000732421875,295.3500061035156,288.70001220703125,292.010009765625,292.010009765625,NFLX
2018-01-29,23625900,42.29999923706055,42.97999954223633,42.29999923706055,42.849998474121094,40.06787109375,CSCO
2018-07-25,82604900,16.299999237060547,16.389999389648438,15.720000267028809,16.049999237060547,16.049999237060547,AMD
2019-04-11,20900800,200.8500061035156,201.0,198.44000244140625,198.9499969482422,195.8494110107422,AAPL
2018-10-05,29068900,112.62999725341795,113.16999816894533,110.63999938964844,112.12999725341795,109.41647338867188,MSFT
2019-06-27,23959900,56.939998626708984,57.25,55.470001220703125,55.72999954223633,54.05061721801758,CSCO
2018-10-16,29184000,218.92999267578125,222.9900054931641,216.7599945068359,222.1499938964844,216.9968109130859,AAPL
2019-05-23,67809200,26.989999771118164,27.100000381469727,26.030000686645508,26.36000061035156,26.36000061035156,AMD
2019-06-28,30043000,134.57000732421875,134.60000610351562,133.16000366210938,133.9600067138672,132.3316192626953,MSFT
2019-07-16,66912700,34.29999923706055,34.86000061035156,33.79999923706055,33.849998474121094,33.849998474121094,AMD
2018-09-26,4313500,1968.5,1995.25,1961.52001953125,1974.8499755859375,1974.8499755859375,AMZN
2018-11-28,3108000,236.5,238.0,231.6199951171875,235.22000122070312,235.22000122070312,AVGO
2018-11-02,13404600,318.0,321.8800048828125,308.3299865722656,309.1000061035156,309.1000061035156,NFLX
2018-09-26,3342800,245.63999938964844,248.0500030517578,244.8000030517578,245.42999267578125,245.42999267578125,AVGO
2018-04-12,22889300,173.41000366210938,175.0,173.0399932861328,174.13999938964844,168.85491943359375,AAPL
2019-09-12,53618300,30.079999923706055,30.84000015258789,29.950000762939453,30.209999084472656,30.209999084472656,AMD
2019-06-28,6851400,220.9900054931641,225.1699981689453,220.8000030517578,223.4600067138672,223.4600067138672,TSLA
2019-09-10,28903400,136.8000030517578,136.88999938964844,134.50999450683594,136.0800018310547,134.8734893798828,MSFT
2019-05-17,3909400,292.7799987792969,293.57000732421875,288.4100036621094,289.8900146484375,289.8900146484375,AVGO
2019-07-19,7048400,255.69000244140625,259.9599914550781,254.6199951171875,258.17999267578125,258.17999267578125,TSLA
2019-05-01,2941100,73.13999938964844,74.11000061035156,73.04000091552734,73.58000183105469,73.58000183105469,TMUS
2018-04-23,3133700,237.9900054931641,238.32000732421875,232.1199951171875,233.4499969482422,233.4499969482422,AVGO
2019-05-24,13057600,54.56999969482422,54.66999816894531,54.060001373291016,54.369998931884766,52.73160171508789,CSCO
2019-09-20,55413100,221.3800048828125,222.55999755859375,217.47000122070312,217.72999572753903,215.97962951660156,AAPL
2019-03-05,14994200,51.119998931884766,51.5099983215332,50.970001220703125,51.29999923706055,49.44107818603515,CSCO
2019-01-08,3679500,240.11000061035156,241.8999938964844,233.3699951171875,236.07000732421875,236.07000732421875,AVGO
2019-05-02,2875900,127.23999786376952,127.5500030517578,126.16999816894533,126.83000183105467,122.39144134521484,PEP
2018-11-26,12498600,260.54998779296875,266.25,253.8000030517578,261.42999267578125,261.42999267578125,NFLX
2018-05-08,4802000,56.70000076293945,56.939998626708984,55.43000030517578,55.58000183105469,55.58000183105469,TMUS
2019-04-24,13212000,56.63999938964844,57.150001525878906,56.58000183105469,56.880001068115234,55.165958404541016,CSCO
2018-08-14,20748000,210.16000366210935,210.55999755859375,208.2599945068359,209.75,204.88449096679688,AAPL
2019-10-23,1256200,81.44000244140625,81.75,81.06999969482422,81.36000061035156,81.36000061035156,TMUS
2019-10-23,7133500,268.05999755859375,273.9200134277344,266.6300048828125,271.2699890136719,271.2699890136719,NFLX
2019-08-30,3058700,1797.489990234375,1799.739990234375,1764.5699462890625,1776.2900390625,1776.2900390625,AMZN
2018-07-03,5280300,399.489990234375,399.9800109863281,389.5,390.5199890136719,390.5199890136719,NFLX
2018-06-06,3746500,260.739990234375,263.7799987792969,259.7099914550781,263.5199890136719,263.5199890136719,AVGO
2019-11-07,14467300,329.1400146484375,341.5,328.0199890136719,335.5400085449219,335.5400085449219,TSLA
2019-02-21,49608200,24.040000915527344,24.329999923706055,23.850000381469727,23.920000076293945,23.920000076293945,AMD
2019-11-15,3648700,133.66000366210938,133.9199981689453,132.8000030517578,133.80999755859375,130.97146606445312,PEP
2018-02-14,5959200,1406.25,1452.06005859375,1403.3599853515625,1451.050048828125,1451.050048828125,AMZN
2018-03-02,5207900,61.58000183105469,62.66999816894531,61.279998779296875,62.470001220703125,62.470001220703125,TMUS
2019-12-02,23621800,267.2699890136719,268.25,263.45001220703125,264.1600036621094,262.8230895996094,AAPL
2019-05-22,40035300,27.1200008392334,27.59000015258789,27.06999969482422,27.40999984741211,27.40999984741211,AMD
2018-10-03,6107500,109.20999908447266,109.70999908447266,107.16999816894533,107.5199966430664,102.11181640625,PEP
2018-07-12,5500100,112.54000091552734,112.70999908447266,110.97000122070312,111.52999877929688,105.05119323730467,PEP
2019-05-28,29769200,54.7400016784668,55.029998779296875,53.81999969482422,53.93000030517578,52.30485916137695,CSCO
2018-10-16,5859900,1783.5,1823.8800048828125,1761.550048828125,1819.9599609375,1819.9599609375,AMZN
2019-06-21,4539900,276.6099853515625,281.0,273.9599914550781,273.989990234375,273.989990234375,AVGO
2019-06-24,5750800,223.2400054931641,225.86000061035156,221.02000427246097,223.63999938964844,223.63999938964844,TSLA
2018-07-05,8448900,393.7999877929687,399.239990234375,390.8599853515625,398.3900146484375,398.3900146484375,NFLX
2018-11-23,9372900,44.45000076293945,45.119998931884766,44.38999938964844,44.540000915527344,42.596221923828125,CSCO
2018-06-27,31298400,99.58000183105467,100.0199966430664,97.4000015258789,97.54000091552734,94.81468200683594,MSFT
2018-03-23,9529900,307.4100036621094,309.3699951171875,300.3599853515625,300.94000244140625,300.94000244140625,NFLX
2019-11-29,2411700,315.7799987792969,316.6199951171875,313.3399963378906,314.6600036621094,314.6600036621094,NFLX
2019-12-23,1709400,77.47000122070312,77.55999755859375,76.91999816894531,76.95999908447266,76.95999908447266,TMUS
2019-07-15,16651500,139.44000244140625,139.5399932861328,138.4600067138672,138.89999389648438,137.21156311035156,MSFT
2018-04-09,4208200,1425.030029296875,1438.47998046875,1402.5699462890625,1406.0799560546875,1406.0799560546875,AMZN
2018-07-31,118403400,19.350000381469727,19.5,18.270000457763672,18.329999923706055,18.329999923706055,AMD
2019-03-25,4275400,120.26000213623048,121.29000091552734,120.08000183105467,120.8499984741211,116.62071228027344,PEP
2018-04-17,26605400,176.49000549316406,178.94000244140625,176.41000366210938,178.24000549316406,172.83045959472656,AAPL
2018-03-19,7126700,253.1000061035156,256.489990234375,242.77000427246097,244.9499969482422,244.9499969482422,AVGO
2019-05-08,6176400,246.94000244140625,250.6000061035156,244.1999969482422,244.83999633789065,244.83999633789065,TSLA
2018-05-21,2009200,57.189998626708984,57.31999969482422,56.560001373291016,57.189998626708984,57.189998626708984,TMUS
2018-05-30,2907400,1618.0999755859375,1626.0,1612.9300537109375,1624.8900146484375,1624.8900146484375,AMZN
2018-05-17,2478300,56.52000045776367,56.77000045776367,56.400001525878906,56.68000030517578,56.68000030517578,TMUS
2019-05-17,3619000,75.38999938964844,76.31999969482422,75.0199966430664,75.37000274658203,75.37000274658203,TMUS
2019-01-16,6366900,1684.219970703125,1705.0,1675.8800048828125,1683.780029296875,1683.780029296875,AMZN
2018-09-19,124287000,31.520000457763672,31.829999923706055,30.510000228881836,31.209999084472656,31.209999084472656,AMD
2018-03-12,26073700,96.5,97.20999908447266,96.04000091552734,96.7699966430664,93.66022491455078,MSFT
2019-04-02,3913300,69.80999755859375,70.16000366210938,69.22000122070312,69.7300033569336,69.7300033569336,TMUS
2018-10-25,189173700,17.920000076293945,20.149999618530273,17.719999313354492,19.270000457763672,19.270000457763672,AMD
2019-03-04,1738200,275.0,276.5799865722656,270.8599853515625,274.8900146484375,274.8900146484375,AVGO
2019-12-04,17574700,150.13999938964844,150.17999267578125,149.1999969482422,149.85000610351562,149.02676391601562,MSFT
2019-03-26,4865900,1793.0,1805.77001953125,1773.3599853515625,1783.760009765625,1783.760009765625,AMZN
2019-12-17,3644400,1778.010009765625,1792.0,1777.3900146484375,1790.6600341796875,1790.6600341796875,AMZN
2019-09-26,4309600,135.8699951171875,136.3300018310547,135.00999450683594,135.72000122070312,132.8409423828125,PEP
2019-08-26,14820100,47.04999923706055,47.27000045776367,46.66999816894531,47.099998474121094,45.96895980834961,CSCO
2018-05-31,31439600,42.86000061035156,43.130001068115234,42.61000061035156,42.709999084472656,40.25800323486328,CSCO
2018-07-16,7818700,311.7099914550781,315.1600036621094,306.25,310.1000061035156,310.1000061035156,TSLA
2018-02-26,5355400,110.12000274658205,111.16999816894533,110.02999877929688,110.94000244140624,102.78355407714844,PEP
2018-04-10,28408600,173.0,174.0,171.52999877929688,173.25,167.99192810058594,AAPL
2019-01-25,11152900,328.7200012207031,340.0,328.510009765625,338.04998779296875,338.04998779296875,NFLX
2019-07-17,1545300,285.55999755859375,287.2900085449219,283.19000244140625,285.0799865722656,285.0799865722656,AVGO
2018-10-12,7201400,261.0,261.989990234375,252.0099945068359,258.7799987792969,258.7799987792969,TSLA
2018-09-19,27123800,218.5,219.6199951171875,215.3000030517578,218.3699951171875,213.30447387695312,AAPL
2018-09-21,5050500,297.70001220703125,300.5799865722656,295.3699951171875,299.1000061035156,299.1000061035156,TSLA
2018-12-13,31898600,170.49000549316406,172.57000732421875,169.5500030517578,170.9499969482422,167.56712341308594,AAPL
2019-03-27,22733400,117.87999725341795,118.20999908447266,115.5199966430664,116.7699966430664,114.92515563964844,MSFT
2018-11-30,82370700,21.299999237060547,21.36000061035156,20.520000457763672,21.299999237060547,21.299999237060547,AMD
2018-11-30,11860100,288.0,290.80999755859375,283.05999755859375,286.1300048828125,286.1300048828125,NFLX
2019-06-21,47800600,198.8000030517578,200.8500061035156,198.1499938964844,198.77999877929688,196.4356231689453,AAPL
2019-07-08,5880500,231.2400054931641,232.25,228.66000366210935,230.33999633789065,230.33999633789065,TSLA
2018-10-24,3781000,226.3999938964844,226.41000366210935,217.83999633789065,218.7100067138672,218.7100067138672,AVGO
2018-03-26,56396800,90.61000061035156,94.0,90.4000015258789,93.77999877929688,90.76632690429688,MSFT
2018-01-26,3993900,120.61000061035156,121.83999633789062,120.61000061035156,121.76000213623048,112.8080596923828,PEP
2018-03-23,41028800,168.38999938964844,169.9199981689453,164.94000244140625,164.94000244140625,159.93409729003906,AAPL
2018-08-29,7447400,310.2699890136719,311.8500061035156,303.69000244140625,305.010009765625,305.010009765625,TSLA
2019-09-04,1986500,278.7900085449219,284.3500061035156,278.20001220703125,283.0199890136719,283.0199890136719,AVGO
2018-06-07,5052900,100.51000213623048,101.51000213623048,100.33000183105467,101.16000366210938,95.28358459472656,PEP
2018-02-27,55975300,12.43000030517578,12.880000114440918,12.390000343322754,12.529999732971191,12.529999732971191,AMD
2019-07-11,63081800,33.90999984741211,34.0,32.7599983215332,33.060001373291016,33.060001373291016,AMD
2019-05-02,2042800,319.9800109863281,322.19000244140625,314.2300109863281,315.82000732421875,315.82000732421875,AVGO
2018-01-03,4224000,117.91000366210938,118.47000122070312,117.63999938964844,117.75,109.0928726196289,PEP
2019-01-14,32439200,150.85000610351562,151.27000427246094,149.22000122070312,150.0,147.03170776367188,AAPL
2019-12-26,14520600,157.55999755859375,158.72999572753906,157.39999389648438,158.6699981689453,157.79830932617188,MSFT
2019-08-23,25871100,47.900001525878906,48.52000045776367,46.43000030517578,46.61000061035156,45.490726470947266,CSCO
2019-06-07,17394900,55.40999984741211,56.29999923706055,55.029998779296875,55.93000030517578,54.244590759277344,CSCO
2018-06-19,92542900,16.850000381469727,17.290000915527344,16.309999465942383,16.690000534057617,16.690000534057617,AMD
2018-11-05,2760900,219.02000427246097,221.1000061035156,213.7100067138672,220.08999633789065,220.08999633789065,AVGO
2018-12-19,49047300,166.0,167.4499969482422,159.08999633789062,160.88999938964844,157.70619201660156,AAPL
2019-12-16,3487900,75.52999877929688,75.8499984741211,75.2300033569336,75.47000122070312,75.47000122070312,TMUS
2019-10-11,2761400,138.0800018310547,138.6999969482422,137.08999633789062,137.63999938964844,134.72021484375,PEP
2019-10-23,2138200,1761.300048828125,1770.050048828125,1742.0,1762.1700439453125,1762.1700439453125,AMZN
2019-12-10,22605100,268.6000061035156,270.07000732421875,265.8599853515625,268.4800109863281,267.1212463378906,AAPL
2018-08-24,2054100,206.3500061035156,209.27000427246097,204.67999267578125,209.0,209.0,AVGO
2019-08-02,5428000,79.38999938964844,79.38999938964844,76.79000091552734,77.7300033569336,77.7300033569336,TMUS
2018-07-19,16878700,371.05999755859375,375.75,363.0,364.2300109863281,364.2300109863281,NFLX
2018-01-25,19207500,42.27000045776367,42.470001220703125,41.81999969482422,41.900001525878906,39.17955017089844,CSCO
2018-07-30,7527500,221.11000061035156,228.02000427246097,221.0500030517578,225.19000244140625,225.19000244140625,AVGO
2018-01-10,3160700,265.9800109863281,266.1400146484375,260.7300109863281,262.8299865722656,262.8299865722656,AVGO
2019-06-19,21124200,199.67999267578125,199.8800048828125,197.30999755859375,197.8699951171875,195.536376953125,AAPL
2019-11-22,1321600,316.6400146484375,319.4800109863281,313.7099914550781,314.9200134277344,314.9200134277344,AVGO
2019-01-10,35780700,152.5,153.97000122070312,150.86000061035156,153.8000030517578,150.75653076171875,AAPL
2019-03-04,6167400,1685.0,1709.4300537109375,1674.3599853515625,1696.1700439453125,1696.1700439453125,AMZN
2018-12-11,6244700,1678.0,1679.469970703125,1619.5999755859375,1643.239990234375,1643.239990234375,AMZN
2019-10-11,8786100,284.79998779296875,287.8699951171875,282.3399963378906,282.92999267578125,282.92999267578125,NFLX
2018-02-02,86593800,166.0,166.8000030517578,160.10000610351562,160.5,154.99693298339844,AAPL
2019-05-09,5882600,360.8999938964844,364.2000122070313,352.75,362.75,362.75,NFLX
2019-06-27,2181300,282.92999267578125,288.45001220703125,282.2300109863281,285.7099914550781,285.7099914550781,AVGO
2019-01-08,15359200,319.9800109863281,320.5899963378906,308.010009765625,320.2699890136719,320.2699890136719,NFLX
2019-12-09,16687400,151.07000732421875,152.2100067138672,150.91000366210938,151.36000061035156,150.52847290039062,MSFT
2019-03-11,2493100,70.83000183105469,71.58000183105469,70.41000366210938,71.47000122070312,71.47000122070312,TMUS
2019-05-28,27948200,178.9199981689453,180.58999633789065,177.91000366210938,178.22999572753906,176.1280059814453,AAPL
2018-12-13,31333400,109.58000183105467,110.87000274658205,108.62999725341795,109.4499969482422,107.26271057128906,MSFT
2018-01-23,46417200,12.81999969482422,13.0,12.760000228881836,12.9399995803833,12.9399995803833,AMD
2019-02-19,7396600,355.79998779296875,365.0,355.32000732421875,361.9200134277344,361.9200134277344,NFLX
2018-10-31,2814600,225.0,225.6699981689453,221.7100067138672,223.4900054931641,223.4900054931641,AVGO
2019-11-06,3645600,134.5,134.8800048828125,133.5500030517578,134.44000244140625,131.58810424804688,PEP
2019-10-02,30722400,47.349998474121094,47.380001068115234,46.0099983215332,46.560001373291016,45.44192886352539,CSCO
2019-04-30,46534900,203.05999755859375,203.3999938964844,199.11000061035156,200.6699981689453,197.54261779785156,AAPL
2019-04-16,5263700,123.22000122070312,123.81999969482422,121.88999938964844,122.41000366210938,118.12612915039062,PEP
2019-07-09,3553000,75.3499984741211,75.83000183105469,75.08000183105469,75.1500015258789,75.1500015258789,TMUS
2018-08-03,53232100,18.940000534057617,19.059999465942383,18.3700008392334,18.489999771118164,18.489999771118164,AMD
2018-09-20,23714500,112.27999877929688,113.8000030517578,111.93000030517578,113.56999969482422,110.8216323852539,MSFT
2019-03-18,5674600,290.2300109863281,296.9800109863281,290.2099914550781,293.8399963378906,293.8399963378906,AVGO
2018-11-02,91328700,209.5500030517578,213.6499938964844,205.42999267578125,207.47999572753903,202.66709899902344,AAPL
2019-03-07,24796400,173.8699951171875,174.44000244140625,172.02000427246094,172.5,169.8116455078125,AAPL
2019-11-05,1622800,81.05999755859375,81.8499984741211,80.8499984741211,81.47000122070312,81.47000122070312,TMUS
2019-07-30,6029300,329.20001220703125,329.6499938964844,323.2300109863281,325.92999267578125,325.92999267578125,NFLX
2018-07-05,2983100,1705.3800048828125,1710.68994140625,1682.1500244140625,1699.72998046875,1699.72998046875,AMZN
2019-06-04,3144700,74.62999725341797,75.73999786376953,74.5199966430664,75.69000244140625,75.69000244140625,TMUS
2018-11-27,29124500,106.2699966430664,107.33000183105467,105.36000061035156,107.13999938964844,104.99889373779295,MSFT
2018-01-03,8591400,202.0500030517578,206.2100067138672,201.5,205.0500030517578,205.0500030517578,NFLX
2019-05-20,20526200,202.8000030517578,206.0,195.25,205.36000061035156,205.36000061035156,TSLA
2019-06-13,15785300,55.91999816894531,56.27000045776367,55.779998779296875,56.16999816894531,54.47735595703125,CSCO
2019-07-31,119190000,32.08000183105469,32.29999923706055,30.299999237060547,30.450000762939453,30.450000762939453,AMD
2019-07-30,9623400,56.849998474121094,56.900001525878906,56.349998474121094,56.470001220703125,55.11395263671875,CSCO
2018-01-26,44239000,12.699999809265137,12.949999809265137,12.619999885559082,12.949999809265137,12.949999809265137,AMD
2019-05-28,5391300,77.55000305175781,77.9800033569336,75.88999938964844,75.91000366210938,75.91000366210938,TMUS
2018-10-24,19039300,332.2799987792969,333.0,300.7300109863281,301.8299865722656,301.8299865722656,NFLX
2018-10-15,6200000,259.05999755859375,263.2799987792969,254.5399932861328,259.5899963378906,259.5899963378906,TSLA
2018-05-21,49714200,13.25,13.3100004196167,12.880000114440918,12.989999771118164,12.989999771118164,AMD
2019-01-17,3515400,250.05999755859375,257.3500061035156,248.72000122070312,255.3300018310547,255.3300018310547,AVGO
2018-09-12,5019900,66.0,68.31999969482422,65.62000274658203,67.91999816894531,67.91999816894531,TMUS
2018-08-22,8930700,338.489990234375,346.2099914550781,337.4100036621094,344.44000244140625,344.44000244140625,NFLX
2019-10-16,16175900,283.1199951171875,288.1700134277344,280.739990234375,286.2799987792969,286.2799987792969,NFLX
2019-01-15,5998500,1632.0,1675.1600341796875,1626.010009765625,1674.56005859375,1674.56005859375,AMZN
2019-03-22,6668100,119.5,121.29000091552734,119.4499969482422,120.72000122070312,116.49527740478516,PEP
2018-02-14,7702700,111.66999816894533,111.9000015258789,108.76000213623048,109.11000061035156,101.08810424804688,PEP
2018-01-05,23407100,87.66000366210938,88.41000366210938,87.43000030517578,88.19000244140625,84.9568862915039,MSFT
2019-09-26,3536800,1762.7900390625,1763.3699951171875,1731.5,1739.8399658203125,1739.8399658203125,AMZN
2019-09-11,1926000,296.32000732421875,298.7799987792969,294.54998779296875,298.010009765625,298.010009765625,AVGO
2018-01-09,5334400,66.0,66.5199966430664,65.5199966430664,65.5999984741211,65.5999984741211,TMUS
2018-01-29,3854700,121.37999725341795,122.16000366210938,119.6500015258789,119.66999816894533,110.87171936035156,PEP
2018-07-17,11082700,202.2100067138672,209.08999633789065,202.0099945068359,208.30999755859375,208.30999755859375,AVGO
2018-09-26,2577700,69.47000122070312,69.48999786376953,68.69000244140625,68.79000091552734,68.79000091552734,TMUS
2018-07-20,20732100,42.2599983215332,42.369998931884766,41.86000061035156,42.0099983215332,39.90682601928711,CSCO
2018-11-12,95948200,20.68000030517578,20.850000381469727,18.799999237060547,19.030000686645508,19.030000686645508,AMD
2018-11-20,28430600,44.91999816894531,45.290000915527344,44.13999938964844,44.4900016784668,42.54840469360352,CSCO
2019-02-01,7283400,305.4200134277344,316.1000061035156,303.5,312.2099914550781,312.2099914550781,TSLA
2019-07-02,20307100,54.83000183105469,55.91999816894531,54.779998779296875,55.810001373291016,54.12820816040039,CSCO
2019-12-16,4701000,136.9499969482422,137.52000427246094,136.16000366210938,137.05999755859375,135.0921630859375,PEP
2018-06-21,25711900,187.25,188.3500061035156,184.94000244140625,185.4600067138672,180.52479553222656,AAPL
2019-08-20,47924000,30.940000534057617,31.309999465942383,30.450000762939453,30.719999313354492,30.719999313354492,AMD
2019-10-01,21466600,139.66000366210938,140.25,137.0,137.07000732421875,135.85470581054688,MSFT
2019-03-18,9476000,116.16999816894533,117.38999938964844,116.0500030517578,117.2699966430664,113.16600036621094,PEP
2019-04-26,18010900,56.02000045776367,56.369998931884766,55.68000030517578,55.880001068115234,54.19609832763672,CSCO
2019-12-13,21796900,45.90999984741211,46.04999923706055,45.20000076293945,45.29999923706055,44.54705047607422,CSCO
2019-02-19,1515200,281.1499938964844,282.8299865722656,280.1499938964844,281.6600036621094,281.6600036621094,AVGO
2018-02-26,10268600,288.75,295.6499938964844,287.010009765625,294.1600036621094,294.1600036621094,NFLX
2018-07-17,5682900,1811.56005859375,1851.68994140625,1797.3800048828125,1843.9300537109375,1843.9300537109375,AMZN
2019-05-06,2883900,127.3000030517578,127.62999725341795,126.76000213623048,127.2699966430664,122.8160400390625,PEP
2019-06-11,5396700,355.0,357.5799865722656,348.5,351.2699890136719,351.2699890136719,NFLX
2019-04-05,15826200,119.38999938964844,120.2300033569336,119.37000274658205,119.88999938964844,117.9958724975586,MSFT
2018-04-23,4893400,291.2900085449219,291.6199951171875,282.3299865722656,283.3699951171875,283.3699951171875,TSLA
2019-12-17,25425600,155.4499969482422,155.7100067138672,154.4499969482422,154.69000244140625,153.84017944335938,MSFT
2019-04-23,4464100,126.68000030517578,127.54000091552734,126.12000274658205,127.08999633789062,122.64234161376952,PEP
2019-08-13,47218500,201.02000427246097,212.13999938964844,200.47999572753903,208.97000122070312,207.2900848388672,AAPL
2018-04-25,5405900,62.47999954223633,64.31999969482422,62.31999969482422,63.93000030517578,63.93000030517578,TMUS
2018-09-28,3703800,70.44999694824219,70.87999725341797,69.9800033569336,70.18000030517578,70.18000030517578,TMUS
2018-01-17,24427100,40.84000015258789,41.31999969482422,40.709999084472656,41.20000076293945,38.525001525878906,CSCO
2019-05-22,15396500,126.62000274658205,128.24000549316406,126.5199966430664,127.66999816894533,126.11807250976562,MSFT
2019-03-08,4667000,1604.010009765625,1622.719970703125,1586.5699462890625,1620.800048828125,1620.800048828125,AMZN
2018-04-18,21043300,96.22000122070312,96.72000122070312,95.5199966430664,96.44000244140624,93.34083557128906,MSFT
2019-09-16,3675500,1824.02001953125,1825.68994140625,1800.199951171875,1807.8399658203125,1807.8399658203125,AMZN
2019-07-02,1901100,298.8800048828125,300.6700134277344,293.8999938964844,295.3299865722656,295.3299865722656,AVGO
2019-02-20,8110700,364.8500061035156,366.7099914550781,356.70001220703125,359.9100036621094,359.9100036621094,NFLX
2019-01-28,3132000,261.55999755859375,268.8500061035156,258.6499938964844,267.6199951171875,267.6199951171875,AVGO
2019-01-07,7993200,1602.31005859375,1634.56005859375,1589.18994140625,1629.510009765625,1629.510009765625,AMZN
2018-12-21,111242100,101.62999725341795,103.0,97.45999908447266,98.2300033569336,96.26693725585938,MSFT
2018-04-19,6090600,291.0799865722656,301.010009765625,288.54998779296875,300.0799865722656,300.0799865722656,TSLA
2019-12-06,2900300,77.54000091552734,78.0,76.62999725341797,77.73999786376953,77.73999786376953,TMUS
2018-11-02,4024100,225.3300018310547,225.97000122070312,217.75,220.77000427246097,220.77000427246097,AVGO
2018-03-27,30942000,44.4900016784668,44.52000045776367,42.2400016784668,42.68000030517578,39.908897399902344,CSCO
2018-11-14,106344300,20.18000030517578,21.11000061035156,19.760000228881836,20.809999465942383,20.809999465942383,AMD
2018-07-25,16709900,193.05999755859375,194.8500061035156,192.42999267578125,194.82000732421875,189.63571166992188,AAPL
2019-07-05,2628400,1928.5999755859375,1945.9000244140625,1925.300048828125,1942.9100341796875,1942.9100341796875,AMZN
2018-03-14,4055700,113.56999969482422,113.7699966430664,112.2300033569336,112.61000061035156,105.10182189941406,PEP
2018-04-09,25725800,40.95000076293945,42.060001373291016,40.900001525878906,41.16999816894531,38.806419372558594,CSCO
2019-10-15,2123000,282.6400146484375,290.6199951171875,282.20001220703125,290.32000732421875,290.32000732421875,AVGO
2019-07-02,37721700,30.959999084472656,31.260000228881836,30.729999542236328,31.239999771118164,31.239999771118164,AMD
2018-07-10,9382900,417.239990234375,419.44000244140625,413.0799865722656,415.6300048828125,415.6300048828125,NFLX
2018-05-24,2548900,57.15999984741211,57.369998931884766,56.86000061035156,56.97999954223633,56.97999954223633,TMUS
2018-08-27,3569000,1915.0,1927.699951171875,1909.280029296875,1927.6800537109375,1927.6800537109375,AMZN
2018-04-09,31533900,91.04000091552734,93.16999816894533,90.62000274658205,90.7699966430664,87.85303497314453,MSFT
2018-10-18,32581300,217.86000061035156,219.7400054931641,213.0,216.02000427246097,211.0089874267578,AAPL
2019-07-15,65565200,33.34000015258789,34.54999923706055,33.27000045776367,34.38999938964844,34.38999938964844,AMD
2018-10-29,21698800,305.260009765625,307.8900146484375,275.3999938964844,284.8399963378906,284.8399963378906,NFLX
2018-01-31,36512100,41.97999954223633,42.0099983215332,41.349998474121094,41.540000915527344,38.84292221069336,CSCO
2018-11-13,5448600,333.1600036621094,344.70001220703125,332.20001220703125,338.7300109863281,338.7300109863281,TSLA
2019-11-08,1783000,309.8699951171875,313.6000061035156,305.1300048828125,313.4100036621094,313.4100036621094,AVGO
2019-04-22,1912400,73.76000213623047,73.86000061035156,73.01000213623047,73.72000122070312,73.72000122070312,TMUS
2019-08-15,3759100,1781.989990234375,1788.0,1761.9599609375,1776.1199951171875,1776.1199951171875,AMZN
2018-03-29,48681400,9.9399995803833,10.079999923706056,9.8100004196167,10.050000190734863,10.050000190734863,AMD
2018-08-29,1812500,214.80999755859375,215.8000030517578,213.4499969482422,214.9900054931641,214.9900054931641,AVGO
2018-04-20,2829200,63.27000045776367,63.56999969482422,62.93000030517578,63.09000015258789,63.09000015258789,TMUS
2019-04-25,21849400,255.0,259.0,246.07000732421875,247.6300048828125,247.6300048828125,TSLA
2018-04-23,36515500,166.8300018310547,166.9199981689453,164.08999633789062,165.24000549316406,160.2250213623047,AAPL
2018-08-01,7790500,335.8699951171875,344.4100036621094,334.0199890136719,338.3800048828125,338.3800048828125,NFLX
2018-04-06,51087100,9.829999923706056,10.100000381469728,9.5,9.609999656677246,9.609999656677246,AMD
2018-03-21,2577400,62.599998474121094,63.209999084472656,62.52000045776367,62.59000015258789,62.59000015258789,TMUS
2018-06-06,7712300,367.7799987792969,369.6799926757813,363.3299865722656,367.4500122070313,367.4500122070313,NFLX
2019-11-18,22742800,44.97999954223633,45.189998626708984,44.439998626708984,45.150001525878906,44.3995475769043,CSCO
2018-12-19,8792200,1543.050048828125,1584.530029296875,1483.1800537109375,1495.0799560546875,1495.0799560546875,AMZN
2018-05-07,6202000,57.31999969482422,58.0,56.029998779296875,56.540000915527344,56.540000915527344,TMUS
2019-06-04,3680500,256.9599914550781,266.0,255.7599945068359,265.70001220703125,265.70001220703125,AVGO
2018-06-25,22490900,404.69000244140625,405.989990234375,378.75,384.4800109863281,384.4800109863281,NFLX
2018-12-31,6954500,1510.800048828125,1520.760009765625,1487.0,1501.969970703125,1501.969970703125,AMZN
2018-10-04,22110900,48.630001068115234,48.77000045776367,48.040000915527344,48.380001068115234,46.26863861083984,CSCO
2018-05-08,5930000,300.79998779296875,307.75,299.0,301.9700012207031,301.9700012207031,TSLA
2019-08-30,21143400,210.16000366210935,210.4499969482422,207.1999969482422,208.7400054931641,207.0619201660156,AAPL
2018-08-02,52867100,18.170000076293945,18.829999923706055,18.0,18.790000915527344,18.790000915527344,AMD
2019-07-12,2509300,2008.27001953125,2017.0,2003.8699951171875,2011.0,2011.0,AMZN
2018-08-24,164328200,22.90999984741211,24.0,22.670000076293945,23.979999542236328,23.979999542236328,AMD
2018-11-12,4781900,117.0,118.31999969482422,116.70999908447266,116.97000122070312,111.08650207519533,PEP
2019-07-19,13882400,57.810001373291016,58.06999969482422,57.31999969482422,57.36000061035156,55.98258590698242,CSCO
2018-05-23,3361900,1571.050048828125,1601.8599853515625,1566.3399658203125,1601.8599853515625,1601.8599853515625,AMZN
2018-12-20,70334200,103.0500030517578,104.30999755859376,98.77999877929688,101.51000213623048,99.4813995361328,MSFT
2018-01-11,3149100,63.939998626708984,64.19000244140625,63.22999954223633,63.84000015258789,63.84000015258789,TMUS
2018-12-28,5410300,110.08999633789062,111.0999984741211,109.22000122070312,110.36000061035156,105.64118194580078,PEP
2018-06-21,23198200,102.08000183105467,102.45999908447266,100.87999725341795,101.13999938964844,98.31409454345705,MSFT
2018-05-15,5077500,1587.800048828125,1587.800048828125,1565.219970703125,1576.1199951171875,1576.1199951171875,AMZN
2019-02-07,7864500,347.8999938964844,348.75,339.0199890136719,344.7099914550781,344.7099914550781,NFLX
2019-12-12,2845600,75.2300033569336,75.25,74.45999908447266,74.88999938964844,74.88999938964844,TMUS
2019-06-03,2891100,252.5500030517578,258.3299865722656,251.1999969482422,253.17999267578125,253.17999267578125,AVGO
2018-05-02,23601600,44.90999984741211,45.04999923706055,43.79999923706055,43.86000061035156,41.34198760986328,CSCO
2019-04-08,4653800,365.1099853515625,365.94000244140625,359.92999267578125,361.4100036621094,361.4100036621094,NFLX
2018-09-19,11876800,373.9500122070313,377.6099853515625,359.1700134277344,366.9599914550781,366.9599914550781,NFLX
2019-09-12,16546700,50.279998779296875,50.29999923706055,49.40999984741211,49.93000030517578,48.73100280761719,CSCO
2019-05-14,7252400,229.3000030517578,234.5,228.0,232.30999755859375,232.30999755859375,TSLA
2019-03-06,4375400,71.41000366210938,71.5999984741211,69.98999786376953,70.77999877929688,70.77999877929688,TMUS
2018-12-21,21397600,263.8299865722656,264.5,241.2899932861328,246.38999938964844,246.38999938964844,NFLX
2019-09-04,4652500,291.25,292.3800048828125,286.510009765625,291.5199890136719,291.5199890136719,NFLX
2019-05-22,3588000,129.10000610351562,130.63999938964844,128.9499969482422,130.07000732421875,125.51805877685548,PEP
2019-10-16,6684100,257.3900146484375,262.1000061035156,256.9200134277344,259.75,259.75,TSLA
2018-05-04,47884900,10.880000114440918,11.289999961853027,10.869999885559082,11.279999732971191,11.279999732971191,AMD
2019-01-22,6416800,1681.0,1681.8699951171875,1610.199951171875,1632.1700439453125,1632.1700439453125,AMZN
2019-07-22,4411700,130.49000549316406,130.80999755859375,129.6300048828125,130.27999877929688,126.64118194580078,PEP
2019-07-09,2613100,273.45001220703125,275.9800109863281,272.4100036621094,275.5299987792969,275.5299987792969,AVGO
2019-08-30,4446400,298.7799987792969,298.94000244140625,290.8500061035156,293.75,293.75,NFLX
2018-05-21,6657300,327.1099853515625,331.8800048828125,325.45001220703125,331.82000732421875,331.82000732421875,NFLX
2019-08-12,1888200,77.06999969482422,77.61000061035156,76.7699966430664,76.94000244140625,76.94000244140625,TMUS
2018-04-16,20307900,315.989990234375,316.1000061035156,304.0,307.7799987792969,307.7799987792969,NFLX
2018-09-24,2749300,68.69999694824219,69.33999633789062,68.5,68.91999816894531,68.91999816894531,TMUS
2019-06-20,33042600,137.4499969482422,137.66000366210938,135.72000122070312,136.9499969482422,135.28524780273438,MSFT
2019-06-04,13807500,181.1000061035156,193.97999572753903,179.61000061035156,193.6000061035156,193.6000061035156,TSLA
2018-05-08,4014900,235.7400054931641,238.9600067138672,234.82000732421875,238.8500061035156,238.8500061035156,AVGO
2018-04-04,3772000,230.0500030517578,237.9199981689453,229.5,236.9900054931641,236.9900054931641,AVGO
2018-02-01,4258500,64.69999694824219,65.11000061035156,63.54999923706055,63.790000915527344,63.790000915527344,TMUS
2018-02-16,4812000,60.630001068115234,60.869998931884766,59.790000915527344,60.060001373291016,60.060001373291016,TMUS
2019-05-30,16829600,125.26000213623048,125.76000213623048,124.77999877929688,125.7300033569336,124.20165252685548,MSFT
2019-04-03,2315300,306.2200012207031,307.3999938964844,301.82000732421875,304.20001220703125,304.20001220703125,AVGO
2019-07-16,5234900,79.3499984741211,79.58999633789062,78.83000183105469,79.04000091552734,79.04000091552734,TMUS
2019-04-17,28906800,199.5399932861328,203.3800048828125,198.61000061035156,203.1300048828125,199.9642791748047,AAPL
2019-09-10,12320200,291.1600036621094,297.1700134277344,282.6600036621094,287.989990234375,287.989990234375,NFLX
2018-12-10,4334400,227.9499969482422,240.32000732421875,226.5099945068359,239.25,239.25,AVGO
2018-11-26,2972500,115.87999725341795,116.43000030517578,114.98999786376952,115.86000061035156,110.0323257446289,PEP
2019-06-12,18221800,193.9499969482422,195.97000122070312,193.38999938964844,194.19000244140625,191.8997802734375,AAPL
2018-03-13,5965800,328.6099853515625,347.2099914550781,326.5,341.8399963378906,341.8399963378906,TSLA
2018-04-20,9158700,332.2200012207031,336.510009765625,326.0,327.7699890136719,327.7699890136719,NFLX
2018-06-29,4543500,1717.0,1723.4100341796875,1694.3199462890625,1699.800048828125,1699.800048828125,AMZN
2018-08-10,3711900,113.58999633789062,113.97000122070312,112.56999969482422,112.87000274658205,106.3133544921875,PEP
2019-08-14,4893600,1793.010009765625,1795.6500244140625,1757.219970703125,1762.9599609375,1762.9599609375,AMZN
2019-03-29,5758800,122.29000091552734,122.76000213623048,121.2699966430664,122.5500030517578,118.26123046875,PEP
2018-12-18,10350100,263.29998779296875,275.75,263.2900085449219,270.94000244140625,270.94000244140625,NFLX
2019-03-28,18334800,117.44000244140624,117.58000183105467,116.12999725341795,116.93000030517578,115.08262634277344,MSFT
2018-10-19,16717200,351.0,355.79998779296875,332.20001220703125,332.6700134277344,332.6700134277344,NFLX
2018-06-29,22737700,186.2899932861328,187.19000244140625,182.91000366210935,185.11000061035156,180.18408203125,AAPL
2019-11-01,3054900,137.5500030517578,138.33999633789062,136.6999969482422,136.92999267578125,134.02528381347656,PEP
2018-04-17,33866500,329.6600036621094,338.6199951171875,323.7699890136719,336.05999755859375,336.05999755859375,NFLX
2019-01-31,10910300,1692.8499755859375,1736.4100341796875,1679.0799560546875,1718.72998046875,1718.72998046875,AMZN
2018-05-24,3430000,1598.030029296875,1608.239990234375,1588.3800048828125,1603.0699462890625,1603.0699462890625,AMZN
2018-02-15,27823900,91.20999908447266,92.72000122070312,90.62000274658205,92.66000366210938,89.68231201171875,MSFT
2018-04-09,3749400,229.97999572753903,239.66000366210935,229.2599945068359,234.7400054931641,234.7400054931641,AVGO
2019-04-29,16324200,129.89999389648438,130.17999267578125,129.35000610351562,129.77000427246094,127.71977996826172,MSFT
2019-04-16,25696400,199.4600067138672,201.3699951171875,198.55999755859375,199.25,196.14474487304688,AAPL
2018-08-03,3934500,114.7699966430664,116.6999969482422,114.37000274658205,116.3000030517578,109.54409790039062,PEP
2019-06-14,7433400,211.25,216.6499938964844,210.3999938964844,214.9199981689453,214.9199981689453,TSLA
2018-04-03,30278000,167.63999938964844,168.75,164.8800048828125,168.38999938964844,163.2794189453125,AAPL
2018-02-05,3489600,63.459999084472656,63.810001373291016,61.529998779296875,61.540000915527344,61.540000915527344,TMUS
2019-11-20,5111800,301.010009765625,308.25,301.0,305.1600036621094,305.1600036621094,NFLX
2018-07-05,3348200,59.45000076293945,60.119998931884766,59.209999084472656,60.060001373291016,60.060001373291016,TMUS
2018-10-05,19103300,48.400001525878906,48.849998474121094,47.61000061035156,48.130001068115234,46.02954864501953,CSCO
2018-08-02,18033200,41.38999938964844,42.599998474121094,41.20000076293945,42.529998779296875,40.40079116821289,CSCO
2018-05-24,4176700,278.3999938964844,281.1099853515625,274.8900146484375,277.8500061035156,277.8500061035156,TSLA
2018-12-03,40802500,184.4600067138672,184.94000244140625,181.2100067138672,184.82000732421875,181.16265869140625,AAPL
2018-09-13,6340300,288.0199890136719,295.0,285.17999267578125,289.4599914550781,289.4599914550781,TSLA
2019-10-08,44265700,28.549999237060547,28.63999938964844,27.920000076293945,28.229999542236328,28.229999542236328,AMD
2019-08-28,3955700,289.4700012207031,292.82000732421875,287.75,291.7699890136719,291.7699890136719,NFLX
2019-04-29,44532700,27.899999618530273,28.13999938964844,27.5,27.690000534057617,27.690000534057617,AMD
2019-05-24,3579500,76.5,77.44999694824219,75.62999725341797,77.2699966430664,77.2699966430664,TMUS
2019-12-03,5000000,136.66000366210938,136.66000366210938,134.32000732421875,135.4600067138672,132.58648681640625,PEP
2019-08-23,6324900,295.0,299.010009765625,290.32000732421875,291.44000244140625,291.44000244140625,NFLX
2018-03-26,37541200,168.07000732421875,173.10000610351562,166.44000244140625,172.77000427246094,167.52650451660156,AAPL
2018-12-14,27364500,46.369998931884766,46.619998931884766,45.63999938964844,45.81999969482422,43.82036209106445,CSCO
2018-09-27,30181200,223.82000732421875,226.44000244140625,223.5399932861328,224.9499969482422,219.7318572998047,AAPL
2019-10-23,29844600,136.8800048828125,137.4499969482422,135.61000061035156,137.24000549316406,136.02320861816406,MSFT
2018-05-09,3637300,1600.0,1608.0,1592.0,1608.0,1608.0,AMZN
2019-05-10,30915100,124.91000366210938,127.93000030517578,123.81999969482422,127.12999725341795,125.12149047851562,MSFT
2018-09-06,143942900,28.1200008392334,28.579999923706055,27.190000534057617,27.84000015258789,27.84000015258789,AMD
2019-06-20,11863500,223.0,226.8999938964844,216.3500061035156,219.6199951171875,219.6199951171875,TSLA
2019-09-10,16119200,48.56999969482422,49.349998474121094,47.95000076293945,49.209999084472656,48.02829360961914,CSCO
2018-04-27,35655800,164.0,164.3300018310547,160.6300048828125,162.32000732421875,157.3936309814453,AAPL
2018-10-31,9390200,1569.989990234375,1623.9100341796875,1565.0899658203125,1598.010009765625,1598.010009765625,AMZN
2019-04-02,3448100,1811.02001953125,1820.0,1805.1199951171875,1813.97998046875,1813.97998046875,AMZN
2018-07-27,2325100,59.470001220703125,60.66999816894531,59.290000915527344,59.61000061035156,59.61000061035156,TMUS
2019-09-19,15349400,49.349998474121094,49.91999816894531,49.040000915527344,49.189998626708984,48.00876998901367,CSCO
2019-11-11,20455300,258.29998779296875,262.4700012207031,258.2799987792969,262.20001220703125,260.8730163574219,AAPL
2019-03-06,4770700,115.77999877929688,116.83000183105467,115.58000183105467,116.66000366210938,112.5773468017578,PEP
2018-08-14,16788300,108.55999755859376,109.75,108.04000091552734,109.55999755859376,106.49883270263672,MSFT
2018-11-30,5629100,341.8299865722656,351.6000061035156,338.260009765625,350.4800109863281,350.4800109863281,TSLA
2018-02-07,7319300,60.959999084472656,62.90999984741211,60.959999084472656,62.060001373291016,62.060001373291016,TMUS
2019-02-13,3560300,1647.0,1656.3800048828125,1637.1099853515625,1640.0,1640.0,AMZN
2018-04-09,10249800,300.3699951171875,309.5,289.2099914550781,289.6600036621094,289.6600036621094,TSLA
2018-10-08,29663900,222.2100067138672,224.8000030517578,220.1999969482422,223.77000427246097,218.5792694091797,AAPL
2019-12-20,68994500,282.2300109863281,282.6499938964844,278.55999755859375,279.44000244140625,278.0257568359375,AAPL
2019-05-16,33031400,189.91000366210935,192.47000122070312,188.83999633789065,190.0800018310547,187.8382568359375,AAPL
2019-03-15,8444500,361.0199890136719,364.0,358.8900146484375,361.4599914550781,361.4599914550781,NFLX
2019-10-28,3708900,1748.06005859375,1778.699951171875,1742.5,1777.0799560546875,1777.0799560546875,AMZN
2019-05-14,36529700,186.41000366210935,189.6999969482422,185.41000366210935,188.66000366210935,186.43499755859375,AAPL
2019-12-06,4457800,304.70001220703125,307.8500061035156,302.6000061035156,307.3500061035156,307.3500061035156,NFLX
2019-09-06,3051600,136.92999267578125,137.4199981689453,136.02000427246094,137.3699951171875,134.4559326171875,PEP
2019-08-12,16388300,52.27000045776367,52.36000061035156,51.34000015258789,51.540000915527344,50.30234146118164,CSCO
2019-07-16,22726100,138.9600067138672,139.0500030517578,136.52000427246094,137.0800018310547,135.41368103027344,MSFT
2018-05-29,2828100,248.63999938964844,251.11000061035156,248.47000122070312,249.69000244140625,249.69000244140625,AVGO
2019-01-31,6183400,110.97000122070312,112.9000015258789,110.20999908447266,112.66999816894533,107.85242462158205,PEP
2019-01-07,107157000,19.440000534057617,20.68000030517578,19.0,20.56999969482422,20.56999969482422,AMD
2018-03-16,37591000,11.489999771118164,11.550000190734863,11.31999969482422,11.470000267028809,11.470000267028809,AMD
2019-01-15,17744100,43.33000183105469,44.040000915527344,43.150001525878906,44.02000045776367,42.42488098144531,CSCO
2019-08-19,26384800,47.900001525878906,48.599998474121094,47.4900016784668,48.5,47.33534240722656,CSCO
2019-01-28,135164100,20.31999969482422,21.010000228881836,20.020000457763672,20.18000030517578,20.18000030517578,AMD
2018-06-05,23514400,102.0,102.33000183105467,101.52999877929688,102.19000244140624,99.33475494384766,MSFT
2019-05-10,21795900,52.61000061035156,53.54999923706055,51.95000076293945,53.36000061035156,51.75203704833984,CSCO
2018-06-01,18352700,42.90999984741211,43.689998626708984,42.880001068115234,43.65999984741211,41.15346908569336,CSCO
2018-12-03,8306500,360.0,366.0,352.0,358.489990234375,358.489990234375,TSLA
2018-01-16,42686600,12.050000190734863,12.199999809265137,11.800000190734863,11.90999984741211,11.90999984741211,AMD
2019-02-28,3146000,269.9700012207031,275.7099914550781,268.6300048828125,275.3599853515625,275.3599853515625,AVGO
2019-05-28,4717100,354.3900146484375,361.2000122070313,353.6499938964844,355.05999755859375,355.05999755859375,NFLX
2018-11-19,3387500,68.52999877929688,69.5999984741211,67.91999816894531,68.0,68.0,TMUS
2019-09-17,1982400,1807.0799560546875,1823.989990234375,1804.0999755859375,1822.550048828125,1822.550048828125,AMZN
2019-11-21,18576100,149.39999389648438,149.8000030517578,148.5,149.47999572753906,148.65878295898438,MSFT
2018-04-04,6982300,1358.239990234375,1415.3900146484375,1352.8800048828125,1410.5699462890625,1410.5699462890625,AMZN
2018-06-21,1818600,261.5799865722656,262.57000732421875,258.44000244140625,259.6499938964844,259.6499938964844,AVGO
2018-09-17,20736500,113.69000244140624,113.6999969482422,111.86000061035156,112.13999938964844,109.42623901367188,MSFT
2018-06-27,16541400,407.55999755859375,411.5899963378906,390.0,390.3900146484375,390.3900146484375,NFLX
2018-07-31,5738700,1786.489990234375,1801.8299560546875,1739.3199462890625,1777.43994140625,1777.43994140625,AMZN
2019-08-08,26093500,52.790000915527344,53.36000061035156,52.59000015258789,53.15999984741211,51.88343811035156,CSCO
2018-12-07,42281600,173.49000549316406,174.49000549316406,168.3000030517578,168.49000549316406,165.15582275390625,AAPL
2019-04-30,3064900,73.47000122070312,73.73999786376953,72.55000305175781,72.98999786376953,72.98999786376953,TMUS
2018-11-15,9967100,285.510009765625,292.5,282.1600036621094,290.05999755859375,290.05999755859375,NFLX
2019-06-14,3291800,133.00999450683594,133.5399932861328,132.55999755859375,132.72999572753906,129.0227508544922,PEP
2019-02-19,3681700,1601.0,1634.0,1600.56005859375,1627.5799560546875,1627.5799560546875,AMZN
2018-04-25,3402300,229.0,231.1000061035156,225.86000061035156,229.0,229.0,AVGO
2018-01-05,3544700,1217.510009765625,1229.1400146484375,1210.0,1229.1400146484375,1229.1400146484375,AMZN
2019-05-15,24722700,124.26000213623048,126.70999908447266,123.6999969482422,126.0199966430664,124.48812866210938,MSFT
2018-07-17,42313500,16.5,16.8799991607666,16.479999542236328,16.8700008392334,16.8700008392334,AMD
2018-10-22,26545600,109.31999969482422,110.54000091552734,108.23999786376952,109.62999725341795,106.97696685791016,MSFT
2018-02-02,9123600,263.0,270.6199951171875,262.7099914550781,267.42999267578125,267.42999267578125,NFLX
2018-08-15,2408500,65.5199966430664,65.9000015258789,65.04000091552734,65.41000366210938,65.41000366210938,TMUS
2018-10-24,134489100,25.040000915527344,25.100000381469727,22.75,22.790000915527344,22.790000915527344,AMD
2018-06-01,4414200,100.54000091552734,100.93000030517578,99.6500015258789,100.25,94.42644500732422,PEP
2019-10-02,5631400,243.2899932861328,244.6499938964844,239.42999267578125,243.1300048828125,243.1300048828125,TSLA
2019-06-06,2671000,76.13999938964844,76.44000244140625,74.61000061035156,75.94999694824219,75.94999694824219,TMUS
2018-08-08,3106500,65.30999755859375,65.6500015258789,64.45999908447266,65.5,65.5,TMUS
2019-07-11,10108700,78.7300033569336,78.87999725341797,76.94999694824219,78.26000213623047,78.26000213623047,TMUS
2018-06-06,20933600,193.6300048828125,194.0800018310547,191.9199981689453,193.97999572753903,188.81805419921875,AAPL
2018-03-02,6587600,1469.0999755859375,1501.050048828125,1455.010009765625,1500.25,1500.25,AMZN
2019-07-10,9145700,234.1499938964844,238.94000244140625,233.13999938964844,238.9199981689453,238.9199981689453,TSLA
2019-04-30,73165900,27.59000015258789,27.799999237060547,26.940000534057617,27.6299991607666,27.6299991607666,AMD
2019-07-11,2071200,275.239990234375,277.45001220703125,272.95001220703125,276.05999755859375,276.05999755859375,AVGO
2019-02-27,2914600,273.2200012207031,275.1000061035156,269.5799865722656,271.489990234375,271.489990234375,AVGO
2019-03-05,5937800,351.4599914550781,356.1700134277344,348.25,354.29998779296875,354.29998779296875,NFLX
2018-03-16,7730800,112.33000183105467,113.1999969482422,111.58000183105467,111.63999938964844,104.19650268554688,PEP
2019-02-05,9046600,353.20001220703125,360.0,352.8999938964844,355.80999755859375,355.80999755859375,NFLX
2018-08-06,6704800,117.25,118.44000244140624,116.9000015258789,117.37999725341795,110.56137084960938,PEP
2019-04-08,58002500,28.690000534057617,28.950000762939453,28.18000030517578,28.530000686645508,28.530000686645508,AMD
2018-10-11,147013800,24.739999771118164,26.200000762939453,24.549999237060547,25.299999237060547,25.299999237060547,AMD
2019-02-22,22008100,49.70000076293945,50.220001220703125,49.58000183105469,50.11000061035156,48.29420471191406,CSCO
2018-09-10,39516500,220.9499969482422,221.8500061035156,216.47000122070312,218.3300018310547,213.26541137695312,AAPL
2018-06-04,7682000,362.6799926757813,363.0,355.510009765625,361.80999755859375,361.80999755859375,NFLX
2019-12-30,2342000,77.47000122070312,78.0999984741211,77.18000030517578,78.08000183105469,78.08000183105469,TMUS
2018-07-30,15300400,42.459999084472656,42.61000061035156,42.08000183105469,42.16999816894531,40.05881118774414,CSCO
2018-04-18,6557700,291.0799865722656,300.239990234375,288.1600036621094,293.3500061035156,293.3500061035156,TSLA
2018-07-12,5721200,321.42999267578125,323.2300109863281,312.7699890136719,316.7099914550781,316.7099914550781,TSLA
2018-08-15,86355700,19.86000061035156,20.100000381469727,19.200000762939453,19.700000762939453,19.700000762939453,AMD
2019-09-19,2031500,1821.02001953125,1832.5699462890625,1817.9000244140625,1821.5,1821.5,AMZN
2019-04-03,5368900,369.260009765625,373.4100036621094,366.19000244140625,369.75,369.75,NFLX
2019-06-05,24926100,124.9499969482422,125.87000274658205,124.20999908447266,125.83000183105467,124.30044555664062,MSFT
2018-07-18,5624200,325.0,325.5,316.25,323.8500061035156,323.8500061035156,TSLA
2018-09-12,4414000,1994.0,2000.0,1962.43994140625,1990.0,1990.0,AMZN
2019-05-22,3180900,270.4800109863281,275.05999755859375,268.9700012207031,269.2200012207031,269.2200012207031,AVGO
2019-04-29,4021300,1949.0,1956.3399658203125,1934.0899658203125,1938.4300537109375,1938.4300537109375,AMZN
2018-08-13,3222200,64.94000244140625,65.80000305175781,64.52999877929688,65.69999694824219,65.69999694824219,TMUS
2019-09-13,1971300,1842.010009765625,1846.1199951171875,1835.1700439453125,1839.3399658203125,1839.3399658203125,AMZN
2018-05-09,5727400,300.4100036621094,307.010009765625,300.04998779296875,306.8500061035156,306.8500061035156,TSLA
2019-03-04,4383100,116.5500030517578,116.93000030517578,115.5,116.16999816894533,112.10449981689452,PEP
2019-11-26,4947400,134.2899932861328,135.8699951171875,133.8699951171875,135.6999969482422,132.82138061523438,PEP
2019-07-23,9171100,311.44000244140625,313.5,306.0,307.29998779296875,307.29998779296875,NFLX
2019-02-08,2390300,267.3299865722656,274.2900085449219,267.05999755859375,274.05999755859375,274.05999755859375,AVGO
2018-12-14,40703700,169.0,169.0800018310547,165.27999877929688,165.47999572753906,162.2053680419922,AAPL
2018-09-21,6989500,115.26000213623048,115.5199966430664,114.83999633789062,114.91000366210938,109.13011932373048,PEP
2018-08-29,20818000,110.4499969482422,112.02999877929688,110.2699966430664,112.0199966430664,109.30913543701172,MSFT
2019-06-18,86444500,29.760000228881836,30.969999313354492,29.579999923706055,30.450000762939453,30.450000762939453,AMD
2019-08-14,7355800,308.010009765625,308.4100036621094,298.010009765625,299.1099853515625,299.1099853515625,NFLX
2018-02-28,26885200,45.27000045776367,45.88999938964844,44.779998779296875,44.779998779296875,41.872554779052734,CSCO
2019-07-18,58610900,33.029998779296875,33.459999084472656,32.41999816894531,33.0,33.0,AMD
2019-08-29,1642900,281.489990234375,285.489990234375,281.04998779296875,283.3699951171875,283.3699951171875,AVGO
2018-07-05,17476400,313.760009765625,314.3900146484375,296.2200012207031,309.1600036621094,309.1600036621094,TSLA
2018-04-19,23552500,96.44000244140624,97.06999969482422,95.33999633789062,96.11000061035156,93.0214385986328,MSFT
2018-08-20,2621400,65.73999786376953,66.23999786376953,65.5,65.83999633789062,65.83999633789062,TMUS
2019-10-01,2803500,78.87999725341797,79.37000274658203,78.0,78.19999694824219,78.19999694824219,TMUS
2018-10-16,4061600,106.30999755859376,107.69000244140624,105.83999633789062,107.38999938964844,101.98836517333984,PEP
2019-02-26,17070200,173.7100067138672,175.3000030517578,173.1699981689453,174.3300018310547,171.6131134033203,AAPL
2018-05-08,4735700,325.8999938964844,327.3500061035156,323.04998779296875,326.8900146484375,326.8900146484375,NFLX
2019-04-08,4035400,70.13999938964844,71.23999786376953,69.7699966430664,71.2300033569336,71.2300033569336,TMUS
2019-09-13,1737700,80.08999633789062,80.08999633789062,79.02999877929688,79.4000015258789,79.4000015258789,TMUS
2019-12-12,3095900,1750.0,1764.0,1745.43994140625,1760.3299560546875,1760.3299560546875,AMZN
2019-06-17,5358200,342.69000244140625,351.7699890136719,342.05999755859375,350.6199951171875,350.6199951171875,NFLX
2018-01-30,5871900,1403.1700439453125,1439.25,1392.0,1437.8199462890625,1437.8199462890625,AMZN
2018-07-23,7769300,115.5199966430664,115.9800033569336,113.58000183105467,114.38999938964844,107.74505615234376,PEP
2019-04-29,16259500,55.66999816894531,56.220001220703125,55.54999923706055,56.130001068115234,54.43856048583984,CSCO
2018-12-10,7494800,1623.8399658203125,1657.989990234375,1590.8699951171875,1641.030029296875,1641.030029296875,AMZN
2018-11-09,85900700,20.770000457763672,21.190000534057617,20.11000061035156,21.030000686645508,21.030000686645508,AMD
2018-08-23,4508800,112.16999816894533,112.2300033569336,111.51000213623048,111.93000030517578,105.4279556274414,PEP
2018-08-08,52081400,19.459999084472656,19.770000457763672,19.260000228881836,19.579999923706055,19.579999923706055,AMD
2018-08-01,4266900,223.2599945068359,223.94000244140625,216.1999969482422,216.8000030517578,216.8000030517578,AVGO
2018-01-26,4539400,341.5,344.0,335.7099914550781,342.8500061035156,342.8500061035156,TSLA
2018-10-18,2954400,69.2300033569336,69.69000244140625,68.33000183105469,68.7699966430664,68.7699966430664,TMUS
2019-08-05,6058200,1770.219970703125,1788.6700439453125,1748.780029296875,1765.1300048828125,1765.1300048828125,AMZN
2018-11-08,92387600,21.770000457763672,22.079999923706055,20.969999313354492,21.200000762939453,21.200000762939453,AMD
2019-03-01,1883600,72.38999938964844,72.5999984741211,71.77999877929688,72.33999633789062,72.33999633789062,TMUS
2018-04-30,3968200,232.5800018310547,234.1199951171875,228.32000732421875,229.4199981689453,229.4199981689453,AVGO
2018-07-24,12851500,366.94000244140625,367.3999938964844,354.55999755859375,357.32000732421875,357.32000732421875,NFLX
2018-05-07,8678200,297.5,305.9599914550781,295.1700134277344,302.7699890136719,302.7699890136719,TSLA
2019-08-21,1221500,78.06999969482422,78.30999755859375,77.7699966430664,78.18000030517578,78.18000030517578,TMUS
2018-10-15,11215000,337.6300048828125,339.2099914550781,326.92999267578125,333.1300048828125,333.1300048828125,NFLX
2018-10-03,7995000,303.3299865722656,304.6000061035156,291.57000732421875,294.79998779296875,294.79998779296875,TSLA
2018-12-21,132246000,18.1200008392334,18.34000015258789,16.760000228881836,16.93000030517578,16.93000030517578,AMD
2019-12-02,2881400,78.58000183105469,78.83999633789062,76.86000061035156,77.63999938964844,77.63999938964844,TMUS
2019-09-30,2191100,77.87000274658203,79.08999633789062,77.62000274658203,78.7699966430664,78.7699966430664,TMUS
2019-08-30,3742800,136.11000061035156,137.11000061035156,135.75999450683594,136.72999572753906,132.91102600097656,PEP
2019-07-17,9266900,57.56999969482422,57.790000915527344,57.189998626708984,57.209999084472656,55.836181640625,CSCO
2018-02-09,85458200,11.539999961853027,11.56999969482422,10.630000114440918,11.3100004196167,11.3100004196167,AMD
2019-11-15,1812000,312.2699890136719,313.05999755859375,310.0799865722656,312.9100036621094,312.9100036621094,AVGO
2018-11-20,3212300,223.94000244140625,229.0800018310547,222.5800018310547,227.7100067138672,227.7100067138672,AVGO
2019-04-29,1340400,311.239990234375,314.6700134277344,310.44000244140625,312.7200012207031,312.7200012207031,AVGO
2019-10-15,6432800,257.70001220703125,260.0,254.1199951171875,257.8900146484375,257.8900146484375,TSLA
2018-07-11,18831500,188.5,189.77999877929688,187.61000061035156,187.8800048828125,182.88038635253903,AAPL
2019-04-09,5439200,360.5400085449219,366.739990234375,359.0,364.7099914550781,364.7099914550781,NFLX
2019-07-08,16779700,136.39999389648438,137.10000610351562,135.3699951171875,136.9600067138672,135.29515075683594,MSFT
2018-08-31,5375100,302.0,305.30999755859375,298.6000061035156,301.6600036621094,301.6600036621094,TSLA
2018-08-07,2979800,219.22000122070312,221.83999633789065,217.13999938964844,220.30999755859375,220.30999755859375,AVGO
2018-11-20,8004700,341.75,349.79998779296875,333.54998779296875,347.489990234375,347.489990234375,TSLA
2019-12-09,17508500,43.88999938964844,44.369998931884766,43.75,43.900001525878906,43.17032623291016,CSCO
2019-01-02,23833500,42.279998779296875,43.20000076293945,42.209999084472656,42.95000076293945,41.07561111450195,CSCO
2018-06-08,2955100,1681.1199951171875,1689.43994140625,1673.010009765625,1683.989990234375,1683.989990234375,AMZN
2019-07-18,30808700,135.5500030517578,136.6199951171875,134.6699981689453,136.4199981689453,134.76171875,MSFT
2018-01-31,32478900,166.8699951171875,168.44000244140625,166.5,167.42999267578125,161.68931579589844,AAPL
2019-04-24,2333500,314.5799865722656,317.010009765625,313.19000244140625,314.3299865722656,314.3299865722656,AVGO
2018-05-02,66539400,175.22999572753906,177.75,173.8000030517578,176.57000732421875,171.21115112304688,AAPL
2019-01-25,31225600,107.23999786376952,107.87999725341795,106.1999969482422,107.16999816894533,105.02828216552734,MSFT
2019-06-03,2941000,73.62000274658203,74.63999938964844,73.37000274658203,74.19999694824219,74.19999694824219,TMUS
2018-06-12,4291000,363.6000061035156,365.9800109863281,362.0,363.8299865722656,363.8299865722656,NFLX
2018-02-06,12595800,247.6999969482422,266.70001220703125,245.0,265.7200012207031,265.7200012207031,NFLX
2019-03-07,2541100,270.17999267578125,270.3299865722656,264.0799865722656,265.510009765625,265.510009765625,AVGO
2018-01-09,4573600,118.26000213623048,118.9800033569336,117.9499969482422,118.08000183105467,109.39862060546876,PEP
2018-09-18,5051100,235.0,241.3999938964844,234.8699951171875,239.72999572753903,239.72999572753903,AVGO
2018-09-20,3154900,1938.5799560546875,1955.0,1932.25,1944.300048828125,1944.300048828125,AMZN
2018-06-18,6824800,387.7200012207031,393.1600036621094,386.5,390.3999938964844,390.3999938964844,NFLX
2019-10-16,2261500,79.73999786376953,80.18000030517578,79.5999984741211,80.01000213623047,80.01000213623047,TMUS
2019-08-13,4088200,128.27999877929688,130.3800048828125,127.94000244140624,129.92999267578125,126.30094909667967,PEP
2019-01-24,2849800,67.72000122070312,68.66000366210938,67.22000122070312,68.66000366210938,68.66000366210938,TMUS
2019-08-01,40557500,137.0,140.94000244140625,136.92999267578125,138.05999755859375,136.3817596435547,MSFT
2018-12-31,20581200,43.189998626708984,43.54999923706055,42.88999938964844,43.33000183105469,41.43902587890625,CSCO
2019-04-12,14331700,55.93000030517578,56.36000061035156,55.790000915527344,56.290000915527344,54.59374237060547,CSCO
2019-06-07,33885600,129.19000244140625,132.25,128.25999450683594,131.39999389648438,129.80271911621094,MSFT
2018-04-24,2560300,62.81999969482422,62.97999954223633,62.099998474121094,62.58000183105469,62.58000183105469,TMUS
2019-06-19,21096300,56.040000915527344,56.369998931884766,55.77000045776367,56.130001068115234,54.43856048583984,CSCO
2019-01-29,41587200,156.25,158.1300048828125,154.11000061035156,154.67999267578125,151.61907958984375,AAPL
2019-09-18,12563800,49.470001220703125,49.7400016784668,48.779998779296875,49.34000015258789,48.15517044067383,CSCO
2018-04-19,34808800,173.75999450683594,175.38999938964844,172.66000366210938,172.8000030517578,167.55555725097656,AAPL
2018-04-11,4000200,108.56999969482422,109.47000122070312,108.41999816894533,108.68000030517578,101.43385314941406,PEP
2018-12-18,101512900,19.149999618530273,19.84000015258789,18.8799991607666,19.5,19.5,AMD
2019-01-17,85018400,19.489999771118164,20.510000228881836,19.020000457763672,20.25,20.25,AMD
2018-05-23,21251200,96.70999908447266,98.7300033569336,96.31999969482422,98.66000366210938,95.90338134765624,MSFT
2019-08-23,2883800,77.63999938964844,78.25,76.12000274658203,76.4800033569336,76.4800033569336,TMUS
2019-07-17,3238100,79.2300033569336,79.45999908447266,78.9000015258789,78.93000030517578,78.93000030517578,TMUS
2019-03-19,31646400,188.3500061035156,188.9900054931641,185.9199981689453,186.52999877929688,183.62298583984375,AAPL
2019-11-19,19612600,45.38999938964844,45.599998474121094,45.08000183105469,45.470001220703125,44.714229583740234,CSCO
2019-10-03,15084500,231.86000061035156,234.47999572753903,224.27999877929688,233.02999877929688,233.02999877929688,TSLA
2018-05-10,2817500,1608.47998046875,1615.5999755859375,1603.43994140625,1609.0799560546875,1609.0799560546875,AMZN
2019-09-03,1752700,77.9000015258789,77.94000244140625,77.0,77.12999725341797,77.12999725341797,TMUS
2019-06-06,15927300,54.88999938964844,55.29999923706055,54.209999084472656,55.099998474121094,53.439598083496094,CSCO
2018-12-03,14117400,293.19000244140625,298.7200012207031,284.5799865722656,290.29998779296875,290.29998779296875,NFLX
2018-06-07,4607700,263.0,266.4800109863281,262.9200134277344,264.67999267578125,264.67999267578125,AVGO
2019-12-26,1584800,321.2699890136719,321.739990234375,316.82000732421875,317.9800109863281,317.9800109863281,AVGO
2019-02-12,1980900,278.6499938964844,280.3900146484375,277.05999755859375,279.3900146484375,279.3900146484375,AVGO
2018-08-10,18183700,109.41999816894533,109.69000244140624,108.37999725341795,109.0,105.95448303222656,MSFT
2018-11-29,79853700,21.190000534057617,21.61000061035156,20.729999542236328,21.43000030517578,21.43000030517578,AMD
2019-12-11,16440500,44.36000061035156,44.45000076293945,44.150001525878906,44.279998779296875,43.54400634765625,CSCO
2018-02-23,7301800,281.0,286.0,277.80999755859375,285.92999267578125,285.92999267578125,NFLX
2018-09-24,9322500,359.0,373.6400146484375,354.3299865722656,369.6099853515625,369.6099853515625,NFLX
2019-12-10,2940200,137.61000061035156,137.61000061035156,136.1699981689453,136.27000427246094,134.31350708007812,PEP
2019-12-11,5589800,294.489990234375,299.42999267578125,294.20001220703125,298.92999267578125,298.92999267578125,NFLX
2019-11-06,16575800,144.3699951171875,144.52000427246094,143.1999969482422,144.05999755859375,142.78271484375,MSFT
2018-01-26,4901400,249.4199981689453,250.9499969482422,245.2400054931641,250.7899932861328,250.7899932861328,AVGO
2018-09-06,2277400,65.5,65.95999908447266,65.37000274658203,65.5199966430664,65.5199966430664,TMUS
2018-07-25,8467800,357.57000732421875,363.2799987792969,355.6499938964844,362.8699951171875,362.8699951171875,NFLX
2019-03-20,28113300,117.38999938964844,118.75,116.70999908447266,117.5199966430664,115.6633071899414,MSFT
2019-12-04,1905500,78.05000305175781,78.52999877929688,77.44000244140625,78.33999633789062,78.33999633789062,TMUS
2019-05-15,3751900,127.0999984741211,129.8699951171875,127.0999984741211,129.35000610351562,124.82325744628906,PEP
2019-09-16,13025600,49.79999923706055,50.18000030517578,49.790000915527344,49.959999084472656,48.76028060913086,CSCO
2018-07-17,21188400,42.209999084472656,42.5099983215332,42.13999938964844,42.34000015258789,40.220306396484375,CSCO
2019-10-25,18369300,243.16000366210935,246.72999572753903,242.8800048828125,246.5800018310547,244.59771728515625,AAPL
2019-04-11,14209100,120.54000091552734,120.8499984741211,119.91999816894533,120.33000183105467,118.42891693115234,MSFT
2018-07-16,5466200,1821.949951171875,1841.949951171875,1814.449951171875,1822.489990234375,1822.489990234375,AMZN
2018-07-09,1795500,249.0,249.22999572753903,245.52999877929688,247.42999267578125,247.42999267578125,AVGO
2018-09-19,8294900,280.510009765625,300.0,280.5,299.0199890136719,299.0199890136719,TSLA
2019-04-04,3022500,121.80999755859376,122.12999725341795,121.16999816894533,121.47000122070312,117.2190170288086,PEP
2019-01-14,6005900,1615.0,1648.199951171875,1595.1500244140625,1617.2099609375,1617.2099609375,AMZN
2019-07-25,10798500,318.8599853515625,327.69000244140625,316.29998779296875,326.4599914550781,326.4599914550781,NFLX
2018-01-03,4521500,321.0,325.25,315.54998779296875,317.25,317.25,TSLA
2019-12-11,19689200,268.80999755859375,271.1000061035156,268.5,270.7699890136719,269.399658203125,AAPL
2019-01-10,30067600,103.22000122070312,103.75,102.37999725341795,103.5999984741211,101.52963256835938,MSFT
2018-12-13,5271300,1680.0,1692.1199951171875,1641.5,1658.3800048828125,1658.3800048828125,AMZN
2019-12-30,3674700,1874.0,1884.0,1840.6199951171875,1846.8900146484375,1846.8900146484375,AMZN
2019-08-16,24471800,46.41999816894531,47.36000061035156,46.400001525878906,46.959999084472656,45.83232498168945,CSCO
2019-03-25,8473800,359.0,367.0400085449219,357.44000244140625,366.2300109863281,366.2300109863281,NFLX
2018-02-21,26922500,92.9800033569336,93.36000061035156,91.48999786376952,91.48999786376952,88.54989624023438,MSFT
2018-08-29,27254800,220.1499938964844,223.4900054931641,219.41000366210935,222.97999572753903,217.8075714111328,AAPL
2018-08-08,15487500,109.33000183105467,109.75,108.76000213623048,109.48999786376952,106.4307861328125,MSFT
2019-05-31,2219200,253.0399932861328,255.7400054931641,251.0,251.63999938964844,251.63999938964844,AVGO
2019-01-07,4786900,67.37000274658203,68.61000061035156,67.01000213623047,68.44000244140625,68.44000244140625,TMUS
2019-09-24,4616000,1790.6099853515625,1795.7099609375,1735.550048828125,1741.6099853515625,1741.6099853515625,AMZN
2018-05-11,16778300,97.8000030517578,97.87000274658205,97.04000091552734,97.6999969482422,94.56033325195312,MSFT
2019-02-26,2721100,277.92999267578125,278.010009765625,274.45001220703125,275.0,275.0,AVGO
2018-10-24,20058300,301.04998779296875,304.44000244140625,285.7300109863281,288.5,288.5,TSLA
2018-06-04,3187700,1648.9000244140625,1665.6800537109375,1645.489990234375,1665.27001953125,1665.27001953125,AMZN
2018-11-30,4008300,235.3999938964844,238.27999877929688,233.38999938964844,237.41000366210935,237.41000366210935,AVGO
2018-01-03,29517900,172.52999877929688,174.5500030517578,171.9600067138672,172.22999572753906,166.32472229003906,AAPL
2019-07-10,24204400,137.1300048828125,138.5800018310547,137.02000427246094,137.85000610351562,136.17434692382812,MSFT
2018-05-25,15362000,43.459999084472656,43.619998931884766,43.209999084472656,43.2599983215332,40.77643203735352,CSCO
2019-03-08,8819600,276.9100036621094,285.5899963378906,275.8900146484375,284.1400146484375,284.1400146484375,TSLA
2019-12-09,4364300,77.69999694824219,77.9000015258789,75.30000305175781,75.87000274658203,75.87000274658203,TMUS
2019-06-03,37983600,123.8499984741211,124.37000274658205,119.01000213623048,119.83999633789062,118.38324737548828,MSFT
2018-09-20,3375900,114.2300033569336,115.51000213623048,114.11000061035156,115.22000122070312,109.42452239990234,PEP
2019-05-23,3887000,76.26000213623047,77.0,75.25,76.01000213623047,76.01000213623047,TMUS
2018-02-21,6304400,1485.0,1503.489990234375,1478.9200439453125,1482.9200439453125,1482.9200439453125,AMZN
2019-11-11,9986700,343.95001220703125,349.19000244140625,342.0,345.0899963378906,345.0899963378906,TSLA
2019-03-11,54420200,22.149999618530273,23.079999923706055,21.979999542236328,22.959999084472656,22.959999084472656,AMD
2018-03-06,3003000,249.30999755859375,251.3000030517578,247.32000732421875,250.9600067138672,250.9600067138672,AVGO
2019-02-20,6038900,115.75,116.63999938964844,115.41000366210938,115.83000183105467,110.87731170654295,PEP
2018-04-12,47784400,9.979999542236328,10.100000381469728,9.81999969482422,10.079999923706056,10.079999923706056,AMD
2019-10-01,8650300,267.3500061035156,272.20001220703125,264.0299987792969,269.5799865722656,269.5799865722656,NFLX
2018-08-27,2821300,210.25,214.3699951171875,208.6300048828125,212.97000122070312,212.97000122070312,AVGO
2019-10-29,2550100,136.8300018310547,137.1199951171875,135.94000244140625,136.0800018310547,133.1933135986328,PEP
2019-11-27,5555600,331.1199951171875,333.92999267578125,328.57000732421875,331.2900085449219,331.2900085449219,TSLA
2019-10-21,2829400,136.33999633789062,136.74000549316406,135.66000366210938,136.1199951171875,133.2324676513672,PEP
2018-07-23,3888500,1812.2099609375,1819.0,1769.989990234375,1802.0,1802.0,AMZN
2018-05-07,42451400,185.17999267578125,187.6699981689453,184.75,185.16000366210935,179.54043579101562,AAPL
2019-12-20,53477500,157.35000610351562,158.49000549316406,156.2899932861328,157.41000366210938,156.5452423095703,MSFT
2018-01-24,3445200,121.23999786376952,121.4800033569336,120.81999969482422,121.13999938964844,112.23363494873048,PEP
2019-04-24,31257000,125.79000091552734,125.8499984741211,124.5199966430664,125.01000213623048,123.03498077392578,MSFT
2018-02-09,14141500,1373.489990234375,1383.5,1265.9300537109375,1339.5999755859375,1339.5999755859375,AMZN
2019-01-17,3357400,66.72000122070312,66.75,65.63999938964844,66.25,66.25,TMUS
2018-04-26,5978800,102.25,104.08000183105467,101.1500015258789,103.26000213623048,96.3752212524414,PEP
2018-09-25,15810800,48.56999969482422,48.880001068115234,48.43000030517578,48.470001220703125,46.04341506958008,CSCO
2019-02-13,5141600,312.3500061035156,312.75,305.57000732421875,308.1700134277344,308.1700134277344,TSLA
2019-12-16,4658900,300.8500061035156,305.7099914550781,298.6300048828125,304.2099914550781,304.2099914550781,NFLX
2018-04-04,12914000,273.6300048828125,290.30999755859375,271.2200012207031,288.94000244140625,288.94000244140625,NFLX
2019-11-05,18988900,47.59000015258789,47.91999816894531,47.2599983215332,47.7599983215332,46.966163635253906,CSCO
2019-10-21,12599200,272.8900146484375,279.94000244140625,269.0,278.04998779296875,278.04998779296875,NFLX
2018-03-14,80540800,11.699999809265137,11.720000267028809,11.260000228881836,11.359999656677246,11.359999656677246,AMD
2018-08-14,6986400,358.45001220703125,359.20001220703125,347.1000061035156,347.6400146484375,347.6400146484375,TSLA
2018-03-01,11932100,292.75,295.25,283.8299865722656,290.3900146484375,290.3900146484375,NFLX
2018-02-07,41107600,90.48999786376952,91.7699966430664,89.19999694824219,89.61000061035156,86.32481384277344,MSFT
2018-03-19,26734100,44.59000015258789,44.81999969482422,43.900001525878906,44.27000045776367,41.39567184448242,CSCO
2018-10-09,4105600,108.68000030517578,108.94000244140624,107.5199966430664,108.12000274658205,102.68164825439452,PEP
2019-07-15,3077900,133.60000610351562,134.16000366210938,132.5500030517578,134.14999389648438,130.40309143066406,PEP
2019-04-26,48827900,27.65999984741211,27.899999618530273,27.049999237060547,27.8799991607666,27.8799991607666,AMD
2019-05-21,46079200,27.18000030517578,27.3700008392334,26.93000030517578,27.350000381469727,27.350000381469727,AMD
2018-04-26,8801100,1485.010009765625,1529.4200439453125,1478.5,1517.9599609375,1517.9599609375,AMZN
2019-05-30,21218400,177.9499969482422,179.22999572753906,176.6699981689453,178.3000030517578,176.1971893310547,AAPL
2019-01-04,7394100,306.0,318.0,302.7300109863281,317.69000244140625,317.69000244140625,TSLA
2018-08-22,62002700,20.280000686645508,20.920000076293945,20.209999084472656,20.899999618530273,20.899999618530273,AMD
2018-01-09,21584000,174.5500030517578,175.05999755859375,173.41000366210938,174.3300018310547,168.35272216796875,AAPL
2018-10-15,30791000,221.16000366210935,221.8300018310547,217.27000427246097,217.36000061035156,212.3179168701172,AAPL
2019-08-21,14970300,138.5500030517578,139.49000549316406,138.0,138.7899932861328,137.55943298339844,MSFT
2019-01-25,5074800,110.1500015258789,110.58999633789062,109.04000091552734,109.3499984741211,104.67437744140624,PEP
2018-11-27,3040600,233.5800018310547,238.3699951171875,232.4199981689453,235.8300018310547,235.8300018310547,AVGO
2019-11-27,2018200,317.94000244140625,319.94000244140625,316.4700012207031,318.44000244140625,318.44000244140625,AVGO
2019-01-23,77811300,20.030000686645508,20.479999542236328,19.549999237060547,19.799999237060547,19.799999237060547,AMD
2019-07-05,14273900,56.0,56.72999954223633,55.709999084472656,56.599998474121094,55.24082946777344,CSCO
2019-06-19,63233900,30.670000076293945,30.790000915527344,30.059999465942383,30.5,30.5,AMD
2019-07-11,20191800,203.30999755859375,204.38999938964844,201.7100067138672,201.75,199.37062072753903,AAPL
2019-08-07,33364400,195.41000366210935,199.55999755859375,193.82000732421875,199.0399932861328,196.69256591796875,AAPL
2018-08-17,23153900,45.099998474121094,46.08000183105469,44.91999816894531,45.869998931884766,43.57358169555664,CSCO
2018-11-27,41387400,171.50999450683594,174.77000427246094,170.8800048828125,174.24000549316406,170.7920379638672,AAPL
2019-02-05,36101600,172.86000061035156,175.0800018310547,172.35000610351562,174.17999267578125,170.73321533203125,AAPL
2018-04-12,7608800,302.32000732421875,303.95001220703125,293.67999267578125,294.0799865722656,294.0799865722656,TSLA
2018-05-31,5919700,287.2099914550781,290.3699951171875,282.92999267578125,284.7300109863281,284.7300109863281,TSLA
2018-03-13,174302600,11.5,12.039999961853027,11.100000381469728,11.640000343322754,11.640000343322754,AMD
2018-07-13,4417100,111.68000030517578,112.79000091552734,111.62000274658205,112.69000244140624,106.14379119873048,PEP
2018-10-03,1960700,248.80999755859375,251.3300018310547,247.0399932861328,249.4199981689453,249.4199981689453,AVGO
2019-11-29,1923400,1817.780029296875,1824.68994140625,1800.7900390625,1800.800048828125,1800.800048828125,AMZN
2018-03-08,2847200,65.0,65.27999877929688,64.25,65.05999755859375,65.05999755859375,TMUS
2018-10-02,20787200,115.3000030517578,115.83999633789062,114.44000244140624,115.1500015258789,112.36339569091795,MSFT
2018-10-01,8376600,375.8500061035156,386.1099853515625,375.5899963378906,381.4299926757813,381.4299926757813,NFLX
2019-10-18,39681700,31.059999465942383,31.329999923706055,30.290000915527344,30.969999313354492,30.969999313354492,AMD
2019-09-13,39763300,220.0,220.7899932861328,217.02000427246097,218.75,216.991455078125,AAPL
2018-04-02,13405800,291.94000244140625,292.8699951171875,275.04998779296875,280.2900085449219,280.2900085449219,NFLX
2018-04-24,7494700,1535.800048828125,1539.5,1448.449951171875,1460.0899658203125,1460.0899658203125,AMZN
2019-08-29,3045200,135.61000061035156,136.44000244140625,134.52000427246094,136.02000427246094,132.22088623046875,PEP
2018-04-30,4228200,293.6099853515625,298.7300109863281,292.5,293.8999938964844,293.8999938964844,TSLA
2018-02-14,40644900,163.0399932861328,167.5399932861328,162.8800048828125,167.3699951171875,162.2903594970703,AAPL
2019-05-31,5023400,347.2200012207031,349.3399963378906,342.9200134277344,343.2799987792969,343.2799987792969,NFLX
2019-11-14,6529000,283.25,290.6300048828125,283.2200012207031,289.6199951171875,289.6199951171875,NFLX
2018-12-28,9939000,323.1000061035156,336.239990234375,318.4100036621094,333.8699951171875,333.8699951171875,TSLA
2019-02-28,5586300,114.73999786376952,116.22000122070312,114.20999908447266,115.63999938964844,111.59304809570312,PEP
2019-01-23,3177100,259.5400085449219,260.9100036621094,253.6499938964844,257.5199890136719,257.5199890136719,AVGO
2019-08-30,1701100,78.37999725341797,78.37999725341797,77.79000091552734,78.05000305175781,78.05000305175781,TMUS
2019-03-21,20082700,53.08000183105469,54.22999954223633,53.040000915527344,53.939998626708984,51.98541641235352,CSCO
2019-11-19,19041800,267.8999938964844,268.0,265.3900146484375,266.2900085449219,264.94232177734375,AAPL
2018-10-29,13866100,1660.0,1665.739990234375,1495.0,1538.8800048828125,1538.8800048828125,AMZN
2019-08-26,26043600,205.86000061035156,207.19000244140625,205.05999755859375,206.4900054931641,204.8300018310547,AAPL
2019-08-14,6232700,129.52000427246094,130.52999877929688,128.8000030517578,129.1199951171875,125.51358032226562,PEP
2019-05-06,1875700,73.87999725341797,74.51000213623047,73.33999633789062,74.45999908447266,74.45999908447266,TMUS
2019-11-04,83343800,35.189998626708984,36.45000076293945,34.7599983215332,36.290000915527344,36.290000915527344,AMD
2018-09-06,6250900,221.5,222.82000732421875,213.9199981689453,215.97000122070312,215.97000122070312,AVGO
2019-09-13,4008200,136.0800018310547,136.9499969482422,135.67999267578125,136.44000244140625,133.54566955566406,PEP
2019-05-06,5793100,377.69000244140625,381.3500061035156,376.0,378.6700134277344,378.6700134277344,NFLX
2019-12-24,7044700,48.15999984741211,48.25,47.650001525878906,47.779998779296875,46.98583221435547,CSCO
2019-09-25,14013500,49.04999923706055,49.77000045776367,48.58000183105469,49.61000061035156,48.41868591308594,CSCO
2019-03-11,32011000,175.49000549316406,179.1199951171875,175.35000610351562,178.89999389648438,176.11187744140625,AAPL
2019-03-25,18774900,52.70000076293945,52.93000030517578,52.25,52.72999954223633,50.81926345825195,CSCO
2019-12-27,1310000,77.31999969482422,77.5,77.01000213623047,77.23999786376953,77.23999786376953,TMUS
2019-01-24,97433400,20.059999465942383,21.010000228881836,20.040000915527344,20.850000381469727,20.850000381469727,AMD
2018-03-23,6654900,311.25,311.25,300.45001220703125,301.5400085449219,301.5400085449219,TSLA
2018-06-06,3946700,100.4000015258789,100.86000061035156,99.81999969482422,100.83000183105467,94.9727554321289,PEP
2019-09-09,21175100,48.970001220703125,49.0099983215332,48.459999084472656,48.58000183105469,47.413421630859375,CSCO
2019-01-29,131202500,20.260000228881836,20.38999938964844,19.049999237060547,19.25,19.25,AMD
2018-02-15,5125200,109.52999877929688,111.04000091552734,108.72000122070312,110.97000122070312,102.81135559082033,PEP
2019-06-24,3685800,134.64999389648438,135.24000549316406,133.94000244140625,134.13999938964844,130.39337158203125,PEP
2018-08-10,4328400,346.9100036621094,349.1000061035156,344.4200134277344,345.8699951171875,345.8699951171875,NFLX
2018-05-11,2405200,243.0800018310547,244.5,241.6000061035156,243.3800048828125,243.3800048828125,AVGO
2018-04-09,38382600,9.75,9.84000015258789,9.520000457763672,9.529999732971191,9.529999732971191,AMD
2018-06-01,2636000,254.3699951171875,257.70001220703125,252.5399932861328,256.3399963378906,256.3399963378906,AVGO
2018-07-19,5915300,316.3299865722656,323.5400085449219,314.010009765625,320.2300109863281,320.2300109863281,TSLA
2018-06-05,8358000,363.3200073242187,369.8299865722656,361.4100036621094,365.7999877929687,365.7999877929687,NFLX
2018-09-28,21647800,114.19000244140624,114.56999969482422,113.68000030517578,114.37000274658205,111.60226440429688,MSFT
2019-08-19,24413600,210.6199951171875,212.72999572753903,210.02999877929688,210.3500061035156,208.6589813232422,AAPL
2019-12-02,2315800,317.7200012207031,317.92999267578125,310.55999755859375,310.7200012207031,310.7200012207031,AVGO
2018-11-16,6066100,1587.5,1614.47998046875,1573.1199951171875,1593.4100341796875,1593.4100341796875,AMZN
2018-03-13,31693500,182.58999633789065,183.5,179.24000549316406,179.97000122070312,174.50796508789062,AAPL
2018-10-29,2863600,216.19000244140625,218.69000244140625,208.22999572753903,211.5,211.5,AVGO
2018-05-25,43850100,13.399999618530272,13.720000267028809,13.359999656677246,13.539999961853027,13.539999961853027,AMD
2018-06-29,28053200,98.93000030517578,99.91000366210938,98.33000183105467,98.61000061035156,95.8547821044922,MSFT
2018-11-21,3245000,115.88999938964844,116.88999938964844,114.91999816894533,115.27999877929688,109.4814910888672,PEP
2018-10-01,2770900,247.8800048828125,252.13999938964844,247.6699981689453,249.5099945068359,249.5099945068359,AVGO
2019-03-27,7852400,361.0,362.4700012207031,350.3699951171875,353.3699951171875,353.3699951171875,NFLX
2018-10-17,5295200,1842.7900390625,1845.0,1807.0,1831.72998046875,1831.72998046875,AMZN
2018-07-27,4563700,114.7699966430664,115.3499984741211,114.02999877929688,114.27999877929688,107.64144897460938,PEP
2019-10-24,37029300,139.38999938964844,140.4199981689453,138.6699981689453,139.94000244140625,138.6992645263672,MSFT
2019-10-01,24185600,49.650001525878906,49.869998931884766,47.36000061035156,47.7400016784668,46.593597412109375,CSCO
2019-02-27,27835400,173.2100067138672,175.0,172.72999572753906,174.8699951171875,172.1446990966797,AAPL
2018-02-09,70672600,157.07000732421875,157.88999938964844,150.24000549316406,156.41000366210938,151.6630096435547,AAPL
2018-10-22,5477700,110.08999633789062,110.88999938964844,109.23999786376952,109.4000015258789,103.8972625732422,PEP
2019-05-17,65385400,27.690000534057617,28.459999084472656,27.399999618530273,27.5,27.5,AMD
2018-06-28,4297400,108.41999816894533,109.3000030517578,108.3000030517578,108.68000030517578,102.3667449951172,PEP
2019-08-29,20990500,208.5,209.32000732421875,206.66000366210935,209.0099945068359,207.32974243164065,AAPL
2018-09-06,7480800,284.79998779296875,291.1700134277344,278.8800048828125,280.95001220703125,280.95001220703125,TSLA
2018-09-14,2809500,235.16000366210935,237.08999633789065,233.69000244140625,236.33999633789065,236.33999633789065,AVGO
2018-03-07,4612600,108.88999938964844,110.05999755859376,108.61000061035156,109.83999633789062,102.5165023803711,PEP
2019-06-13,17200800,131.97999572753906,133.0,131.55999755859375,132.32000732421875,130.7115478515625,MSFT
2018-05-11,4589700,329.6499938964844,331.260009765625,324.8699951171875,326.4599914550781,326.4599914550781,NFLX
2018-01-04,3147000,117.8000030517578,119.11000061035156,117.5999984741211,118.33000183105467,109.6302261352539,PEP
2019-05-24,39835800,26.61000061035156,26.93000030517578,26.399999618530273,26.440000534057617,26.440000534057617,AMD
2018-04-18,17605300,44.61000061035156,44.91999816894531,44.29999923706055,44.630001068115234,42.067779541015625,CSCO
2018-12-26,51634800,95.13999938964844,100.69000244140624,93.95999908447266,100.55999755859376,98.55037689208984,MSFT
2018-09-25,4703700,248.97999572753903,249.3500061035156,245.8000030517578,247.6499938964844,247.6499938964844,AVGO
2018-09-28,5945300,111.54000091552734,112.0500030517578,110.91000366210938,111.8000030517578,106.17655181884766,PEP
2019-12-12,3502100,136.8000030517578,137.89999389648438,136.75,137.17999267578125,135.21043395996094,PEP
2018-08-20,62983200,19.790000915527344,20.079999923706055,19.350000381469727,19.979999542236328,19.979999542236328,AMD
2018-09-18,16547500,296.69000244140625,302.6400146484375,275.5,284.9599914550781,284.9599914550781,TSLA
2018-11-30,39531500,180.2899932861328,180.3300018310547,177.02999877929688,178.5800018310547,175.04615783691406,AAPL
2019-02-20,3337600,1630.0,1634.9300537109375,1610.1199951171875,1622.0999755859375,1622.0999755859375,AMZN
2018-05-02,29267300,11.100000381469728,11.15999984741211,10.970000267028809,10.970000267028809,10.970000267028809,AMD
2018-07-27,37005300,110.18000030517578,110.18000030517578,106.13999938964844,107.68000030517578,104.6713638305664,MSFT
2019-04-11,13186000,55.93000030517578,55.95000076293945,55.310001373291016,55.599998474121094,53.924530029296875,CSCO
2019-03-08,3573400,70.93000030517578,71.25,70.18000030517578,70.6500015258789,70.6500015258789,TMUS
2019-02-15,24626800,171.25,171.6999969482422,169.75,170.4199981689453,167.76406860351562,AAPL
2019-08-15,28074400,134.38999938964844,134.5800018310547,132.25,133.67999267578125,132.4947509765625,MSFT
2019-07-10,17897100,201.8500061035156,203.72999572753903,201.55999755859375,203.22999572753903,200.83316040039065,AAPL
2019-03-28,4361000,354.489990234375,355.94000244140625,349.20001220703125,354.6099853515625,354.6099853515625,NFLX
2018-06-18,17625400,43.869998931884766,44.41999816894531,43.38999938964844,44.209999084472656,41.67189407348633,CSCO
2019-08-15,8159600,220.86000061035156,221.55999755859375,211.5500030517578,215.63999938964844,215.63999938964844,TSLA
2019-07-11,22327900,138.1999969482422,139.22000122070312,137.8699951171875,138.39999389648438,136.71763610839844,MSFT
2019-04-26,5621900,368.3500061035156,375.1400146484375,366.239990234375,374.8500061035156,374.8500061035156,NFLX
2018-03-05,23901600,92.33999633789062,94.2699966430664,92.26000213623048,93.63999938964844,90.63082122802734,MSFT
2019-07-15,11000100,248.0,254.4199981689453,244.86000061035156,253.5,253.5,TSLA
2018-07-25,2194900,58.779998779296875,59.31999969482422,58.5099983215332,58.83000183105469,58.83000183105469,TMUS
2018-07-11,42544100,16.149999618530273,16.530000686645508,16.020000457763672,16.270000457763672,16.270000457763672,AMD
2018-12-06,49107400,105.81999969482422,109.23999786376952,105.0,109.19000244140624,107.00792694091795,MSFT
2018-10-22,5600300,260.67999267578125,261.8599853515625,252.58999633789065,260.95001220703125,260.95001220703125,TSLA
2018-11-20,64052500,101.8000030517578,102.97000122070312,99.3499984741211,101.70999908447266,99.67740631103516,MSFT
2019-05-16,4812900,129.3699951171875,130.75,128.75999450683594,130.27000427246094,125.7110595703125,PEP
2019-12-26,3589900,334.6000061035156,336.4599914550781,332.010009765625,332.6300048828125,332.6300048828125,NFLX
2018-03-06,3380800,109.36000061035156,109.62000274658205,108.44000244140624,109.58000183105467,102.27385711669922,PEP
2018-10-12,111059400,26.770000457763672,26.969999313354492,25.670000076293945,26.34000015258789,26.34000015258789,AMD
2018-07-31,39373000,190.3000030517578,192.13999938964844,189.33999633789065,190.2899932861328,185.2262420654297,AAPL
2019-07-15,8809700,58.0,58.22999954223633,57.869998931884766,58.04999923706055,56.65601348876953,CSCO
2019-04-18,2746800,73.22000122070312,73.77999877929688,72.56999969482422,73.75,73.75,TMUS
2019-07-24,10198400,79.19999694824219,81.56999969482422,78.83000183105469,80.61000061035156,80.61000061035156,TMUS
2018-08-27,325058400,24.940000534057617,27.299999237060547,24.6299991607666,25.260000228881836,25.260000228881836,AMD
2019-07-01,4992600,373.5,376.6600036621094,372.0,374.6000061035156,374.6000061035156,NFLX
2019-07-17,2558800,2007.050048828125,2012.0,1992.030029296875,1992.030029296875,1992.030029296875,AMZN
2019-08-14,127521500,31.0,31.049999237060547,29.510000228881836,30.239999771118164,30.239999771118164,AMD
2019-05-31,5147800,74.80999755859375,75.25,73.27999877929688,73.44000244140625,73.44000244140625,TMUS
2018-06-25,2970500,256.4200134277344,256.4200134277344,250.42999267578125,252.4199981689453,252.4199981689453,AVGO
2019-07-05,3356000,132.88999938964844,133.49000549316406,131.5500030517578,133.02000427246094,129.30465698242188,PEP
2018-11-02,25581300,45.720001220703125,46.09000015258789,44.97999954223633,45.47999954223633,43.49519729614258,CSCO
2018-02-01,67543300,13.619999885559082,13.84000015258789,13.210000038146973,13.25,13.25,AMD
2019-08-09,132483900,33.45000076293945,35.54999923706055,33.08000183105469,34.189998626708984,34.189998626708984,AMD
2018-02-06,7774400,225.6199951171875,240.3999938964844,224.8999938964844,240.3800048828125,240.3800048828125,AVGO
2018-10-18,32506200,110.0999984741211,110.52999877929688,107.83000183105467,108.5,105.87432098388672,MSFT
2019-05-22,18685200,199.1000061035156,203.94000244140625,191.77999877929688,192.72999572753903,192.72999572753903,TSLA
2018-03-09,4534300,1563.5,1578.93994140625,1559.0799560546875,1578.8900146484375,1578.8900146484375,AMZN
2018-07-03,1159100,243.36000061035156,243.38999938964844,239.0,239.2899932861328,239.2899932861328,AVGO
2018-04-09,4183000,59.77000045776367,60.40999984741211,59.689998626708984,59.7400016784668,59.7400016784668,TMUS
2018-12-07,38298000,48.15999984741211,48.4900016784668,46.36000061035156,46.439998626708984,44.413299560546875,CSCO
2019-03-12,7504100,286.489990234375,288.07000732421875,281.05999755859375,283.3599853515625,283.3599853515625,TSLA
2018-12-26,14402700,233.9199981689453,254.5,231.22999572753903,253.6699981689453,253.6699981689453,NFLX
2019-06-21,8202100,216.22000122070312,222.17999267578125,215.5,221.86000061035156,221.86000061035156,TSLA
2018-07-05,40703300,15.130000114440918,15.5,15.020000457763672,15.5,15.5,AMD
2019-05-31,27043600,176.22999572753906,177.99000549316406,174.99000549316406,175.07000732421875,173.00527954101562,AAPL
2018-01-16,4936500,117.1999969482422,118.3499984741211,117.02999877929688,117.86000061035156,109.19479370117188,PEP
2019-03-13,1920400,72.12000274658203,72.4800033569336,71.68000030517578,72.25,72.25,TMUS
2019-05-30,4008000,350.54998779296875,354.2099914550781,348.29998779296875,351.8500061035156,351.8500061035156,NFLX
2018-02-28,2883400,254.0800018310547,254.4900054931641,245.97999572753903,246.4600067138672,246.4600067138672,AVGO
2019-11-14,2264800,1751.4300537109375,1766.5899658203125,1749.56005859375,1754.5999755859375,1754.5999755859375,AMZN
2019-07-01,27316700,203.1699981689453,204.4900054931641,200.6499938964844,201.5500030517578,199.17298889160156,AAPL
2019-06-28,6318500,132.27999877929688,132.41000366210938,130.75999450683594,131.1300048828125,127.46746063232422,PEP
2019-07-01,4495600,301.67999267578125,305.75,296.3299865722656,300.3500061035156,300.3500061035156,AVGO
2018-01-26,2028400,64.5999984741211,65.4000015258789,64.4000015258789,65.27999877929688,65.27999877929688,TMUS
2019-02-22,4865400,116.11000061035156,116.7699966430664,115.58999633789062,116.76000213623048,111.76753997802734,PEP
2018-10-26,5332400,215.57000732421875,217.33999633789065,209.1999969482422,213.1499938964844,213.1499938964844,AVGO
2018-11-14,39495100,108.0999984741211,108.26000213623048,104.47000122070312,104.97000122070312,102.87224578857422,MSFT
2018-09-27,19091300,114.77999877929688,114.91000366210938,114.1999969482422,114.41000366210938,111.64130401611328,MSFT
2018-10-10,17183100,353.5199890136719,355.1499938964844,325.3900146484375,325.8900146484375,325.8900146484375,NFLX
2018-07-20,15096700,364.9200134277344,370.5,360.1400146484375,361.0499877929687,361.0499877929687,NFLX
2019-03-07,4957000,1667.3699951171875,1669.75,1620.510009765625,1625.949951171875,1625.949951171875,AMZN
2018-09-10,16597200,47.29999923706055,47.459999084472656,46.779998779296875,47.06999969482422,44.71350860595703,CSCO
2019-10-25,2006100,81.68000030517578,82.18000030517578,81.51000213623047,81.62000274658203,81.62000274658203,TMUS
2018-08-15,28807600,209.22000122070312,210.7400054931641,208.3300018310547,210.2400054931641,205.3630828857422,AAPL
2019-02-08,78129300,22.329999923706055,23.280000686645508,22.270000457763672,23.049999237060547,23.049999237060547,AMD
2019-05-14,5150300,127.55999755859376,128.50999450683594,127.29000091552734,127.41000366210938,122.9511489868164,PEP
2019-12-09,3882900,137.14999389648438,138.0399932861328,137.0,137.16000366210938,135.19073486328125,PEP
2019-06-04,107549500,28.38999938964844,29.59000015258789,27.90999984741211,29.56999969482422,29.56999969482422,AMD
2019-01-17,4612200,108.13999938964844,109.47000122070312,108.08999633789062,109.22000122070312,104.54993438720705,PEP
2019-03-14,42818600,23.3700008392334,23.489999771118164,22.799999237060547,22.81999969482422,22.81999969482422,AMD
2018-06-19,22199200,43.619998931884766,44.02000045776367,43.439998626708984,43.81999969482422,41.30428314208984,CSCO
2019-11-05,18250200,144.97000122070312,145.02000427246094,143.91000366210938,144.4600067138672,143.17919921875,MSFT
2019-11-15,4809000,350.6400146484375,352.79998779296875,348.3599853515625,352.1700134277344,352.1700134277344,TSLA
2018-12-18,5184900,255.0800018310547,255.58999633789065,248.80999755859375,249.6699981689453,249.6699981689453,AVGO
2018-07-24,4278700,1829.010009765625,1840.0,1809.3800048828125,1829.239990234375,1829.239990234375,AMZN
2019-01-03,14969600,270.20001220703125,275.7900085449219,264.42999267578125,271.20001220703125,271.20001220703125,NFLX
2018-02-20,7769000,277.739990234375,285.80999755859375,276.6099853515625,278.54998779296875,278.54998779296875,NFLX
2019-09-23,2922300,1777.0,1792.699951171875,1767.3199462890625,1785.300048828125,1785.300048828125,AMZN
2019-11-21,1694800,77.83999633789062,77.94000244140625,77.36000061035156,77.69999694824219,77.69999694824219,TMUS
2019-08-21,2031800,1819.3900146484375,1829.5799560546875,1815.0,1823.5400390625,1823.5400390625,AMZN
2019-04-25,15526900,56.459999084472656,56.779998779296875,56.0099983215332,56.33000183105469,54.63253402709961,CSCO
2018-09-21,59664600,47.93000030517578,48.63999938964844,47.81999969482422,48.560001373291016,46.128910064697266,CSCO
2018-09-28,15474300,48.27000045776367,48.79999923706055,48.060001373291016,48.650001525878906,46.21440887451172,CSCO
2018-09-05,3141100,65.62999725341797,66.02999877929688,65.43000030517578,65.70999908447266,65.70999908447266,TMUS
2018-12-03,6862300,1769.4599609375,1778.3399658203125,1730.0,1772.3599853515625,1772.3599853515625,AMZN
2018-10-01,13669500,49.0,49.13999938964844,48.66999816894531,48.869998931884766,46.42338943481445,CSCO
2019-03-07,52186300,22.329999923706055,22.40999984741211,21.729999542236328,22.079999923706055,22.079999923706055,AMD
2018-10-15,32068100,108.91000366210938,109.4800033569336,106.9499969482422,107.5999984741211,104.99609375,MSFT
2018-08-16,3957100,1903.93994140625,1905.0,1883.550048828125,1886.52001953125,1886.52001953125,AMZN
2019-08-23,8538600,219.97000122070312,221.1699981689453,211.0,211.3999938964844,211.3999938964844,TSLA
2018-01-16,6474300,337.5400085449219,345.0,334.79998779296875,340.05999755859375,340.05999755859375,TSLA
2018-02-23,33812400,173.6699981689453,175.64999389648438,173.5399932861328,175.5,170.17361450195312,AAPL
2019-10-04,34619700,225.63999938964844,227.4900054931641,223.88999938964844,227.0099945068359,225.18504333496097,AAPL
2019-07-18,10292900,57.04999923706055,57.790000915527344,56.900001525878906,57.7400016784668,56.353458404541016,CSCO
2018-01-31,48756300,93.75,95.4000015258789,93.51000213623048,95.01000213623048,91.52684783935548,MSFT
2018-04-12,2380600,63.09000015258789,63.47999954223633,62.93000030517578,63.02000045776367,63.02000045776367,TMUS
2018-03-06,21930000,44.650001525878906,44.790000915527344,44.13999938964844,44.290000915527344,41.41437149047851,CSCO
2018-08-17,10407900,319.010009765625,324.3699951171875,312.9599914550781,316.7799987792969,316.7799987792969,NFLX
2019-09-16,2217600,286.79998779296875,290.2699890136719,285.70001220703125,288.6600036621094,288.6600036621094,AVGO
2018-06-07,21347200,194.13999938964844,194.1999969482422,192.33999633789065,193.4600067138672,188.31190490722656,AAPL
2019-09-13,6583100,290.6099853515625,296.6199951171875,290.0400085449219,294.1499938964844,294.1499938964844,NFLX
2018-08-13,6888900,339.8900146484375,347.19000244140625,339.07000732421875,341.30999755859375,341.30999755859375,NFLX
2018-11-28,24293800,46.29999923706055,47.47999954223633,46.119998931884766,47.290000915527344,45.2262077331543,CSCO
2018-10-17,22885400,222.3000030517578,222.63999938964844,219.33999633789065,221.19000244140625,216.05909729003903,AAPL
2018-07-06,2650300,1696.0,1715.27001953125,1691.6700439453125,1710.6300048828125,1710.6300048828125,AMZN
2019-04-11,2535700,72.1500015258789,73.01000213623047,71.83999633789062,73.0,73.0,TMUS
2019-09-26,2747700,275.260009765625,278.6600036621094,272.67999267578125,276.9100036621094,276.9100036621094,AVGO
2018-08-27,20525100,217.1499938964844,218.7400054931641,216.3300018310547,217.94000244140625,212.88446044921875,AAPL
2018-12-03,24690100,48.31999969482422,48.790000915527344,48.08000183105469,48.7400016784668,46.6129264831543,CSCO
2019-10-29,1326900,292.2799987792969,293.70001220703125,288.07000732421875,288.1600036621094,288.1600036621094,AVGO
2019-05-13,99017900,26.979999542236328,27.229999542236328,26.100000381469727,26.239999771118164,26.239999771118164,AMD
2019-06-06,3689300,1737.7099609375,1760.0,1726.1300048828125,1754.3599853515625,1754.3599853515625,AMZN
2018-12-26,8163100,300.0,326.9700012207031,294.0899963378906,326.0899963378906,326.0899963378906,TSLA
2019-08-05,4046200,76.8499984741211,77.0,75.62000274658203,76.19000244140625,76.19000244140625,TMUS
2018-02-08,4320000,237.38999938964844,238.52000427246097,229.5099945068359,229.57000732421875,229.57000732421875,AVGO
2018-12-17,115437900,20.010000228881836,20.020000457763672,18.63999938964844,18.829999923706055,18.829999923706055,AMD
2019-05-14,4629100,1839.5,1852.43994140625,1815.75,1840.1199951171875,1840.1199951171875,AMZN
2018-08-29,20220600,47.06999969482422,47.619998931884766,46.900001525878906,47.47999954223633,45.10297775268555,CSCO
2019-04-16,2834500,74.0,74.2699966430664,73.5199966430664,74.0999984741211,74.0999984741211,TMUS
2019-06-07,6332700,132.83999633789062,134.7100067138672,132.58999633789062,133.47000122070312,129.74208068847656,PEP
2019-05-10,2102500,303.2300109863281,305.3999938964844,296.6600036621094,303.9599914550781,303.9599914550781,AVGO
2018-03-12,20369200,333.55999755859375,333.9800109863281,318.6000061035156,321.29998779296875,321.29998779296875,NFLX
2019-07-31,69281400,216.4199981689453,221.3699951171875,211.3000030517578,213.0399932861328,210.5274658203125,AAPL
2019-11-08,17496600,258.69000244140625,260.44000244140625,256.8500061035156,260.1400146484375,258.8234558105469,AAPL
2019-12-05,17869100,150.0500030517578,150.32000732421875,149.47999572753906,149.92999267578125,149.1063232421875,MSFT
2018-12-28,22447300,43.16999816894531,43.529998779296875,42.459999084472656,42.77000045776367,40.903472900390625,CSCO
2018-02-05,5347600,118.56999969482422,119.66000366210938,114.41000366210938,114.45999908447266,106.0447769165039,PEP
2018-08-01,4169000,114.41999816894533,114.52999877929688,113.2300033569336,113.61000061035156,107.0103530883789,PEP
2018-10-26,19616000,300.510009765625,313.989990234375,292.29998779296875,299.8299865722656,299.8299865722656,NFLX
2019-03-13,3552000,1683.0,1700.0,1679.3499755859375,1690.81005859375,1690.81005859375,AMZN
2018-12-20,64773000,160.39999389648438,162.11000061035156,155.3000030517578,156.8300018310547,153.72653198242188,AAPL
2018-11-07,13328300,312.8999938964844,328.55999755859375,311.0,327.5,327.5,NFLX
2019-05-06,5417800,1917.97998046875,1959.0,1910.5,1950.550048828125,1950.550048828125,AMZN
2019-06-11,3822500,77.12999725341797,77.45999908447266,74.62999725341797,75.45999908447266,75.45999908447266,TMUS
2019-04-09,3864400,121.73999786376952,122.1999969482422,120.8499984741211,122.16999816894533,117.89453125,PEP
2019-10-11,2369700,279.489990234375,284.0799865722656,279.0899963378906,280.9100036621094,280.9100036621094,AVGO
2018-05-10,2574700,239.72999572753903,243.72999572753903,238.61000061035156,243.5099945068359,243.5099945068359,AVGO
2019-04-02,2285700,306.1600036621094,307.3500061035156,302.6099853515625,303.04998779296875,303.04998779296875,AVGO
2019-01-10,7905000,107.41000366210938,108.33999633789062,107.36000061035156,108.1500015258789,103.52569580078124,PEP
2018-01-10,3363900,118.12999725341795,118.36000061035156,116.6999969482422,117.4800033569336,108.84273529052734,PEP
2019-10-31,24605100,144.89999389648438,144.92999267578125,142.99000549316406,143.3699951171875,142.0988311767578,MSFT
2019-12-16,21871300,45.79999923706055,46.59000015258789,45.79999923706055,45.97999954223633,45.21574783325195,CSCO
2019-12-23,2136400,1788.260009765625,1793.0,1784.510009765625,1793.0,1793.0,AMZN
2018-08-22,13202900,45.95000076293945,46.15999984741211,45.720001220703125,45.9900016784668,43.68756866455078,CSCO
2018-10-11,5098300,66.75,67.70999908447266,66.01000213623047,66.20999908447266,66.20999908447266,TMUS
2018-11-09,32039200,110.8499984741211,111.4499969482422,108.76000213623048,109.56999969482422,106.91841888427734,MSFT
2019-07-10,6141500,132.39999389648438,134.4600067138672,131.8699951171875,134.41000366210938,130.6558380126953,PEP
2019-04-26,3561900,74.7300033569336,74.7300033569336,72.5999984741211,72.91999816894531,72.91999816894531,TMUS
2019-06-06,5528000,131.0800018310547,132.27000427246094,130.55999755859375,131.97999572753906,128.293701171875,PEP
2018-05-21,2572000,239.4600067138672,240.5,236.6699981689453,239.0500030517578,239.0500030517578,AVGO
2019-04-29,16714500,235.86000061035156,243.97999572753903,232.1699981689453,241.47000122070312,241.47000122070312,TSLA
2019-05-15,26544700,186.27000427246097,191.75,186.02000427246097,190.9199981689453,188.6683349609375,AAPL
2019-08-22,2484200,131.75,132.92999267578125,131.32000732421875,132.66000366210938,128.9547119140625,PEP
2019-10-09,2043500,1719.6099853515625,1729.949951171875,1714.3599853515625,1721.989990234375,1721.989990234375,AMZN
2018-12-19,6915400,112.62999725341795,113.19000244140624,109.62999725341795,110.04000091552734,105.33487701416016,PEP
2019-05-13,3786400,293.82000732421875,295.67999267578125,288.20001220703125,293.3800048828125,293.3800048828125,AVGO
2019-11-07,2398100,315.5799865722656,319.5,310.6499938964844,311.739990234375,311.739990234375,AVGO
2019-10-10,17654600,138.49000549316406,139.6699981689453,138.25,139.10000610351562,137.86669921875,MSFT
2018-11-08,7090700,348.5,357.5799865722656,348.44000244140625,351.3999938964844,351.3999938964844,TSLA
2018-03-09,3078200,248.5800018310547,254.27999877929688,247.6300048828125,253.77999877929688,253.77999877929688,AVGO
2018-01-04,20731400,39.04999923706055,39.540000915527344,38.93000030517578,38.9900016784668,36.45848846435547,CSCO
2018-04-11,22431600,172.22999572753906,173.9199981689453,171.6999969482422,172.44000244140625,167.2064971923828,AAPL
2019-03-28,6774100,277.1600036621094,280.3299865722656,275.1000061035156,278.6199951171875,278.6199951171875,TSLA
2018-05-10,5302300,331.5,332.05999755859375,327.3399963378906,329.6000061035156,329.6000061035156,NFLX
2019-01-16,3261000,67.51000213623047,67.61000061035156,66.37999725341797,66.69000244140625,66.69000244140625,TMUS
2019-03-04,48147700,23.88999938964844,24.1299991607666,23.010000228881836,23.3700008392334,23.3700008392334,AMD
2018-06-18,3107700,1706.260009765625,1726.739990234375,1702.56005859375,1723.7900390625,1723.7900390625,AMZN
2019-12-23,55886500,44.58000183105469,45.630001068115234,44.38999938964844,45.459999084472656,45.459999084472656,AMD
2019-09-30,14903600,48.95000076293945,49.65999984741211,48.95000076293945,49.40999984741211,48.22349166870117,CSCO
2018-06-14,3704200,265.0,269.07000732421875,264.1000061035156,268.4599914550781,268.4599914550781,AVGO
2019-01-09,5297100,238.4199981689453,246.67999267578125,237.8500061035156,246.27999877929688,246.27999877929688,AVGO
2018-12-17,44287900,165.4499969482422,168.35000610351562,162.72999572753906,163.94000244140625,160.69586181640625,AAPL
2018-02-06,6642600,112.44000244140624,113.9499969482422,110.1500015258789,113.55999755859376,105.2109375,PEP
2018-06-27,6229200,108.37000274658205,108.95999908447266,107.62000274658205,108.2699966430664,101.98055267333984,PEP
2019-11-19,2332900,78.19999694824219,78.30000305175781,76.91999816894531,77.16000366210938,77.16000366210938,TMUS
2018-06-05,4782200,1672.989990234375,1699.0,1670.06005859375,1696.3499755859375,1696.3499755859375,AMZN
2019-06-18,5492000,268.1499938964844,283.0199890136719,266.4599914550781,278.04998779296875,278.04998779296875,AVGO
2019-05-01,136066900,28.950000762939453,29.149999618530273,26.780000686645508,26.809999465942383,26.809999465942383,AMD
2018-09-21,129792900,31.190000534057617,32.41999816894531,30.90999984741211,31.020000457763672,31.020000457763672,AMD
2018-09-13,4375700,233.69000244140625,239.22000122070312,231.1199951171875,235.4199981689453,235.4199981689453,AVGO
2018-04-06,5882300,1429.969970703125,1452.5,1400.260009765625,1405.22998046875,1405.22998046875,AMZN
2019-03-27,2186200,297.57000732421875,298.67999267578125,292.4599914550781,295.9700012207031,295.9700012207031,AVGO
2019-02-19,18038500,107.79000091552734,108.66000366210938,107.77999877929688,108.16999816894533,106.00830078125,MSFT
2019-06-24,4830200,370.2699890136719,375.0,370.2000122070313,371.0400085449219,371.0400085449219,NFLX
2019-12-13,3879700,298.5,301.79998779296875,297.25,298.5,298.5,NFLX
2019-02-11,1801200,274.3999938964844,276.0,273.2799987792969,275.7200012207031,275.7200012207031,AVGO
2018-09-21,13532100,246.3300018310547,248.77000427246097,245.17999267578125,248.1000061035156,248.1000061035156,AVGO
2018-07-27,161903800,19.06999969482422,19.8799991607666,18.309999465942383,18.940000534057617,18.940000534057617,AMD
2019-08-12,2004000,273.3800048828125,278.2099914550781,272.5400085449219,275.6400146484375,275.6400146484375,AVGO
2019-02-25,24264300,50.34000015258789,51.0,50.34000015258789,50.790000915527344,48.949562072753906,CSCO
2018-02-15,59593800,12.399999618530272,12.630000114440918,12.06999969482422,12.1899995803833,12.1899995803833,AMD
2019-08-01,4761400,79.98999786376953,80.30999755859375,78.7699966430664,79.30999755859375,79.30999755859375,TMUS
2019-11-26,5321000,315.0,316.5,311.69000244140625,312.489990234375,312.489990234375,NFLX
2019-06-04,30968000,175.44000244140625,179.8300018310547,174.52000427246094,179.63999938964844,177.52137756347656,AAPL
2019-11-15,23485700,148.92999267578125,149.99000549316406,148.27000427246094,149.97000122070312,148.6403350830078,MSFT
2018-07-10,37093000,16.59000015258789,16.649999618530273,16.309999465942383,16.549999237060547,16.549999237060547,AMD
2019-05-29,19762100,53.54999923706055,53.54999923706055,52.86000061035156,53.18000030517578,51.57745742797851,CSCO
2019-06-25,21070300,198.42999267578125,199.2599945068359,195.2899932861328,195.57000732421875,193.2635040283203,AAPL
2018-03-13,4421100,65.51000213623047,65.7300033569336,64.43000030517578,64.9800033569336,64.9800033569336,TMUS
2018-02-05,11896100,262.0,267.8999938964844,250.02999877929688,254.2599945068359,254.2599945068359,NFLX
2018-03-29,19145500,287.0,295.3500061035156,275.8999938964844,295.3500061035156,295.3500061035156,NFLX
2018-10-05,13523000,359.7699890136719,363.5,343.0,351.3500061035156,351.3500061035156,NFLX
2018-01-22,27108600,177.3000030517578,177.77999877929688,176.60000610351562,177.0,170.9311981201172,AAPL
2018-04-06,35005300,170.97000122070312,172.47999572753906,168.1999969482422,168.3800048828125,163.26974487304688,AAPL
2018-03-07,17132200,320.0,323.739990234375,314.54998779296875,321.1600036621094,321.1600036621094,NFLX
2019-09-11,50631700,30.3799991607666,30.43000030517578,29.510000228881836,29.760000228881836,29.760000228881836,AMD
2019-12-04,44299400,39.380001068115234,39.81999969482422,39.130001068115234,39.689998626708984,39.689998626708984,AMD
2019-03-20,6908200,269.69000244140625,274.9700012207031,266.29998779296875,273.6000061035156,273.6000061035156,TSLA
2018-06-14,14598300,384.2699890136719,395.0299987792969,383.25,392.8699951171875,392.8699951171875,NFLX
2018-03-26,4119400,106.68000030517578,107.47000122070312,106.08999633789062,106.80999755859376,99.68853759765624,PEP
2018-05-01,53569400,166.41000366210938,169.1999969482422,165.27000427246094,169.10000610351562,163.96783447265625,AAPL
2019-09-20,5341900,1821.7099609375,1830.6300048828125,1780.9200439453125,1794.1600341796875,1794.1600341796875,AMZN
2018-10-22,4500000,1784.0,1809.5,1756.0,1789.300048828125,1789.300048828125,AMZN
2018-02-01,9669000,266.4100036621094,271.95001220703125,263.3800048828125,265.07000732421875,265.07000732421875,NFLX
2019-10-29,2276900,1774.81005859375,1777.0,1755.81005859375,1762.7099609375,1762.7099609375,AMZN
2018-05-18,2642600,1581.3299560546875,1583.5899658203125,1572.0999755859375,1574.3699951171875,1574.3699951171875,AMZN
2018-10-02,24788200,227.25,230.0,226.6300048828125,229.27999877929688,223.96142578125,AAPL
2018-09-19,12721900,47.41999816894531,47.619998931884766,47.119998931884766,47.279998779296875,44.912986755371094,CSCO
2018-07-06,17485200,185.4199981689453,188.42999267578125,185.1999969482422,187.97000122070312,182.9679718017578,AAPL
2019-10-21,52182800,31.5,32.2599983215332,31.40999984741211,32.029998779296875,32.029998779296875,AMD
2018-03-01,32154300,44.68000030517578,45.0,43.349998474121094,43.79999923706055,40.95618438720703,CSCO
2018-10-16,2422300,67.68000030517578,69.12999725341797,67.55999755859375,68.94000244140625,68.94000244140625,TMUS
2019-02-15,4343900,1627.8599853515625,1628.9100341796875,1604.5,1607.949951171875,1607.949951171875,AMZN
2019-09-11,2432800,1812.1400146484375,1833.4200439453125,1809.0799560546875,1822.989990234375,1822.989990234375,AMZN
2018-08-27,3155700,112.58000183105467,112.7699966430664,111.83000183105467,112.41000366210938,105.88006591796876,PEP
2019-06-06,22526300,183.0800018310547,185.47000122070312,182.1499938964844,185.22000122070312,183.0355682373047,AAPL
2019-07-30,72198900,33.209999084472656,33.939998626708984,32.939998626708984,33.869998931884766,33.869998931884766,AMD
2019-03-15,14785500,283.510009765625,283.7200012207031,274.3999938964844,275.42999267578125,275.42999267578125,TSLA
2018-04-05,5461300,60.130001068115234,60.45000076293945,59.5,59.810001373291016,59.810001373291016,TMUS
2018-01-17,34386800,176.14999389648438,179.25,175.07000732421875,179.10000610351562,172.95921325683594,AAPL
2019-08-14,2710800,278.7900085449219,280.1499938964844,270.3800048828125,271.55999755859375,271.55999755859375,AVGO
2018-11-06,6762900,339.07000732421875,348.79998779296875,336.0899963378906,341.05999755859375,341.05999755859375,TSLA
2019-09-27,54091100,29.170000076293945,29.770000457763672,28.350000381469727,28.719999313354492,28.719999313354492,AMD
2019-07-16,1461700,286.989990234375,287.7900085449219,282.3900146484375,284.1300048828125,284.1300048828125,AVGO
2018-10-12,9444600,1808.0,1808.949951171875,1742.530029296875,1788.6099853515625,1788.6099853515625,AMZN
2018-11-28,46062500,176.72999572753906,181.2899932861328,174.92999267578125,180.94000244140625,177.3594512939453,AAPL
2018-11-23,2707600,1517.0,1536.199951171875,1501.81005859375,1502.06005859375,1502.06005859375,AMZN
2019-05-28,146949600,27.270000457763672,29.670000076293945,27.059999465942383,29.049999237060547,29.049999237060547,AMD
2018-08-27,17427300,367.1499938964844,374.489990234375,360.0,364.5799865722656,364.5799865722656,NFLX
2018-11-12,5030600,231.0,231.8699951171875,220.27999877929688,223.6300048828125,223.6300048828125,AVGO
2018-11-21,28130600,103.5999984741211,104.43000030517578,102.23999786376952,103.11000061035156,101.04942321777344,MSFT
2018-05-08,23484600,95.8499984741211,96.16000366210938,95.05999755859376,95.80999755859376,92.73108673095705,MSFT
2018-06-19,3649800,59.790000915527344,60.880001068115234,59.43000030517578,60.540000915527344,60.540000915527344,TMUS
2018-04-26,3595000,63.869998931884766,64.37999725341797,63.439998626708984,64.0999984741211,64.0999984741211,TMUS
2018-05-21,9182600,281.3299865722656,291.489990234375,281.29998779296875,284.489990234375,284.489990234375,TSLA
2019-08-28,1720200,274.3299865722656,276.4100036621094,270.4700012207031,276.05999755859375,276.05999755859375,AVGO
2019-11-20,26558600,265.5400085449219,266.0799865722656,260.3999938964844,263.19000244140625,261.8580322265625,AAPL
2018-10-22,114158900,24.459999084472656,25.63999938964844,24.09000015258789,25.030000686645508,25.030000686645508,AMD
2018-10-02,2488800,249.13999938964844,251.7100067138672,247.9199981689453,248.1000061035156,248.1000061035156,AVGO
2019-04-16,14071800,121.63999938964844,121.6500015258789,120.0999984741211,120.7699966430664,118.8619613647461,MSFT
2019-10-10,2575200,1725.239990234375,1738.2900390625,1713.75,1720.260009765625,1720.260009765625,AMZN
2018-03-14,32132000,95.12000274658205,95.41000366210938,93.5,93.8499984741211,90.83406829833984,MSFT
2019-03-18,26219800,185.8000030517578,188.38999938964844,185.7899932861328,188.02000427246097,185.0897674560547,AAPL
2019-09-19,2804500,135.41000366210938,135.83999633789062,135.0800018310547,135.47999572753906,132.6060333251953,PEP
2018-01-12,5443700,1273.3900146484375,1305.760009765625,1273.3900146484375,1305.199951171875,1305.199951171875,AMZN
2018-05-24,4696700,100.30999755859376,100.58000183105467,99.76000213623048,100.18000030517578,93.50057983398438,PEP
2018-02-07,4047500,238.7599945068359,243.1000061035156,237.0,237.3800048828125,237.3800048828125,AVGO
2018-03-20,6191800,245.1000061035156,248.0500030517578,241.27999877929688,242.36000061035156,242.36000061035156,AVGO
2019-03-21,5767800,1796.260009765625,1823.75,1787.280029296875,1819.260009765625,1819.260009765625,AMZN
2018-05-22,8945800,287.760009765625,288.0,273.4200134277344,275.010009765625,275.010009765625,TSLA
2018-03-02,13345300,284.6499938964844,301.17999267578125,283.2300109863281,301.04998779296875,301.04998779296875,NFLX
2019-11-22,2896100,77.94999694824219,78.77999877929688,77.79000091552734,78.58999633789062,78.58999633789062,TMUS
2018-12-18,4068400,64.80999755859375,65.62999725341797,63.95000076293945,64.77999877929688,64.77999877929688,TMUS
2018-01-03,26061400,86.05999755859375,86.51000213623047,85.97000122070312,86.3499984741211,83.184326171875,MSFT
2019-07-24,20738300,138.89999389648438,140.74000549316406,138.85000610351562,140.72000122070312,139.0094451904297,MSFT
2019-09-09,54413200,30.93000030517578,31.18000030517578,30.239999771118164,30.5,30.5,AMD
2018-11-09,5098800,349.0,354.0,345.2300109863281,350.510009765625,350.510009765625,TSLA
2019-08-26,5051900,213.6000061035156,215.02000427246097,211.5399932861328,215.0,215.0,TSLA
2018-08-17,35427000,213.44000244140625,217.9499969482422,213.16000366210935,217.5800018310547,212.5328063964844,AAPL
2019-09-23,44366800,30.1200008392334,30.799999237060547,30.06999969482422,30.63999938964844,30.63999938964844,AMD
2018-11-21,81585600,20.049999237060547,20.309999465942383,18.5,18.729999542236328,18.729999542236328,AMD
2019-11-05,1885500,1809.1600341796875,1810.25,1794.0,1801.7099609375,1801.7099609375,AMZN
2018-01-19,4888300,345.0,350.5899963378906,342.6000061035156,350.0199890136719,350.0199890136719,TSLA
2019-02-01,35535700,103.77999877929688,104.0999984741211,102.3499984741211,102.77999877929688,100.72601318359376,MSFT
2018-05-10,18469400,46.0,46.369998931884766,45.66999816894531,46.29999923706055,43.64191055297851,CSCO
2018-07-13,16167800,212.5,214.0,201.8999938964844,202.4600067138672,202.4600067138672,AVGO
2019-02-13,10559100,357.29998779296875,359.6000061035156,350.2799987792969,351.7699890136719,351.7699890136719,NFLX
2018-06-08,7369400,256.739990234375,259.92999267578125,253.7400054931641,257.9700012207031,257.9700012207031,AVGO
2019-10-07,30576500,226.27000427246097,229.92999267578125,225.83999633789065,227.05999755859375,225.2346343994141,AAPL
2018-08-23,1564500,65.5,65.9000015258789,65.18000030517578,65.20999908447266,65.20999908447266,TMUS
2018-01-25,5952000,257.739990234375,257.8399963378906,247.0,247.2899932861328,247.2899932861328,AVGO
2018-08-07,6919600,116.4499969482422,116.4499969482422,113.52999877929688,114.22000122070312,107.58493041992188,PEP
2019-02-14,3200300,69.0999984741211,70.5199966430664,69.01000213623047,70.5,70.5,TMUS
2018-12-31,6302300,337.7900085449219,339.2099914550781,325.260009765625,332.79998779296875,332.79998779296875,TSLA
2019-11-20,3047700,134.30999755859375,135.1999969482422,133.39999389648438,133.74000549316406,130.90296936035156,PEP
2019-12-03,51556400,37.34000015258789,38.93000030517578,37.150001525878906,38.900001525878906,38.900001525878906,AMD
2018-06-26,7452500,336.04998779296875,343.54998779296875,325.79998779296875,342.0,342.0,TSLA
2019-12-20,5054000,322.4700012207031,322.4700012207031,316.9100036621094,319.0,319.0,AVGO
2018-05-23,20058400,186.3500061035156,188.5,185.7599945068359,188.36000061035156,183.34764099121097,AAPL
2018-06-12,67002600,15.84000015258789,15.949999809265137,15.43000030517578,15.850000381469728,15.850000381469728,AMD
2018-09-10,5752200,352.2699890136719,352.5,343.0799865722656,348.4100036621094,348.4100036621094,NFLX
2018-05-02,8970400,298.57000732421875,306.8500061035156,297.7799987792969,301.1499938964844,301.1499938964844,TSLA
2019-04-04,82191100,28.8799991607666,29.38999938964844,28.61000061035156,29.09000015258789,29.09000015258789,AMD
2018-08-01,4153100,1784.0,1798.43994140625,1776.02001953125,1797.1700439453125,1797.1700439453125,AMZN
2019-06-03,22380500,52.04999923706055,52.56999969482422,51.4900016784668,51.779998779296875,50.21964263916016,CSCO
2019-04-01,19741700,54.47999954223633,55.02000045776367,54.38999938964844,54.97999954223633,52.98772811889648,CSCO
2019-11-26,2832200,77.91000366210938,78.69000244140625,77.58999633789062,78.44999694824219,78.44999694824219,TMUS
2018-02-28,4176200,60.52000045776367,61.38999938964844,59.959999084472656,60.61000061035156,60.61000061035156,TMUS
2019-06-28,50090900,31.079999923706055,31.11000061035156,30.329999923706055,30.3700008392334,30.3700008392334,AMD
2019-05-20,21004100,55.79999923706055,56.38999938964844,55.54999923706055,56.0099983215332,54.32217788696289,CSCO
2019-01-18,4766500,67.11000061035156,68.05000305175781,66.37000274658203,66.95999908447266,66.95999908447266,TMUS
2019-04-03,3980600,1826.719970703125,1830.0,1809.6199951171875,1820.699951171875,1820.699951171875,AMZN
2019-10-07,1865800,280.010009765625,281.0199890136719,275.70001220703125,276.0799865722656,276.0799865722656,AVGO
2018-06-22,5241200,261.17999267578125,261.5,258.9599914550781,259.7099914550781,259.7099914550781,AVGO
2018-01-08,16582000,39.52000045776367,39.959999084472656,39.349998474121094,39.939998626708984,37.346805572509766,CSCO
2018-10-23,43770400,107.7699966430664,108.97000122070312,105.11000061035156,108.0999984741211,105.48399353027344,MSFT
2018-06-25,5183000,107.70999908447266,109.58999633789062,107.70999908447266,108.98999786376952,102.6587371826172,PEP
2019-07-26,15243000,56.68000030517578,56.84000015258789,56.369998931884766,56.529998779296875,55.17251205444336,CSCO
2019-04-02,3242600,121.9000015258789,122.26000213623048,121.55999755859376,121.68000030517578,117.42166900634766,PEP
2018-04-20,65491100,170.60000610351562,171.22000122070312,165.42999267578125,165.72000122070312,160.6904296875,AAPL
2019-12-23,24643000,280.5299987792969,284.25,280.3699951171875,284.0,282.56268310546875,AAPL
2018-02-28,4515000,1519.510009765625,1528.699951171875,1512.0,1512.449951171875,1512.449951171875,AMZN
2018-05-18,18297700,187.19000244140625,187.80999755859375,186.1300048828125,186.30999755859375,181.35215759277344,AAPL
2018-03-26,29731900,43.25,44.15999984741211,42.83000183105469,44.060001373291016,41.19930648803711,CSCO
2019-10-02,3282000,77.5999984741211,77.97000122070312,75.81999969482422,76.41000366210938,76.41000366210938,TMUS
2018-02-08,56471800,11.720000267028809,11.850000381469728,11.210000038146973,11.220000267028809,11.220000267028809,AMD
2019-06-12,56194100,32.0,32.56999969482422,31.920000076293945,32.18000030517578,32.18000030517578,AMD
2019-10-08,2308700,77.77999877929688,78.13999938964844,77.36000061035156,77.61000061035156,77.61000061035156,TMUS
2018-05-29,5666600,278.510009765625,286.5,276.1499938964844,283.760009765625,283.760009765625,TSLA
2019-03-25,5103800,1757.7900390625,1782.6800537109375,1747.5,1774.260009765625,1774.260009765625,AMZN
2018-07-12,17999500,42.7599983215332,43.630001068115234,42.75,43.58000183105469,41.39822769165039,CSCO
2019-07-08,3113400,378.19000244140625,378.25,375.3599853515625,376.1600036621094,376.1600036621094,NFLX
2018-06-22,10428600,419.9800109863281,420.5,409.6499938964844,411.0899963378906,411.0899963378906,NFLX
2018-11-21,5716800,1542.989990234375,1550.0,1515.0,1516.72998046875,1516.72998046875,AMZN
2018-11-13,76126000,19.280000686645508,20.020000457763672,18.969999313354492,19.61000061035156,19.61000061035156,AMD
2018-06-04,2588600,258.0,259.3599853515625,256.2300109863281,258.3699951171875,258.3699951171875,AVGO
2019-05-06,70344100,26.719999313354492,27.5,26.450000762939453,27.420000076293945,27.420000076293945,AMD
2018-06-28,4529700,1672.5400390625,1705.5,1661.1700439453125,1701.449951171875,1701.449951171875,AMZN
2019-11-08,16732700,143.97999572753906,145.99000549316406,143.75999450683594,145.9600067138672,144.66587829589844,MSFT
2018-03-28,41668500,167.25,170.02000427246094,165.19000244140625,166.47999572753906,161.4273681640625,AAPL
2019-12-27,11056800,47.9900016784668,48.02000045776367,47.68000030517578,47.77000045776367,46.97599792480469,CSCO
2018-09-17,14430200,47.22999954223633,47.58000183105469,47.06999969482422,47.11000061035156,44.751502990722656,CSCO
2018-08-29,2411700,65.73999786376953,66.48999786376953,65.51000213623047,65.9800033569336,65.9800033569336,TMUS
2019-06-04,29382600,121.27999877929688,123.27999877929688,120.6500015258789,123.16000366210938,121.66290283203124,MSFT
2018-03-26,75878500,10.710000038146973,10.800000190734863,10.18000030517578,10.4399995803833,10.4399995803833,AMD
2019-10-16,2812000,136.13999938964844,136.49000549316406,135.5800018310547,136.4199981689453,133.52609252929688,PEP
2019-02-05,2261900,271.9599914550781,274.6300048828125,269.9100036621094,270.0,270.0,AVGO
2018-09-07,22498600,108.2300033569336,108.72000122070312,107.2300033569336,108.20999908447266,105.59133911132812,MSFT
2018-04-10,22724400,42.099998474121094,42.709999084472656,41.75,42.5099983215332,40.06949234008789,CSCO
2019-03-19,11800600,267.5,273.29998779296875,263.4599914550781,267.4700012207031,267.4700012207031,TSLA
2019-04-24,51784700,28.100000381469727,28.850000381469727,27.93000030517578,28.459999084472656,28.459999084472656,AMD
2019-10-24,1689600,282.8900146484375,283.5,278.70001220703125,282.30999755859375,282.30999755859375,AVGO
2019-05-16,4946400,74.4800033569336,77.12999725341797,74.25,75.37999725341797,75.37999725341797,TMUS
2019-01-10,13472500,314.57000732421875,325.3699951171875,312.5,324.6600036621094,324.6600036621094,NFLX
2018-03-05,5233900,1494.239990234375,1525.3800048828125,1481.0,1523.6099853515625,1523.6099853515625,AMZN
2018-01-25,26383200,92.47000122070312,93.23999786376952,91.93000030517578,92.33000183105467,88.94511413574219,MSFT
2019-03-29,23564000,189.8300018310547,190.0800018310547,188.5399932861328,189.9499969482422,186.98968505859375,AAPL
2018-12-27,12235200,250.11000061035156,255.58999633789065,240.1000061035156,255.57000732421875,255.57000732421875,NFLX
2018-07-18,4861900,1848.0,1858.8800048828125,1831.27001953125,1842.9200439453125,1842.9200439453125,AMZN
2018-09-14,217762800,31.43000030517578,33.09000015258789,30.540000915527344,32.720001220703125,32.720001220703125,AMD
2019-04-01,3808300,69.54000091552734,70.04000091552734,69.2699966430664,69.97000122070312,69.97000122070312,TMUS
2018-12-24,2849400,242.0,243.6999969482422,233.5099945068359,233.8000030517578,233.8000030517578,AVGO
2019-05-22,29748600,184.66000366210935,185.7100067138672,182.5500030517578,182.77999877929688,180.62432861328125,AAPL
2018-05-14,50263800,12.140000343322754,12.359999656677246,12.109999656677246,12.229999542236328,12.229999542236328,AMD
2019-10-09,6894400,241.32000732421875,247.3000030517578,240.6499938964844,244.52999877929688,244.52999877929688,TSLA
2019-02-21,17120600,49.540000915527344,49.720001220703125,49.20000076293945,49.40999984741211,47.61956787109375,CSCO
2019-03-11,7392300,283.5199890136719,291.2799987792969,280.5,290.9200134277344,290.9200134277344,TSLA
2019-09-03,3682800,290.82000732421875,293.8999938964844,288.05999755859375,289.2900085449219,289.2900085449219,NFLX
2018-03-16,7333700,321.4200134277344,324.1099853515625,318.3699951171875,318.45001220703125,318.45001220703125,NFLX
2019-07-17,20211000,137.6999969482422,137.92999267578125,136.22000122070312,136.27000427246094,134.61354064941406,MSFT
2019-04-01,5025700,122.58999633789062,122.88999938964844,121.58999633789062,122.0,117.73047637939452,PEP
2019-02-12,67595400,23.43000030517578,23.559999465942383,22.75,22.81999969482422,22.81999969482422,AMD
2018-09-27,3841500,111.43000030517578,112.4000015258789,110.91000366210938,111.0500030517578,105.46427154541016,PEP
2018-12-31,84732200,18.149999618530273,18.510000228881836,17.850000381469727,18.459999084472656,18.459999084472656,AMD
2019-02-11,3317300,1600.97998046875,1609.2900390625,1586.0,1591.0,1591.0,AMZN
2018-09-05,8220600,2038.1099853515625,2040.3800048828125,1989.8900146484375,1994.8199462890625,1994.8199462890625,AMZN
2019-03-14,1653300,72.25,72.44000244140625,71.94000244140625,72.33999633789062,72.33999633789062,TMUS
2019-03-04,7487000,359.7200012207031,362.25,348.0400085449219,351.0400085449219,351.0400085449219,NFLX
2019-09-18,1651000,288.489990234375,290.760009765625,283.8800048828125,287.739990234375,287.739990234375,AVGO
2018-03-21,24457100,92.93000030517578,94.0500030517578,92.20999908447266,92.4800033569336,89.50809478759766,MSFT
2019-06-25,33327400,137.25,137.58999633789062,132.72999572753906,133.42999267578125,131.80804443359375,MSFT
2019-03-22,3265900,71.93000030517578,72.47000122070312,71.80999755859375,71.9000015258789,71.9000015258789,TMUS
2018-11-15,97715500,20.719999313354492,21.770000457763672,20.420000076293945,21.489999771118164,21.489999771118164,AMD
2019-11-18,3619700,134.0,135.69000244140625,133.91000366210938,134.05999755859375,131.21615600585938,PEP
2019-11-21,2662900,1743.0,1746.8699951171875,1730.3599853515625,1734.7099609375,1734.7099609375,AMZN
2019-07-03,14201100,239.38999938964844,241.57000732421875,234.5099945068359,234.8999938964844,234.8999938964844,TSLA
2018-01-22,4308600,120.0999984741211,121.8499984741211,120.0,121.51000213623048,112.57644653320312,PEP
2018-10-22,2561900,230.55999755859375,232.42999267578125,228.0399932861328,228.6199951171875,228.6199951171875,AVGO
2019-03-14,4309400,272.0899963378906,272.260009765625,267.8900146484375,268.20001220703125,268.20001220703125,AVGO
2018-12-12,100340700,20.31999969482422,21.020000457763672,19.709999084472656,20.479999542236328,20.479999542236328,AMD
2018-07-20,56004000,108.08000183105467,108.1999969482422,106.08000183105467,106.2699966430664,103.30075073242188,MSFT
2018-10-29,28214200,44.88999938964844,45.04999923706055,42.939998626708984,43.84000015258789,41.92677688598633,CSCO
2018-12-10,62026000,165.0,170.08999633789062,163.3300018310547,169.60000610351562,166.2438507080078,AAPL
2018-06-20,20628700,186.3500061035156,187.1999969482422,185.72999572753903,186.5,181.537109375,AAPL
2019-05-02,2269300,73.77999877929688,73.94999694824219,72.66000366210938,73.61000061035156,73.61000061035156,TMUS
2018-04-02,5308800,233.9499969482422,236.1199951171875,225.44000244140625,227.67999267578125,227.67999267578125,AVGO
2018-05-08,35218400,11.489999771118164,11.65999984741211,11.399999618530272,11.609999656677246,11.609999656677246,AMD
2019-06-13,2851400,133.4499969482422,133.7899932861328,131.85000610351562,132.94000244140625,129.22689819335938,PEP
2018-02-22,4858100,1495.3599853515625,1502.5400390625,1475.760009765625,1485.3399658203125,1485.3399658203125,AMZN
2018-08-02,6327000,61.11000061035156,62.2400016784668,60.0,62.18000030517578,62.18000030517578,TMUS
2019-12-05,35574000,39.95000076293945,40.220001220703125,39.54999923706055,39.619998931884766,39.619998931884766,AMD
2019-05-09,6711400,242.0,243.67999267578125,236.94000244140625,241.97999572753903,241.97999572753903,TSLA
2019-12-31,1248700,313.1199951171875,316.3599853515625,312.79998779296875,316.0199890136719,316.0199890136719,AVGO
2019-04-02,5478900,288.29998779296875,289.44000244140625,283.8800048828125,285.8800048828125,285.8800048828125,TSLA
2018-06-14,24020500,44.22999954223633,44.810001373291016,44.04999923706055,44.689998626708984,42.12433624267578,CSCO
2018-06-27,56014300,15.649999618530272,15.760000228881836,14.960000038146973,14.970000267028809,14.970000267028809,AMD
2018-11-07,3639600,69.23999786376953,70.77999877929688,69.05000305175781,70.33999633789062,70.33999633789062,TMUS
2018-11-08,2763700,70.06999969482422,70.75,69.5199966430664,69.75,69.75,TMUS
2019-05-15,55689900,26.8700008392334,27.790000915527344,26.729999542236328,27.579999923706055,27.579999923706055,AMD
2019-04-17,18054100,365.0499877929687,368.760009765625,350.6000061035156,354.739990234375,354.739990234375,NFLX
2018-08-16,6064000,339.9100036621094,342.2799987792969,333.82000732421875,335.45001220703125,335.45001220703125,TSLA
2019-02-11,5454900,350.0,352.8699951171875,344.80999755859375,345.7300109863281,345.7300109863281,NFLX
2019-05-22,6229400,358.010009765625,370.4599914550781,357.29998779296875,359.7300109863281,359.7300109863281,NFLX
2018-06-07,8278000,368.5400085449219,368.7000122070313,357.79998779296875,361.3999938964844,361.3999938964844,NFLX
2019-06-12,3296200,75.83000183105469,75.9000015258789,74.6500015258789,75.37999725341797,75.37999725341797,TMUS
2018-10-25,29855800,217.7100067138672,221.3800048828125,216.75,219.8000030517578,214.7013397216797,AAPL
2018-11-01,8000100,338.260009765625,347.8399963378906,334.7300109863281,344.2799987792969,344.2799987792969,TSLA
2018-08-21,14783200,331.0,341.5,329.70001220703125,338.0199890136719,338.0199890136719,NFLX
2019-11-13,25683600,261.1300048828125,264.7799987792969,261.07000732421875,264.4700012207031,263.13153076171875,AAPL
2018-07-20,5162200,321.2300109863281,323.239990234375,311.7099914550781,313.5799865722656,313.5799865722656,TSLA
2018-04-13,3685300,1449.1400146484375,1459.780029296875,1424.52001953125,1430.7900390625,1430.7900390625,AMZN
2018-08-15,11784500,334.0299987792969,335.5,321.0,326.3999938964844,326.3999938964844,NFLX
2018-04-04,19896700,252.77999877929688,288.3699951171875,252.0,286.94000244140625,286.94000244140625,TSLA
2018-08-31,4204400,2007.0,2022.3800048828125,2004.739990234375,2012.7099609375,2012.7099609375,AMZN
2019-02-21,1325400,283.239990234375,283.3500061035156,278.92999267578125,280.94000244140625,280.94000244140625,AVGO
2019-08-21,1938100,284.6400146484375,288.260009765625,284.04998779296875,287.5,287.5,AVGO
2019-08-27,1429800,279.1499938964844,280.2200012207031,274.9100036621094,275.57000732421875,275.57000732421875,AVGO
2019-02-26,2915400,71.44000244140625,72.97000122070312,71.25,72.52999877929688,72.52999877929688,TMUS
2019-03-07,4858300,116.20999908447266,117.33000183105467,115.6999969482422,116.0999984741211,112.03694915771484,PEP
2019-12-03,4992800,302.2200012207031,307.3599853515625,301.8800048828125,306.1600036621094,306.1600036621094,NFLX
2019-06-21,81861300,29.649999618530273,30.350000381469727,28.969999313354492,29.100000381469727,29.100000381469727,AMD
2018-09-11,35749000,218.0099945068359,224.3000030517578,216.55999755859375,223.8500061035156,218.65740966796875,AAPL
2018-01-19,4768300,62.75,63.83000183105469,62.75,63.709999084472656,63.709999084472656,TMUS
2018-05-15,2919400,56.060001373291016,57.029998779296875,56.0,56.369998931884766,56.369998931884766,TMUS
2018-02-09,12933700,319.92999267578125,320.9800109863281,294.760009765625,310.4200134277344,310.4200134277344,TSLA
2018-10-08,3656400,68.58999633789062,69.23999786376953,68.02999877929688,68.81999969482422,68.81999969482422,TMUS
2019-12-24,8054700,418.3599853515625,425.4700012207031,412.69000244140625,425.25,425.25,TSLA
2018-12-31,5019100,110.58000183105467,111.08999633789062,109.31999969482422,110.4800033569336,105.7560577392578,PEP
2018-01-26,29172200,93.12000274658205,94.05999755859376,92.58000183105467,94.05999755859376,90.61167907714844,MSFT
2019-06-19,5667200,361.7200012207031,364.739990234375,356.1199951171875,363.5199890136719,363.5199890136719,NFLX
2019-03-29,5051900,69.33000183105469,69.48999786376953,68.16000366210938,69.0999984741211,69.0999984741211,TMUS
2018-01-17,25621200,89.08000183105469,90.27999877929688,88.75,90.13999938964844,86.83537292480469,MSFT
2019-05-30,1731000,254.66000366210935,257.3399963378906,254.1199951171875,256.6199951171875,256.6199951171875,AVGO
2018-08-21,2995200,207.52000427246097,211.44000244140625,207.11000061035156,210.5099945068359,210.5099945068359,AVGO
2019-07-16,16866800,204.58999633789065,206.11000061035156,203.5,204.5,202.0881805419922,AAPL
2019-06-18,3895700,1901.3499755859375,1921.6700439453125,1899.7900390625,1901.3699951171875,1901.3699951171875,AMZN
2018-09-19,2847100,68.61000061035156,68.87000274658203,67.72000122070312,68.3499984741211,68.3499984741211,TMUS
2019-09-27,7328300,266.17999267578125,267.44000244140625,260.3900146484375,263.0799865722656,263.0799865722656,NFLX
2019-02-19,18972800,169.7100067138672,171.44000244140625,169.49000549316406,170.92999267578125,168.26609802246094,AAPL
2019-03-05,2169900,275.5,280.44000244140625,274.5299987792969,277.010009765625,277.010009765625,AVGO
2018-07-09,23210000,42.75,42.779998779296875,42.36000061035156,42.66999816894531,40.533782958984375,CSCO
2019-07-02,2871700,74.4000015258789,75.77999877929688,73.91999816894531,75.4800033569336,75.4800033569336,TMUS
2019-10-22,11802400,271.1600036621094,275.4100036621094,265.79998779296875,266.69000244140625,266.69000244140625,NFLX
2019-04-10,16477200,119.76000213623048,120.3499984741211,119.54000091552734,120.19000244140624,118.2911376953125,MSFT
2018-02-14,43835900,41.040000915527344,42.2599983215332,40.9900016784668,42.09000015258789,39.35721206665039,CSCO
2019-09-16,4728100,246.0,247.42999267578125,241.1699981689453,242.80999755859375,242.80999755859375,TSLA
2019-08-07,58577500,28.469999313354492,29.280000686645508,28.3700008392334,29.190000534057617,29.190000534057617,AMD
2019-02-20,17550900,49.70000076293945,49.79999923706055,49.349998474121094,49.630001068115234,47.83159637451172,CSCO
2019-04-22,19439500,202.8300018310547,204.94000244140625,202.33999633789065,204.52999877929688,201.34246826171875,AAPL
2019-09-13,6255700,297.6499938964844,297.989990234375,283.8900146484375,290.32000732421875,290.32000732421875,AVGO
2018-06-01,28655600,99.27999877929688,100.86000061035156,99.16999816894533,100.79000091552734,97.97386932373048,MSFT
2019-05-07,2594800,73.80000305175781,74.44999694824219,73.54000091552734,74.0,74.0,TMUS
2019-07-18,18582200,204.0,205.8800048828125,203.6999969482422,205.66000366210935,203.2344970703125,AAPL
2018-09-17,7071900,364.2200012207031,367.3299865722656,349.57000732421875,350.3500061035156,350.3500061035156,NFLX
2019-04-12,41048800,28.209999084472656,28.3799991607666,27.65999984741211,27.850000381469727,27.850000381469727,AMD
2018-09-20,6768100,370.260009765625,370.260009765625,363.1700134277344,365.3599853515625,365.3599853515625,NFLX
2019-10-03,24132900,134.9499969482422,136.75,133.22000122070312,136.27999877929688,135.0717010498047,MSFT
2019-12-31,2506500,1842.0,1853.260009765625,1832.22998046875,1847.8399658203125,1847.8399658203125,AMZN
2018-03-09,36937300,95.29000091552734,96.54000091552734,95.0,96.54000091552734,93.43762969970705,MSFT
2019-02-21,6227900,360.0299987792969,362.8500061035156,353.8800048828125,356.9700012207031,356.9700012207031,NFLX
2019-10-18,1698100,289.5,289.94000244140625,284.0,286.7300109863281,286.7300109863281,AVGO
2019-06-18,4378200,134.4199981689453,134.4199981689453,131.86000061035156,132.05999755859375,128.37147521972656,PEP
2019-08-01,2191100,289.1300048828125,297.82000732421875,282.32000732421875,285.3399963378906,285.3399963378906,AVGO
2018-05-01,4494700,230.8500061035156,230.8500061035156,226.36000061035156,230.3800048828125,230.3800048828125,AVGO
2019-01-08,6052700,68.66999816894531,68.68000030517578,67.37000274658203,67.7699966430664,67.7699966430664,TMUS
2018-02-28,31167300,94.83999633789062,95.70999908447266,93.62999725341795,93.7699966430664,90.75664520263672,MSFT
2019-10-28,1299900,291.1600036621094,292.4800109863281,288.32000732421875,291.54998779296875,291.54998779296875,AVGO
2018-08-03,8848400,347.75,347.8599853515625,338.4800109863281,343.0899963378906,343.0899963378906,NFLX
2018-06-29,9252500,399.19000244140625,401.3299865722656,390.5499877929687,391.4299926757813,391.4299926757813,NFLX
2018-03-28,18972900,298.3900146484375,298.79998779296875,281.6099853515625,285.7699890136719,285.7699890136719,NFLX
2019-10-28,35280100,144.39999389648438,145.6699981689453,143.50999450683594,144.19000244140625,142.9115753173828,MSFT
2019-11-06,2705600,81.5999984741211,81.94999694824219,81.29000091552734,81.86000061035156,81.86000061035156,TMUS
2018-08-30,7277300,1997.4200439453125,2025.5699462890625,1986.9000244140625,2002.3800048828125,2002.3800048828125,AMZN
2018-09-28,2673900,245.5399932861328,246.97000122070312,243.8500061035156,246.72999572753903,246.72999572753903,AVGO
2018-06-01,3313400,1637.030029296875,1646.72998046875,1635.0899658203125,1641.5400390625,1641.5400390625,AMZN
2019-03-06,1997300,276.6600036621094,276.92999267578125,270.4800109863281,271.3500061035156,271.3500061035156,AVGO
2018-10-29,45935500,219.19000244140625,219.69000244140625,206.08999633789065,212.2400054931641,207.3166961669922,AAPL
2019-11-13,3166600,132.6300048828125,133.57000732421875,132.00999450683594,133.2899932861328,130.4624786376953,PEP
2019-01-22,30394000,156.41000366210938,156.72999572753906,152.6199951171875,153.3000030517578,150.2664031982422,AAPL
2018-06-26,15191200,393.2799987792969,404.7799987792969,389.0499877929687,399.3900146484375,399.3900146484375,NFLX
2018-08-13,3170100,112.80999755859376,113.13999938964844,112.01000213623048,113.0199966430664,106.4546356201172,PEP
2018-03-12,4509600,112.5,113.08999633789062,112.08000183105467,112.75,105.23249053955078,PEP
2019-08-20,1792000,278.1600036621094,284.9599914550781,277.010009765625,280.3699951171875,280.3699951171875,AVGO
2018-02-26,27771100,44.29999923706055,45.45000076293945,44.130001068115234,45.36000061035156,42.41489791870117,CSCO
2019-05-09,24322800,52.81999969482422,53.209999084472656,52.22999954223633,52.91999816894531,51.32529067993164,CSCO
2018-05-30,5685500,352.3699951171875,354.0,349.260009765625,353.5400085449219,353.5400085449219,NFLX
2018-09-05,4392100,110.76000213623048,113.16999816894533,110.6999969482422,113.12000274658205,106.548828125,PEP
2018-08-31,4248800,111.7699966430664,112.58000183105467,111.26000213623048,112.01000213623048,105.50331115722656,PEP
2019-10-29,78700100,33.72999954223633,33.900001525878906,32.70000076293945,33.029998779296875,33.029998779296875,AMD
2019-08-16,3405000,131.4199981689453,132.32000732421875,130.63999938964844,131.75999450683594,128.07984924316406,PEP
2018-07-09,11127500,415.9500122070313,419.1199951171875,411.1000061035156,418.9700012207031,418.9700012207031,NFLX
2019-07-29,5782800,335.9800109863281,336.3999938964844,328.7699890136719,332.70001220703125,332.70001220703125,NFLX
2018-05-31,3469800,249.2599945068359,255.2899932861328,249.0,252.07000732421875,252.07000732421875,AVGO
2018-08-14,89195500,19.969999313354492,20.280000686645508,19.6299991607666,20.020000457763672,20.020000457763672,AMD
2018-02-09,51304200,39.0,39.91999816894531,38.22999954223633,39.529998779296875,36.96342468261719,CSCO
2019-01-25,24196600,46.119998931884766,46.65999984741211,45.95000076293945,46.130001068115234,44.45841979980469,CSCO
2018-03-06,23788500,177.91000366210938,178.25,176.1300048828125,176.6699981689453,171.30812072753906,AAPL
2019-04-24,3675800,1925.0,1929.68994140625,1898.1600341796875,1901.75,1901.75,AMZN
2018-07-20,42879800,16.65999984741211,16.8799991607666,16.440000534057617,16.5,16.5,AMD
2018-01-11,3125000,1259.739990234375,1276.77001953125,1256.4599609375,1276.6800537109375,1276.6800537109375,AMZN
2019-07-29,1206800,301.2300109863281,302.54998779296875,296.9599914550781,301.739990234375,301.739990234375,AVGO
2018-07-20,20676200,191.77999877929688,192.42999267578125,190.1699981689453,191.44000244140625,186.34568786621097,AAPL
2018-01-02,44146300,10.420000076293944,11.020000457763672,10.34000015258789,10.979999542236328,10.979999542236328,AMD
2018-11-09,5902200,1732.5,1743.9200439453125,1701.8699951171875,1712.4300537109375,1712.4300537109375,AMZN
2018-05-03,4251900,1560.010009765625,1574.800048828125,1546.02001953125,1572.0799560546875,1572.0799560546875,AMZN
2018-11-12,25913500,47.13999938964844,47.25,45.540000915527344,45.619998931884766,43.62908935546875,CSCO
2019-03-04,2439400,72.23999786376953,72.33999633789062,71.27999877929688,71.6500015258789,71.6500015258789,TMUS
2019-03-06,19686900,51.369998931884766,51.790000915527344,50.91999816894531,51.66999816894531,49.79766845703125,CSCO
2018-04-20,8650000,105.4499969482422,105.5999984741211,102.2699966430664,102.4800033569336,95.6472396850586,PEP
2019-04-02,22765700,191.08999633789065,194.4600067138672,191.0500030517578,194.02000427246097,190.9962615966797,AAPL
2018-08-14,3311900,65.77999877929688,66.44000244140625,65.66000366210938,65.95999908447266,65.95999908447266,TMUS
2018-08-13,18472500,109.23999786376952,109.58000183105467,108.0999984741211,108.20999908447266,105.18655395507812,MSFT
2018-09-14,3161700,68.58000183105469,68.6500015258789,67.9000015258789,68.25,68.25,TMUS
2019-08-27,3019700,1775.72998046875,1779.4000244140625,1746.6800537109375,1761.8299560546875,1761.8299560546875,AMZN
2018-06-14,3081300,58.810001373291016,59.70000076293945,58.599998474121094,59.529998779296875,59.529998779296875,TMUS
2019-11-15,6333800,290.5899963378906,295.82000732421875,287.57000732421875,295.0299987792969,295.0299987792969,NFLX
2019-11-12,4346000,79.62000274658203,79.6500015258789,77.19999694824219,77.43000030517578,77.43000030517578,TMUS
2019-06-27,4138600,363.2000122070313,370.8500061035156,363.2000122070313,370.0199890136719,370.0199890136719,NFLX
2018-10-01,23600800,227.9499969482422,229.4199981689453,226.3500061035156,227.2599945068359,221.98826599121097,AAPL
2019-12-11,3339100,137.0500030517578,137.5399932861328,136.32000732421875,137.10000610351562,135.131591796875,PEP
2018-12-10,3012500,65.66999816894531,65.95999908447266,64.33999633789062,65.7300033569336,65.7300033569336,TMUS
2018-10-26,14963800,1649.5899658203125,1698.4599609375,1603.0,1642.81005859375,1642.81005859375,AMZN
2018-06-19,12761900,365.1600036621094,370.0,346.25,352.54998779296875,352.54998779296875,TSLA
2018-02-27,27419300,45.40999984741211,45.61000061035156,44.619998931884766,45.040000915527344,42.11568069458008,CSCO
2019-01-28,29476700,106.26000213623048,106.4800033569336,104.66000366210938,105.08000183105467,102.98004913330078,MSFT
2019-04-26,23654900,129.6999969482422,130.52000427246094,129.02000427246094,129.88999938964844,127.83787536621094,MSFT
2019-05-24,14136600,199.8300018310547,199.97999572753903,188.75,190.6300048828125,190.6300048828125,TSLA
2018-11-06,3891400,68.8499984741211,69.27999877929688,68.2699966430664,68.7699966430664,68.7699966430664,TMUS
2019-11-01,2585800,83.08999633789062,83.19000244140625,82.0,82.47000122070312,82.47000122070312,TMUS
2019-11-21,1931700,311.1400146484375,315.70001220703125,309.79998779296875,315.25,315.25,AVGO
2019-11-13,2715800,77.62999725341797,78.06999969482422,76.80000305175781,77.97000122070312,77.97000122070312,TMUS
2019-03-12,26132700,112.81999969482422,113.98999786376952,112.6500015258789,113.62000274658205,111.8249282836914,MSFT
2019-01-07,54777800,148.6999969482422,148.8300018310547,145.89999389648438,147.92999267578125,145.002685546875,AAPL
2018-09-14,3642000,1992.9300537109375,1993.6500244140625,1959.219970703125,1970.18994140625,1970.18994140625,AMZN
2018-02-13,26407700,88.93000030517578,90.0,87.80000305175781,89.83000183105469,86.53675842285156,MSFT
2018-07-17,25901700,104.61000061035156,106.5,104.31999969482422,105.9499969482422,102.9897003173828,MSFT
2018-06-18,12073200,355.3999938964844,373.7300109863281,354.5,370.8299865722656,370.8299865722656,TSLA
2019-04-01,8110400,282.6199951171875,289.20001220703125,281.2799987792969,289.17999267578125,289.17999267578125,TSLA
2018-12-07,7839600,234.0500030517578,238.27999877929688,224.5,228.55999755859375,228.55999755859375,AVGO
2019-06-14,22530500,55.9900016784668,56.02000045776367,54.65999984741211,54.75,53.10014724731445,CSCO
2018-01-19,24582000,41.279998779296875,41.52000045776367,41.099998474121094,41.290000915527344,38.609153747558594,CSCO
2019-07-10,60388400,33.560001373291016,34.029998779296875,33.36000061035156,33.790000915527344,33.790000915527344,AMD
2018-03-07,4174100,1526.52001953125,1545.9000244140625,1522.510009765625,1545.0,1545.0,AMZN
2018-05-29,2997800,56.36000061035156,57.150001525878906,55.97999954223633,56.619998931884766,56.619998931884766,TMUS
2018-03-12,18299800,45.529998779296875,45.869998931884766,45.400001525878906,45.54999923706055,42.592567443847656,CSCO
2019-08-16,1745800,272.1499938964844,275.75,271.9800109863281,273.7799987792969,273.7799987792969,AVGO
2018-09-06,23477600,108.25,108.98999786376952,107.51000213623048,108.73999786376952,106.10850524902344,MSFT
2019-06-04,4242400,129.75,129.80999755859375,128.02000427246094,129.07000732421875,124.55305480957033,PEP
2019-11-26,43603300,39.29999923706055,39.47999954223633,38.810001373291016,38.9900016784668,38.9900016784668,AMD
2019-09-25,1957600,79.52999877929688,80.02999877929688,78.86000061035156,79.80999755859375,79.80999755859375,TMUS
2019-04-04,4627300,370.0700073242187,372.0499877929687,362.3999938964844,367.8800048828125,367.8800048828125,NFLX
2019-06-06,21459000,126.44000244140624,127.97000122070312,125.5999984741211,127.81999969482422,126.26625061035156,MSFT
2018-10-08,7393200,1874.0,1902.0,1830.6600341796875,1864.4200439453125,1864.4200439453125,AMZN
2019-02-05,16946300,47.41999816894531,47.459999084472656,47.08000183105469,47.2599983215332,45.5474739074707,CSCO
2018-08-30,103607300,25.290000915527344,25.670000076293945,24.760000228881836,24.88999938964844,24.88999938964844,AMD
2018-08-06,3391800,1825.81005859375,1847.77001953125,1818.9200439453125,1847.75,1847.75,AMZN
2019-10-31,2548900,83.3499984741211,83.5,81.77999877929688,82.66000366210938,82.66000366210938,TMUS
2018-07-17,15534500,189.75,191.8699951171875,189.1999969482422,191.4499969482422,186.3553771972656,AAPL
2018-06-13,18222800,367.5299987792969,384.25,364.1099853515625,379.9299926757813,379.9299926757813,NFLX
2018-07-02,21810900,42.560001373291016,42.83000183105469,42.20000076293945,42.810001373291016,40.352272033691406,CSCO
2018-01-10,5951500,207.57000732421875,213.63999938964844,206.91000366210935,212.52000427246097,212.52000427246097,NFLX
2018-10-04,7257000,1949.0,1956.0,1896.5699462890625,1909.4200439453125,1909.4200439453125,AMZN
2019-02-14,5200800,303.3800048828125,306.7699890136719,301.0,303.7699890136719,303.7699890136719,TSLA
2018-07-03,2177300,1723.9599609375,1725.0,1692.47998046875,1693.9599609375,1693.9599609375,AMZN
2019-09-20,6671100,135.0,135.75999450683594,134.47999572753906,134.7100067138672,131.8523712158203,PEP
2019-01-29,4621700,295.2699890136719,298.55999755859375,291.79998779296875,297.4599914550781,297.4599914550781,TSLA
2018-09-04,5721100,2026.5,2050.5,2013.0,2039.510009765625,2039.510009765625,AMZN
2018-05-07,3801900,1589.3399658203125,1606.949951171875,1587.8299560546875,1600.1400146484375,1600.1400146484375,AMZN
2019-11-14,6464900,346.1099853515625,353.8399963378906,342.9100036621094,349.3500061035156,349.3500061035156,TSLA
2019-05-09,5308300,1900.0,1909.4000244140625,1876.0,1899.8699951171875,1899.8699951171875,AMZN
2019-02-22,27763200,110.0500030517578,111.1999969482422,109.81999969482422,110.97000122070312,109.21678924560548,MSFT
2018-09-24,21819300,48.209999084472656,48.619998931884766,48.189998626708984,48.439998626708984,46.014915466308594,CSCO
2018-11-07,2900400,231.9900054931641,235.2899932861328,229.2100067138672,234.3999938964844,234.3999938964844,AVGO
2019-08-01,54017900,213.8999938964844,218.02999877929688,206.7400054931641,208.42999267578125,205.97181701660156,AAPL
2018-08-21,55629000,19.979999542236328,20.420000076293945,19.86000061035156,20.399999618530273,20.399999618530273,AMD
2019-09-23,3346500,134.9600067138672,135.75,134.9600067138672,135.44000244140625,132.56689453125,PEP
2019-01-02,35329300,99.5500030517578,101.75,98.94000244140624,101.12000274658205,99.09918975830078,MSFT
2019-07-11,4336300,381.1000061035156,384.5400085449219,378.7999877929687,379.5,379.5,NFLX
2018-02-26,38162200,176.35000610351562,179.38999938964844,176.2100067138672,178.97000122070312,173.5382843017578,AAPL
2018-03-28,64832100,9.989999771118164,10.170000076293944,9.789999961853027,9.8100004196167,9.8100004196167,AMD
2019-04-12,15646200,360.69000244140625,361.75,349.3599853515625,351.1400146484375,351.1400146484375,NFLX
2018-12-19,120644500,19.440000534057617,19.719999313354492,18.0,18.15999984741211,18.15999984741211,AMD
2018-07-11,9713900,411.3399963378906,419.7699890136719,410.6000061035156,418.6499938964844,418.6499938964844,NFLX
2018-06-28,22197700,42.33000183105469,43.189998626708984,42.279998779296875,42.939998626708984,40.474796295166016,CSCO
2019-11-18,4400400,352.9200134277344,353.1499938964844,346.1000061035156,349.989990234375,349.989990234375,TSLA
2019-12-02,3925600,1804.4000244140625,1805.550048828125,1762.6800537109375,1781.5999755859375,1781.5999755859375,AMZN
2019-07-03,13629300,136.8000030517578,137.74000549316406,136.2899932861328,137.4600067138672,135.7890625,MSFT
2018-05-31,27482800,187.22000122070312,188.22999572753903,186.13999938964844,186.8699951171875,181.89724731445312,AAPL
2019-12-13,23845400,153.0,154.88999938964844,152.8300018310547,154.52999877929688,153.68106079101562,MSFT
2019-09-26,1902600,79.97000122070312,80.01000213623047,78.95999908447266,79.0,79.0,TMUS
2019-06-17,20392600,54.9900016784668,55.470001220703125,54.86000061035156,55.400001525878906,53.73056411743164,CSCO
2019-09-05,2093800,288.3599853515625,293.67999267578125,288.3599853515625,291.0199890136719,291.0199890136719,AVGO
2019-09-10,31777900,213.86000061035156,216.77999877929688,211.7100067138672,216.6999969482422,214.9579162597656,AAPL
2019-12-19,2991900,76.04000091552734,77.55000305175781,76.0,77.22000122070312,77.22000122070312,TMUS
2019-02-26,48470100,24.649999618530273,24.719999313354492,24.149999618530273,24.209999084472656,24.209999084472656,AMD
2019-01-30,61109800,163.25,166.14999389648438,160.22999572753906,165.25,161.9799346923828,AAPL
2018-07-23,44940800,16.469999313354492,16.68000030517578,15.899999618530272,16.65999984741211,16.65999984741211,AMD
2018-02-23,25781400,43.369998931884766,44.040000915527344,42.91999816894531,44.0,41.1431999206543,CSCO
2019-04-30,4963600,127.0500030517578,128.38999938964844,126.33999633789062,128.0500030517578,123.5687484741211,PEP
2018-07-23,11505200,359.1499938964844,363.8999938964844,353.6000061035156,362.6600036621094,362.6600036621094,NFLX
2019-09-24,2029200,287.32000732421875,288.8999938964844,279.75,282.30999755859375,282.30999755859375,AVGO
2018-11-30,41619100,47.27000045776367,47.90999984741211,46.91999816894531,47.869998931884766,45.78089141845703,CSCO
2018-08-10,3701700,212.80999755859375,214.47999572753903,210.4600067138672,212.22999572753903,212.22999572753903,AVGO
2019-10-03,3468200,1713.0,1725.0,1685.06005859375,1724.4200439453125,1724.4200439453125,AMZN
2019-08-15,9629200,299.5,300.6300048828125,288.0,295.760009765625,295.760009765625,NFLX
2018-09-18,176673200,32.9900016784668,33.369998931884766,31.200000762939453,31.93000030517578,31.93000030517578,AMD
2019-04-16,3044600,1851.3499755859375,1869.77001953125,1848.0,1863.0400390625,1863.0400390625,AMZN
2018-08-09,4115400,114.12000274658205,114.12000274658205,113.37999725341795,113.6999969482422,107.09513092041016,PEP
2019-05-03,5130300,381.5299987792969,385.0299987792969,378.2699890136719,385.0299987792969,385.0299987792969,NFLX
2018-02-20,29006900,44.0,44.689998626708984,43.810001373291016,44.060001373291016,41.19930648803711,CSCO
2019-07-16,4019700,134.0800018310547,135.24000549316406,133.0500030517578,133.8000030517578,130.06289672851562,PEP
2018-04-19,21472300,44.41999816894531,44.95000076293945,44.380001068115234,44.560001373291016,42.001808166503906,CSCO
2018-10-24,8222900,110.1999969482422,114.16000366210938,109.9499969482422,112.95999908447266,107.27820587158205,PEP
2018-07-20,2102600,59.40999984741211,59.61000061035156,59.06999969482422,59.25,59.25,TMUS
2019-06-05,2365100,269.010009765625,271.510009765625,262.3999938964844,265.7200012207031,265.7200012207031,AVGO
2019-12-31,3229400,136.69000244140625,137.25999450683594,136.02999877929688,136.6699981689453,134.707763671875,PEP
2018-10-04,2890600,68.52999877929688,68.98999786376953,68.26000213623047,68.94999694824219,68.94999694824219,TMUS
2019-03-18,19073800,53.27000045776367,53.939998626708984,53.09000015258789,53.5099983215332,51.57099914550781,CSCO
2019-08-15,71674400,30.6299991607666,30.729999542236328,29.209999084472656,29.670000076293945,29.670000076293945,AMD
2018-09-11,6198100,344.6700134277344,356.1499938964844,343.8999938964844,355.92999267578125,355.92999267578125,NFLX
2019-12-17,8496800,378.989990234375,385.5,375.8999938964844,378.989990234375,378.989990234375,TSLA
2018-10-10,33055800,47.439998626708984,47.5099983215332,45.540000915527344,45.630001068115234,43.638648986816406,CSCO
2019-03-18,7194700,362.4700012207031,370.9700012207031,361.8599853515625,363.44000244140625,363.44000244140625,NFLX
2018-05-22,15240700,188.3800048828125,188.8800048828125,186.77999877929688,187.16000366210935,182.17953491210935,AAPL
2019-01-04,27515000,41.849998474121094,43.0,41.529998779296875,42.91999816894531,41.36473846435547,CSCO
2018-01-09,6125900,212.11000061035156,212.97999572753903,208.58999633789065,209.30999755859375,209.30999755859375,NFLX
2019-12-31,10285700,405.0,421.2900085449219,402.0799865722656,418.3299865722656,418.3299865722656,TSLA
2018-01-19,10548600,222.75,223.4900054931641,218.5,220.4600067138672,220.4600067138672,NFLX
2019-05-16,30112200,126.75,129.3800048828125,126.45999908447266,128.92999267578125,127.36275482177734,MSFT
2019-11-13,9158900,291.0299987792969,293.4100036621094,281.1400146484375,283.1099853515625,283.1099853515625,NFLX
2019-05-09,2228200,300.0,305.8500061035156,296.8500061035156,304.05999755859375,304.05999755859375,AVGO
2019-02-04,15743100,47.220001220703125,47.470001220703125,47.119998931884766,47.349998474121094,45.63420867919922,CSCO
2018-09-11,159902500,30.020000457763672,30.59000015258789,29.3700008392334,30.100000381469727,30.100000381469727,AMD
2019-08-07,33414500,133.7899932861328,135.64999389648438,131.8300018310547,135.27999877929688,133.6355438232422,MSFT
2018-03-29,12581100,1406.0,1455.469970703125,1365.199951171875,1447.3399658203125,1447.3399658203125,AMZN
2019-06-24,2123000,76.0199966430664,76.55000305175781,75.37999725341797,75.54000091552734,75.54000091552734,TMUS
2018-08-09,4860400,1882.0,1914.5699462890625,1877.47998046875,1898.52001953125,1898.52001953125,AMZN
2018-10-12,40337900,220.4199981689453,222.8800048828125,216.83999633789065,222.11000061035156,216.9577484130859,AAPL
2018-02-22,30991900,171.8000030517578,173.9499969482422,171.7100067138672,172.5,167.26467895507812,AAPL
2019-10-17,36884400,31.299999237060547,31.399999618530273,30.86000061035156,31.13999938964844,31.13999938964844,AMD
2018-01-08,20567800,174.35000610351562,175.61000061035156,173.92999267578125,174.35000610351562,168.37203979492188,AAPL
2018-02-16,5578500,111.05999755859376,111.6999969482422,109.76000213623048,111.05999755859376,102.8947296142578,PEP
2019-01-24,4478000,110.30999755859376,110.30999755859376,108.41000366210938,109.5,104.8179702758789,PEP
2018-05-18,24456000,43.459999084472656,43.56999969482422,43.11000061035156,43.209999084472656,40.729305267333984,CSCO
2019-03-01,23683700,52.0,52.09000015258789,51.27000045776367,51.40999984741211,49.547096252441406,CSCO
2019-10-02,7659100,263.6099853515625,269.3500061035156,262.19000244140625,268.0299987792969,268.0299987792969,NFLX
2019-07-05,2456500,283.6499938964844,285.44000244140625,281.9700012207031,282.6600036621094,282.6600036621094,AVGO
2019-08-06,2219900,270.1300048828125,272.17999267578125,264.55999755859375,266.44000244140625,266.44000244140625,AVGO
2018-12-14,9915300,271.80999755859375,277.6700134277344,265.0,266.8399963378906,266.8399963378906,NFLX
2019-01-04,44060600,99.72000122070312,102.51000213623048,98.93000030517578,101.93000030517578,99.89300537109376,MSFT
2018-05-09,23211200,186.5500030517578,187.3999938964844,185.22000122070312,187.36000061035156,181.67367553710935,AAPL
2019-03-26,4583000,121.45999908447266,122.16000366210938,121.26000213623048,122.0199966430664,117.74977111816406,PEP
2019-07-18,31305900,323.760009765625,329.8500061035156,320.29998779296875,325.2099914550781,325.2099914550781,NFLX
2018-03-09,5506800,324.1000061035156,328.489990234375,322.3699951171875,327.1700134277344,327.1700134277344,TSLA
2019-04-29,22204700,204.3999938964844,205.97000122070312,203.86000061035156,204.61000061035156,201.4212188720703,AAPL
2018-05-07,54001700,11.31999969482422,11.68000030517578,11.300000190734863,11.59000015258789,11.59000015258789,AMD
2019-08-07,4526900,1773.989990234375,1798.9300537109375,1757.0,1793.4000244140625,1793.4000244140625,AMZN
2019-08-28,55835900,29.920000076293945,31.18000030517578,29.700000762939453,30.780000686645508,30.780000686645508,AMD
2019-09-04,13691300,47.02000045776367,47.40999984741211,46.88999938964844,47.31999969482422,46.18367385864258,CSCO
2018-01-02,3313500,259.7699890136719,267.5,257.57000732421875,267.010009765625,267.010009765625,AVGO
2018-12-28,8829000,1473.3499755859375,1513.469970703125,1449.0,1478.02001953125,1478.02001953125,AMZN
2018-06-08,81930500,14.520000457763672,15.329999923706056,14.3100004196167,15.25,15.25,AMD
2018-06-21,4941100,1760.0,1763.0999755859375,1717.56005859375,1730.219970703125,1730.219970703125,AMZN
2018-03-01,48802000,178.5399932861328,179.77999877929688,172.66000366210938,175.0,169.6887664794922,AAPL
2019-10-11,2070000,78.66000366210938,80.02999877929688,78.55000305175781,79.52999877929688,79.52999877929688,TMUS
2018-05-04,22531300,93.31999969482422,95.37000274658205,92.91999816894533,95.16000366210938,92.10196685791016,MSFT
2019-10-14,2371500,137.83999633789062,138.3000030517578,137.24000549316406,137.4499969482422,134.5342559814453,PEP
2019-01-29,31490500,104.87999725341795,104.97000122070312,102.16999816894533,102.94000244140624,100.88282775878906,MSFT
2019-03-28,3043000,1770.0,1777.9300537109375,1753.469970703125,1773.4200439453125,1773.4200439453125,AMZN
2019-03-08,23999400,170.32000732421875,173.07000732421875,169.5,172.91000366210938,170.2152557373047,AAPL
2018-09-07,4892600,1938.7099609375,1975.199951171875,1937.3499755859375,1952.0699462890625,1952.0699462890625,AMZN
2019-01-10,6507700,1641.010009765625,1663.25,1621.6199951171875,1656.219970703125,1656.219970703125,AMZN
2018-01-23,5169300,1338.0899658203125,1364.9000244140625,1337.3399658203125,1362.5400390625,1362.5400390625,AMZN
2019-08-21,5685400,301.6099853515625,302.8800048828125,296.20001220703125,297.80999755859375,297.80999755859375,NFLX
2018-11-14,2541100,226.7599945068359,230.52999877929688,225.6199951171875,226.1999969482422,226.1999969482422,AVGO
2019-06-07,2256600,76.55000305175781,77.13999938964844,76.30999755859375,77.02999877929688,77.02999877929688,TMUS
2019-01-22,21338400,44.880001068115234,45.2400016784668,44.380001068115234,44.779998779296875,43.1573371887207,CSCO
2018-12-26,4537000,106.22000122070312,108.44000244140624,105.02999877929688,108.33000183105467,103.697998046875,PEP
2018-01-18,8225300,220.33999633789065,220.5800018310547,216.5500030517578,220.3300018310547,220.3300018310547,NFLX
2019-05-22,19479200,56.220001220703125,56.29999923706055,55.66999816894531,55.689998626708984,54.01182556152344,CSCO
2018-03-14,10475100,318.1600036621094,323.8800048828125,317.70001220703125,321.54998779296875,321.54998779296875,NFLX
2019-03-13,6844700,283.8999938964844,291.989990234375,282.70001220703125,288.9599914550781,288.9599914550781,TSLA
2019-06-07,2596300,274.7799987792969,277.8699951171875,273.2799987792969,274.8699951171875,274.8699951171875,AVGO
2018-09-19,21728400,113.0500030517578,113.31999969482422,111.04000091552734,111.6999969482422,108.9968719482422,MSFT
2018-09-28,165453500,32.2400016784668,32.779998779296875,29.979999542236328,30.88999938964844,30.88999938964844,AMD
2018-07-13,50831300,43.52000045776367,43.779998779296875,40.939998626708984,41.779998779296875,39.68833923339844,CSCO
2019-08-08,3023400,76.94000244140625,78.05999755859375,76.83000183105469,77.9000015258789,77.9000015258789,TMUS
2019-05-08,26339500,201.8999938964844,205.33999633789065,201.75,202.8999938964844,199.73785400390625,AAPL
2018-08-17,3088400,65.87000274658203,66.05999755859375,65.55000305175781,65.9000015258789,65.9000015258789,TMUS
2019-03-21,29854400,117.13999938964844,120.81999969482422,117.08999633789062,120.22000122070312,118.32066345214844,MSFT
2019-04-25,6099100,1917.0,1922.449951171875,1900.31005859375,1902.25,1902.25,AMZN
2018-04-20,5541600,1561.199951171875,1561.199951171875,1516.0899658203125,1527.489990234375,1527.489990234375,AMZN
2018-04-24,34524800,96.23999786376952,96.47000122070312,92.41000366210938,93.12000274658205,90.12752532958984,MSFT
2018-06-14,4812600,105.26000213623048,105.36000061035156,104.43000030517578,105.12999725341795,99.02296447753906,PEP
2019-10-15,3369300,137.47999572753906,137.9499969482422,136.16000366210938,136.3300018310547,133.43800354003906,PEP
2019-02-25,6626500,297.9100036621094,302.8999938964844,297.0,298.7699890136719,298.7699890136719,TSLA
2018-07-16,21786900,105.4000015258789,105.81999969482422,104.5199966430664,104.91000366210938,101.97875213623048,MSFT
2019-02-14,64441200,22.739999771118164,23.3700008392334,22.59000015258789,23.1299991607666,23.1299991607666,AMD
2019-05-07,25289700,53.86000061035156,54.2400016784668,52.939998626708984,53.45000076293945,51.839324951171875,CSCO
2018-12-28,38196300,102.08999633789062,102.41000366210938,99.5199966430664,100.38999938964844,98.38378143310548,MSFT
2018-05-08,3067900,1595.0,1596.8800048828125,1582.510009765625,1592.3900146484375,1592.3900146484375,AMZN
2018-10-04,4930300,106.8499984741211,107.4000015258789,105.8000030517578,106.61000061035156,101.24759674072266,PEP
2018-04-23,20716800,44.2599983215332,44.47999954223633,43.869998931884766,44.25,41.7095947265625,CSCO
2019-04-24,17540600,207.36000061035156,208.47999572753903,207.0500030517578,207.16000366210935,203.9314727783203,AAPL
2019-01-03,6858000,244.55999755859375,246.5399932861328,230.3300018310547,230.9600067138672,230.9600067138672,AVGO
2019-12-03,1956600,77.44999694824219,78.05999755859375,76.80999755859375,78.01000213623047,78.01000213623047,TMUS
2018-07-19,41267800,16.709999084472656,16.8799991607666,16.549999237060547,16.709999084472656,16.709999084472656,AMD
2018-09-05,33333000,228.9900054931641,229.6699981689453,225.1000061035156,226.8699951171875,221.6073455810547,AAPL
2018-12-20,8468300,110.1999969482422,111.93000030517578,109.1999969482422,110.20999908447266,105.49759674072266,PEP
2019-01-09,163944100,20.88999938964844,21.440000534057617,20.06999969482422,20.190000534057617,20.190000534057617,AMD
2019-09-16,21158100,217.72999572753903,220.1300048828125,217.55999755859375,219.8999938964844,218.1322021484375,AAPL
2018-10-25,13346900,307.1199951171875,319.94000244140625,305.25,312.8699951171875,312.8699951171875,NFLX
2018-05-09,6201500,97.19000244140624,97.5199966430664,95.94000244140624,96.16000366210938,89.74862670898438,PEP
2019-02-04,31495500,167.41000366210938,171.66000366210938,167.27999877929688,171.25,167.86119079589844,AAPL
2019-09-06,17939100,48.650001525878906,48.9900016784668,48.27000045776367,48.84000015258789,47.66717529296875,CSCO
2019-07-09,19953100,136.0,136.97000122070312,135.8000030517578,136.4600067138672,134.80123901367188,MSFT
2019-04-10,1499200,303.6000061035156,307.7699890136719,303.0,307.510009765625,307.510009765625,AVGO
2019-10-07,2154700,1731.6300048828125,1747.8299560546875,1723.699951171875,1732.6600341796875,1732.6600341796875,AMZN
2019-03-06,10335500,276.4800109863281,281.510009765625,274.3900146484375,276.239990234375,276.239990234375,TSLA
2019-06-17,2634300,1876.5,1895.68994140625,1875.449951171875,1886.030029296875,1886.030029296875,AMZN
2019-03-07,22209200,51.54999923706055,51.970001220703125,51.209999084472656,51.290000915527344,49.43144226074219,CSCO
2019-08-19,1697300,78.26000213623047,78.5,77.72000122070312,78.2300033569336,78.2300033569336,TMUS
2018-05-23,44517800,12.93000030517578,13.18000030517578,12.899999618530272,13.100000381469728,13.100000381469728,AMD
2018-04-23,42971300,10.09000015258789,10.1899995803833,9.970000267028809,10.039999961853027,10.039999961853027,AMD
2019-01-07,5343300,233.6499938964844,240.2400054931641,230.7599945068359,237.97999572753903,237.97999572753903,AVGO
2018-03-19,4216700,111.6500015258789,111.98999786376952,110.0500030517578,110.36000061035156,103.0018310546875,PEP
2018-11-05,108016700,20.1200008392334,20.18000030517578,18.8799991607666,19.899999618530273,19.899999618530273,AMD
2019-11-22,5970100,309.1000061035156,311.3999938964844,304.4100036621094,310.4800109863281,310.4800109863281,NFLX
2018-12-28,2870200,253.0,258.05999755859375,251.16000366210935,253.58999633789065,253.58999633789065,AVGO
2018-06-13,7553500,104.16000366210938,105.5999984741211,104.16000366210938,105.2699966430664,99.15483856201172,PEP
2019-05-31,4618800,1790.010009765625,1795.5899658203125,1772.699951171875,1775.0699462890625,1775.0699462890625,AMZN
2018-04-10,42849200,9.75,10.039999961853027,9.710000038146973,9.979999542236328,9.979999542236328,AMD
2019-03-26,49800500,191.66000366210935,192.8800048828125,184.5800018310547,186.7899932861328,183.87892150878903,AAPL
2019-01-17,4208900,1680.0,1700.1700439453125,1677.5,1693.219970703125,1693.219970703125,AMZN
2019-11-12,2037600,1774.6600341796875,1786.219970703125,1771.9100341796875,1778.0,1778.0,AMZN
2019-10-10,10809100,265.9700012207031,280.5299987792969,265.0299987792969,280.4800109863281,280.4800109863281,NFLX
2019-03-05,19737400,175.94000244140625,176.0,174.5399932861328,175.52999877929688,172.79440307617188,AAPL
2018-02-15,5912900,324.5,334.1199951171875,322.3999938964844,334.07000732421875,334.07000732421875,TSLA
2018-08-20,5448900,209.47999572753903,210.0,205.86000061035156,206.72000122070312,206.72000122070312,AVGO
2018-07-02,4711900,108.6999969482422,110.0,108.30999755859376,109.52999877929688,103.1673583984375,PEP
2019-07-12,6636900,378.6799926757813,379.739990234375,372.7900085449219,373.25,373.25,NFLX
2018-05-02,5927700,99.16000366210938,99.36000061035156,97.02999877929688,97.2300033569336,90.74727630615234,PEP
2019-11-21,6110000,354.510009765625,360.8399963378906,354.0,354.8299865722656,354.8299865722656,TSLA
2019-08-08,167278800,31.530000686645508,34.27000045776367,31.479999542236328,33.91999816894531,33.91999816894531,AMD
2018-11-01,3683000,225.16000366210935,234.22999572753903,223.72000122070312,229.8800048828125,229.8800048828125,AVGO
2018-10-09,105461800,26.149999618530273,27.709999084472656,26.0,27.239999771118164,27.239999771118164,AMD
2018-05-15,23695200,186.77999877929688,187.07000732421875,185.1000061035156,186.44000244140625,181.47872924804688,AAPL
2018-05-14,2758000,246.27999877929688,248.4199981689453,243.8000030517578,244.7599945068359,244.7599945068359,AVGO
2018-06-14,10981000,347.6300048828125,358.75,346.6000061035156,357.7200012207031,357.7200012207031,TSLA
2018-01-03,3108800,1188.300048828125,1205.489990234375,1188.300048828125,1204.199951171875,1204.199951171875,AMZN
2019-03-29,53502800,25.579999923706055,25.729999542236328,25.25,25.520000457763672,25.520000457763672,AMD
2019-05-01,26821700,130.52999877929688,130.64999389648438,127.6999969482422,127.87999725341795,125.85962677001952,MSFT
2018-05-15,4746100,325.94000244140625,326.94000244140625,322.42999267578125,326.1300048828125,326.1300048828125,NFLX
2019-04-17,19300900,121.23999786376952,121.8499984741211,120.54000091552734,121.7699966430664,119.8461685180664,MSFT
2019-11-13,67648300,36.650001525878906,37.959999084472656,36.58000183105469,37.52000045776367,37.52000045776367,AMD
2019-10-28,18870300,327.5400085449219,340.8399963378906,322.6000061035156,327.7099914550781,327.7099914550781,TSLA
2018-01-04,109503000,12.100000381469728,12.43000030517578,11.970000267028809,12.119999885559082,12.119999885559082,AMD
2018-08-15,6513300,112.76000213623048,113.73999786376952,112.25,113.4499969482422,106.85965728759766,PEP
2019-02-28,3072600,72.08000183105469,72.69999694824219,71.91999816894531,72.20999908447266,72.20999908447266,TMUS
2019-10-03,28606500,218.42999267578125,220.9600067138672,215.1300048828125,220.82000732421875,219.0447998046875,AAPL
2019-09-04,3201700,137.80999755859375,139.17999267578125,137.25,139.14999389648438,135.26344299316406,PEP
2018-04-30,5479900,101.8499984741211,102.38999938964844,100.58000183105467,100.94000244140624,94.20990753173828,PEP
2019-08-27,23102100,136.38999938964844,136.72000122070312,134.66000366210938,135.74000549316406,134.53648376464844,MSFT
2019-06-18,25934500,134.19000244140625,135.24000549316406,133.57000732421875,135.16000366210938,133.51702880859375,MSFT
2018-09-17,2757300,68.02999877929688,68.18000030517578,67.31999969482422,67.41999816894531,67.41999816894531,TMUS
2018-10-23,101763000,24.18000030517578,25.260000228881836,23.850000381469727,25.09000015258789,25.09000015258789,AMD
2019-05-02,27350200,127.9800033569336,128.0,125.5199966430664,126.20999908447266,124.2160186767578,MSFT
2019-06-27,4750900,132.25,132.44000244140625,131.3800048828125,131.69000244140625,128.0117950439453,PEP
2018-10-03,16737500,49.2599983215332,49.470001220703125,49.06999969482422,49.13999938964844,46.679874420166016,CSCO
2018-01-10,52561200,11.630000114440918,12.149999618530272,11.5600004196167,11.960000038146973,11.960000038146973,AMD
2019-11-11,43511100,35.959999084472656,36.65999984741211,35.58000183105469,36.310001373291016,36.310001373291016,AMD
2019-10-16,2763400,1773.3299560546875,1786.239990234375,1770.52001953125,1777.4300537109375,1777.4300537109375,AMZN
2018-05-03,23750200,44.0099983215332,44.810001373291016,43.439998626708984,44.439998626708984,41.88868713378906,CSCO
2018-05-11,4679600,307.70001220703125,308.8800048828125,299.0799865722656,301.05999755859375,301.05999755859375,TSLA
2018-01-09,21449800,39.790000915527344,39.959999084472656,39.540000915527344,39.689998626708984,37.113037109375,CSCO
2018-08-24,17234000,107.66999816894533,108.55999755859376,107.55999755859376,108.4000015258789,105.77674102783205,MSFT
2018-02-12,8534900,252.13999938964844,259.1499938964844,249.0,257.95001220703125,257.95001220703125,NFLX
2018-04-03,10231200,1391.3800048828125,1414.0,1355.3299560546875,1392.050048828125,1392.050048828125,AMZN
2019-02-08,21461100,104.38999938964844,105.77999877929688,104.26000213623048,105.66999816894533,103.55826568603516,MSFT
2018-06-28,48716800,14.850000381469728,15.359999656677246,14.75,15.3100004196167,15.3100004196167,AMD
2018-05-14,2509500,1604.0,1611.1800537109375,1600.050048828125,1601.5400390625,1601.5400390625,AMZN
2018-04-06,32208700,41.400001525878906,41.68000030517578,40.45000076293945,40.72999954223633,38.39168167114258,CSCO
2019-01-17,18826200,43.869998931884766,44.529998779296875,43.79999923706055,44.209999084472656,42.60799407958984,CSCO
2018-04-04,67356900,9.079999923706056,9.8100004196167,9.039999961853027,9.770000457763672,9.770000457763672,AMD
2019-08-30,9320600,229.1499938964844,232.44000244140625,224.2100067138672,225.61000061035156,225.61000061035156,TSLA
2019-05-08,1509900,305.29998779296875,307.6600036621094,303.1099853515625,303.3900146484375,303.3900146484375,AVGO
2018-10-05,3438100,106.25,107.01000213623048,105.9800033569336,106.48999786376952,101.13362884521484,PEP
2019-04-05,3905500,369.0,369.7999877929687,364.6600036621094,365.489990234375,365.489990234375,NFLX
2018-09-17,7050200,1954.72998046875,1956.8199462890625,1887.4100341796875,1908.030029296875,1908.030029296875,AMZN
2019-02-13,28325600,47.86000061035156,47.95000076293945,47.119998931884766,47.5,45.77878189086914,CSCO
2019-08-22,21515100,49.2400016784668,49.33000183105469,47.939998626708984,48.18000030517578,47.02302932739258,CSCO
2018-12-26,10411800,1368.8900146484375,1473.1600341796875,1363.010009765625,1470.9000244140625,1470.9000244140625,AMZN
2019-03-14,2946600,1691.199951171875,1702.0,1684.3399658203125,1686.219970703125,1686.219970703125,AMZN
2019-04-09,35768200,200.32000732421875,202.8500061035156,199.22999572753903,199.5,196.39083862304688,AAPL
2019-07-15,6189800,79.66999816894531,80.0,78.58999633789062,79.30999755859375,79.30999755859375,TMUS
2019-02-11,18914100,106.1999969482422,106.58000183105467,104.97000122070312,105.25,103.14664459228516,MSFT
2019-08-15,27227400,203.4600067138672,205.13999938964844,199.6699981689453,201.7400054931641,200.11819458007812,AAPL
2019-05-31,4191200,128.0,128.4499969482422,126.98999786376952,128.0,123.52050018310548,PEP
2019-04-17,5126500,274.75,274.7900085449219,268.5400085449219,271.2300109863281,271.2300109863281,TSLA
2018-07-26,4630500,304.8500061035156,310.70001220703125,303.6400146484375,306.6499938964844,306.6499938964844,TSLA
2019-10-01,37081800,29.049999237060547,29.540000915527344,28.63999938964844,28.760000228881836,28.760000228881836,AMD
2019-02-04,4929100,1623.0,1649.6300048828125,1613.5,1633.31005859375,1633.31005859375,AMZN
2018-05-18,2526200,239.86000061035156,240.6199951171875,235.8800048828125,235.9900054931641,235.9900054931641,AVGO
2019-01-29,4632800,1631.27001953125,1632.3800048828125,1590.719970703125,1593.8800048828125,1593.8800048828125,AMZN
2018-10-11,13935900,1724.0,1755.4000244140625,1685.0999755859375,1719.3599853515625,1719.3599853515625,AMZN
2019-07-09,20578000,199.1999969482422,201.5099945068359,198.80999755859375,201.2400054931641,198.86663818359375,AAPL
2019-05-03,24911100,127.36000061035156,129.42999267578125,127.25,128.89999389648438,126.86351776123048,MSFT
2019-07-26,10847500,328.7900085449219,336.0,327.5,335.7799987792969,335.7799987792969,NFLX
2018-10-26,7111300,64.55000305175781,65.55999755859375,64.27999877929688,65.11000061035156,65.11000061035156,TMUS
2018-07-25,7075400,296.739990234375,309.6199951171875,294.5,308.739990234375,308.739990234375,TSLA
2019-09-09,4802700,230.0,233.7599945068359,229.22999572753903,231.7899932861328,231.7899932861328,TSLA
2019-09-30,5879800,243.0,243.97999572753903,236.11000061035156,240.8699951171875,240.8699951171875,TSLA
2018-11-21,11023000,274.4200134277344,275.3399963378906,261.510009765625,262.1300048828125,262.1300048828125,NFLX
2019-05-23,23603800,126.1999969482422,126.29000091552734,124.73999786376952,126.18000030517578,124.6461944580078,MSFT
2018-10-18,3744200,235.42999267578125,236.82000732421875,226.52999877929688,228.02000427246097,228.02000427246097,AVGO
2018-03-16,49081300,94.68000030517578,95.37999725341795,93.91999816894533,94.5999984741211,91.55996704101562,MSFT
2019-08-02,5573300,127.0999984741211,128.82000732421875,126.5,127.91999816894533,124.34710693359376,PEP
2019-08-30,19248400,47.52000045776367,47.56999969482422,46.54999923706055,46.810001373291016,45.6859245300293,CSCO
2018-01-02,4165800,119.93000030517578,120.18000030517578,117.93000030517578,118.05999755859376,109.3800811767578,PEP
2018-11-26,83211000,19.959999084472656,20.190000534057617,19.11000061035156,20.079999923706055,20.079999923706055,AMD
2019-06-20,3847500,133.8699951171875,134.4499969482422,133.33999633789062,134.16000366210938,130.41282653808594,PEP
2018-10-17,17803400,45.88999938964844,46.22999954223633,45.220001220703125,45.939998626708984,43.93512344360352,CSCO
2019-10-25,2520000,137.77999877929688,137.9199981689453,136.22999572753906,136.63999938964844,133.74142456054688,PEP
2018-12-04,12800600,288.1300048828125,295.739990234375,274.7200012207031,275.3299865722656,275.3299865722656,NFLX
2019-10-14,5513200,283.92999267578125,286.92999267578125,282.0,285.5299987792969,285.5299987792969,NFLX
2019-09-18,2200400,80.20999908447266,80.55000305175781,79.58000183105469,80.12000274658203,80.12000274658203,TMUS
2019-11-22,16870600,340.1600036621094,341.0,330.0,333.0400085449219,333.0400085449219,TSLA
2019-11-14,2881500,77.37999725341797,77.81999969482422,76.48999786376953,76.83999633789062,76.83999633789062,TMUS
2019-08-27,1871900,77.69999694824219,78.0999984741211,77.0199966430664,77.12000274658203,77.12000274658203,TMUS
2018-07-31,6386000,226.67999267578125,228.83999633789065,221.5399932861328,221.77000427246097,221.77000427246097,AVGO
2019-07-10,5878800,382.7699890136719,384.3399963378906,362.6799926757813,381.0,381.0,NFLX
2019-02-04,31315100,102.87000274658205,105.8000030517578,102.7699966430664,105.73999786376952,103.6268539428711,MSFT
2018-10-23,38767800,215.8300018310547,223.25,214.6999969482422,222.72999572753903,217.5633544921875,AAPL
2019-04-04,16412100,55.369998931884766,55.68000030517578,54.86000061035156,55.13999938964844,53.478397369384766,CSCO
2018-09-25,24554400,219.75,222.82000732421875,219.6999969482422,222.19000244140625,217.035888671875,AAPL
2019-04-26,22360700,246.5,246.67999267578125,231.1300048828125,235.13999938964844,235.13999938964844,TSLA
2019-04-04,1522800,304.75,306.0,301.6700134277344,302.0,302.0,AVGO
2018-07-13,4383200,1803.9300537109375,1815.300048828125,1795.22998046875,1813.030029296875,1813.030029296875,AMZN
2018-11-12,6806200,1698.239990234375,1708.550048828125,1630.010009765625,1636.8499755859375,1636.8499755859375,AMZN
2019-01-16,17262500,44.119998931884766,44.2400016784668,43.7599983215332,43.959999084472656,42.36705017089844,CSCO
2018-09-12,16649400,46.86000061035156,47.0099983215332,46.439998626708984,46.88999938964844,44.54251480102539,CSCO
2019-04-18,27991000,122.19000244140624,123.5199966430664,121.3000030517578,123.37000274658205,121.42089080810548,MSFT
2018-10-04,34821700,114.61000061035156,114.76000213623048,111.62999725341795,112.79000091552734,110.0605010986328,MSFT
2018-10-31,6449500,113.48999786376952,113.48999786376952,111.19000244140624,112.37999725341795,106.72737121582033,PEP
2018-01-16,36599700,90.0999984741211,90.79000091552734,88.01000213623047,88.3499984741211,85.11100769042969,MSFT
2019-06-13,21674600,194.6999969482422,196.7899932861328,193.6000061035156,194.1499938964844,191.8602294921875,AAPL
2018-08-16,48648500,45.77000045776367,46.09000015258789,45.08000183105469,45.15999984741211,42.89912796020508,CSCO
2018-06-05,1787300,56.90999984741211,57.59000015258789,56.880001068115234,57.15999984741211,57.15999984741211,TMUS
2019-06-21,7448400,365.0,371.4500122070313,365.0,369.2099914550781,369.2099914550781,NFLX
2019-05-03,55503100,28.299999237060547,28.420000076293945,27.65999984741211,28.219999313354492,28.219999313354492,AMD
2018-02-13,32549200,161.9499969482422,164.75,161.64999389648438,164.33999633789062,159.35232543945312,AAPL
2019-11-14,65829500,37.5099983215332,38.5,37.36000061035156,38.349998474121094,38.349998474121094,AMD
2018-10-31,26023700,45.04999923706055,46.29999923706055,44.88999938964844,45.75,43.75341796875,CSCO
2019-03-28,3694700,121.88999938964844,122.47000122070312,121.58999633789062,121.83999633789062,117.5760726928711,PEP
2019-07-23,38532500,33.16999816894531,33.5,32.93000030517578,33.4900016784668,33.4900016784668,AMD
2018-01-23,2872400,64.0199966430664,64.80000305175781,63.65999984741211,64.52999877929688,64.52999877929688,TMUS
2018-04-05,26933200,172.5800018310547,174.22999572753906,172.0800018310547,172.8000030517578,167.55555725097656,AAPL
2019-09-26,7684000,266.4200134277344,268.04998779296875,260.20001220703125,263.30999755859375,263.30999755859375,NFLX
2018-08-31,65206400,24.88999938964844,25.239999771118164,24.719999313354492,25.170000076293945,25.170000076293945,AMD
2018-03-05,3781700,108.45999908447266,109.5999984741211,108.0199966430664,109.43000030517578,102.13384246826172,PEP
2018-01-18,24159700,89.80000305175781,90.66999816894533,89.66000366210938,90.0999984741211,86.79685974121094,MSFT
2018-11-08,11023900,328.0,332.04998779296875,316.6099853515625,317.9200134277344,317.9200134277344,NFLX
2018-06-04,18087700,43.5,43.83000183105469,43.209999084472656,43.58000183105469,41.07806396484375,CSCO
2019-01-07,7551200,321.7200012207031,336.739990234375,317.75,334.9599914550781,334.9599914550781,TSLA
2018-05-01,16865500,43.90999984741211,44.95000076293945,43.83000183105469,44.83000183105469,42.25630187988281,CSCO
2018-09-25,22668000,114.8000030517578,115.0999984741211,113.75,114.4499969482422,111.6803207397461,MSFT
2018-09-04,22634600,110.8499984741211,111.95999908447266,110.22000122070312,111.70999908447266,109.0066375732422,MSFT
2018-01-08,5730400,118.20999908447266,118.73999786376952,117.66999816894533,117.98999786376952,109.31522369384766,PEP
2018-03-22,4325500,108.4499969482422,109.66999816894533,107.8000030517578,107.94000244140624,100.7431869506836,PEP
2018-02-28,37782100,179.25999450683594,180.6199951171875,178.0500030517578,178.1199951171875,172.714111328125,AAPL
2019-12-27,18412800,159.4499969482422,159.5500030517578,158.22000122070312,158.9600067138672,158.08673095703125,MSFT
2019-11-15,32385000,45.06999969482422,45.650001525878906,44.810001373291016,45.09000015258789,44.34054183959961,CSCO
2018-01-29,17529700,274.20001220703125,286.80999755859375,273.9200134277344,284.5899963378906,284.5899963378906,NFLX
2019-02-26,21536700,111.26000213623048,113.23999786376952,111.16999816894533,112.36000061035156,110.58483123779295,MSFT
2018-03-27,6391700,248.0800018310547,254.25,241.6000061035156,244.3699951171875,244.3699951171875,AVGO
2018-03-15,66373900,11.43000030517578,11.550000190734863,11.1899995803833,11.460000038146973,11.460000038146973,AMD
2019-06-11,3553600,134.05999755859375,134.33999633789062,132.69000244140625,133.1999969482422,129.4796142578125,PEP
2018-02-05,51031500,90.55999755859376,93.23999786376952,88.0,88.0,84.77384185791016,MSFT
2018-07-27,8949500,366.8500061035156,367.0,351.6499938964844,355.2099914550781,355.2099914550781,NFLX
2019-07-05,3732200,378.2900085449219,381.3999938964844,375.55999755859375,380.5499877929687,380.5499877929687,NFLX
2018-12-31,35003500,158.52999877929688,159.36000061035156,156.47999572753906,157.74000549316406,154.61854553222656,AAPL
2019-02-12,2630700,69.0,69.66999816894531,68.5,69.5999984741211,69.5999984741211,TMUS
2018-11-06,3913400,114.02999877929688,115.3499984741211,113.86000061035156,115.20999908447266,109.4150161743164,PEP
2018-03-28,4174400,244.0800018310547,246.92999267578125,235.6000061035156,236.67999267578125,236.67999267578125,AVGO
2019-05-28,6196500,256.57000732421875,257.7300109863281,250.08999633789065,254.47999572753903,254.47999572753903,AVGO
2019-05-01,10704400,238.8500061035156,240.0,231.5,234.0099945068359,234.0099945068359,TSLA
2018-03-21,3867600,109.88999938964844,110.08000183105467,108.52999877929688,108.73999786376952,101.48985290527344,PEP
2019-10-15,21840000,236.38999938964844,237.6499938964844,234.8800048828125,235.32000732421875,233.42825317382812,AAPL
2018-05-24,2279900,240.86000061035156,244.36000061035156,240.0,243.52999877929688,243.52999877929688,AVGO
2018-02-07,6969200,338.989990234375,346.0,335.6600036621094,345.0,345.0,TSLA
2019-03-27,88585300,25.700000762939453,25.8799991607666,24.549999237060547,24.88999938964844,24.88999938964844,AMD
2018-05-25,18363900,98.3000030517578,98.9800033569336,97.86000061035156,98.36000061035156,95.61176300048828,MSFT
2018-09-07,10470300,224.1999969482422,235.41000366210935,224.0,232.5800018310547,232.5800018310547,AVGO
2018-01-03,2610800,63.88999938964844,64.12999725341797,63.25,63.61000061035156,63.61000061035156,TMUS
2019-06-20,21514000,200.3699951171875,200.61000061035156,198.02999877929688,199.4600067138672,197.1076202392578,AAPL
2019-10-07,39337200,28.899999618530273,29.6299991607666,28.84000015258789,28.93000030517578,28.93000030517578,AMD
2018-11-21,3274200,66.79000091552734,67.51000213623047,66.62999725341797,66.77999877929688,66.77999877929688,TMUS
2019-12-06,1693700,314.6400146484375,316.3399963378906,312.05999755859375,316.04998779296875,316.04998779296875,AVGO
2018-02-12,4759200,111.9000015258789,112.75,111.05999755859376,111.93000030517578,103.70077514648438,PEP
2019-01-28,26192100,155.7899932861328,156.3300018310547,153.66000366210938,156.3000030517578,153.20704650878906,AAPL
2018-12-18,5846200,113.22000122070312,113.52999877929688,110.75,111.83999633789062,107.0579071044922,PEP
2018-11-14,5040300,342.70001220703125,347.1099853515625,337.1499938964844,344.0,344.0,TSLA
2019-07-24,14991600,207.6699981689453,209.1499938964844,207.1699981689453,208.6699981689453,206.20901489257812,AAPL
2018-03-12,83748700,11.760000228881836,11.81999969482422,11.479999542236328,11.520000457763672,11.520000457763672,AMD
2019-11-25,45769500,39.5,40.16999816894531,39.4900016784668,39.790000915527344,39.790000915527344,AMD
2018-09-17,6887600,290.0400085449219,300.8699951171875,288.1300048828125,294.8399963378906,294.8399963378906,TSLA
2018-09-12,10015400,281.44000244140625,292.5,278.6499938964844,290.5400085449219,290.5400085449219,TSLA
2019-01-02,4835400,109.1500015258789,110.0199966430664,108.2300033569336,109.27999877929688,104.6073760986328,PEP
2018-07-13,40614100,16.68000030517578,16.690000534057617,16.219999313354492,16.270000457763672,16.270000457763672,AMD
2019-11-29,2978400,136.05999755859375,136.4199981689453,135.25999450683594,135.8300018310547,132.9486083984375,PEP
2018-09-24,118332600,31.1299991607666,32.650001525878906,30.90999984741211,32.61000061035156,32.61000061035156,AMD
2018-03-19,53308600,11.40999984741211,11.739999771118164,11.350000381469728,11.43000030517578,11.43000030517578,AMD
2018-01-22,22995100,41.20000076293945,41.65999984741211,41.02000045776367,41.65999984741211,38.95512771606445,CSCO
2018-01-10,18652200,87.86000061035156,88.19000244140625,87.41000366210938,87.81999969482422,84.60044860839844,MSFT
2018-07-23,2462100,59.130001068115234,59.22999954223633,58.31999969482422,58.36000061035156,58.36000061035156,TMUS
2018-02-02,5835200,236.77000427246097,237.9600067138672,234.08999633789065,235.47999572753903,235.47999572753903,AVGO
2019-02-19,5596100,116.8000030517578,116.97000122070312,115.1999969482422,115.93000030517578,110.97303009033205,PEP
2018-12-04,7018200,119.37000274658205,120.61000061035156,117.4499969482422,117.8000030517578,111.874755859375,PEP
2019-08-20,1856000,77.9800033569336,78.23999786376953,77.63999938964844,77.68000030517578,77.68000030517578,TMUS
2019-03-22,2330700,295.9200134277344,296.44000244140625,291.3999938964844,292.6499938964844,292.6499938964844,AVGO
2018-12-17,36610300,45.81999969482422,45.9900016784668,43.90999984741211,44.20000076293945,42.27106094360352,CSCO
2019-06-26,4393300,74.27999877929688,74.4000015258789,72.7699966430664,73.04000091552734,73.04000091552734,TMUS
2019-11-07,2674200,82.4000015258789,83.02999877929688,81.56999969482422,81.86000061035156,81.86000061035156,TMUS
2019-08-29,14733400,47.59000015258789,47.90999984741211,47.11000061035156,47.27000045776367,46.13488006591797,CSCO
2018-10-03,5798600,378.5299987792969,380.9299926757813,374.8800048828125,377.0499877929687,377.0499877929687,NFLX
2019-02-07,31741700,172.39999389648438,173.94000244140625,170.33999633789062,170.94000244140625,167.5573272705078,AAPL
2019-01-30,2318300,67.73999786376953,68.69000244140625,67.08999633789062,68.31999969482422,68.31999969482422,TMUS
2018-07-18,8083400,207.22000122070312,209.8800048828125,206.6300048828125,208.77999877929688,208.77999877929688,AVGO
2019-11-04,3055800,82.69999694824219,82.80999755859375,80.44999694824219,80.91999816894531,80.91999816894531,TMUS
2019-01-24,3599900,261.0899963378906,266.75,260.0,263.54998779296875,263.54998779296875,AVGO
2018-06-11,18308500,191.3500061035156,191.97000122070312,190.2100067138672,191.22999572753903,186.1412353515625,AAPL
2019-08-07,9322400,302.55999755859375,305.0,296.80999755859375,304.2900085449219,304.2900085449219,NFLX
2018-02-26,4472100,60.0,61.150001525878906,58.7400016784668,61.11000061035156,61.11000061035156,TMUS
2018-04-24,5695500,102.62000274658205,102.8499984741211,100.97000122070312,101.44000244140624,94.67658233642578,PEP
2019-01-08,8881400,1664.68994140625,1676.6099853515625,1616.6099853515625,1656.5799560546875,1656.5799560546875,AMZN
2018-07-20,3884400,1825.010009765625,1834.8399658203125,1810.06005859375,1813.699951171875,1813.699951171875,AMZN
2019-03-12,2773200,71.47000122070312,72.12999725341797,71.25,71.69999694824219,71.69999694824219,TMUS
2019-01-22,32371300,106.75,107.0999984741211,104.86000061035156,105.68000030517578,103.56806182861328,MSFT
2018-07-25,30702100,107.95999908447266,111.1500015258789,107.5999984741211,110.83000183105467,107.73334503173828,MSFT
2018-01-11,38354900,12.06999969482422,12.1899995803833,11.899999618530272,12.140000343322754,12.140000343322754,AMD
2018-08-16,69733700,19.86000061035156,20.06999969482422,19.25,19.329999923706055,19.329999923706055,AMD
2018-02-22,37886300,11.81999969482422,12.0,11.630000114440918,11.84000015258789,11.84000015258789,AMD
2019-09-06,20824500,140.02999877929688,140.17999267578125,138.1999969482422,139.10000610351562,137.86669921875,MSFT
2018-11-28,8458700,1613.9200439453125,1681.449951171875,1601.219970703125,1677.75,1677.75,AMZN
2018-03-20,2547800,63.31999969482422,64.11000061035156,62.689998626708984,62.779998779296875,62.779998779296875,TMUS
2019-04-01,2704000,303.1099853515625,306.75,299.75,305.7900085449219,305.7900085449219,AVGO
2019-04-15,2194500,73.70999908447266,73.86000061035156,73.19000244140625,73.79000091552734,73.79000091552734,TMUS
2019-04-08,10410400,277.69000244140625,281.1600036621094,270.44000244140625,273.20001220703125,273.20001220703125,TSLA
2019-02-26,4944600,362.9800109863281,365.7000122070313,359.3299865722656,364.9700012207031,364.9700012207031,NFLX
2018-08-09,14098900,43.88999938964844,44.11000061035156,43.70000076293945,43.779998779296875,41.58821487426758,CSCO
2019-09-16,5307400,294.2300109863281,297.42999267578125,289.7799987792969,294.2900085449219,294.2900085449219,NFLX
2018-01-23,32689100,177.3000030517578,179.44000244140625,176.82000732421875,177.0399932861328,170.9698028564453,AAPL
2018-01-17,3736500,265.4800109863281,266.5299987792969,260.4599914550781,265.80999755859375,265.80999755859375,AVGO
2019-07-17,42557900,34.0099983215332,34.29999923706055,33.4900016784668,33.599998474121094,33.599998474121094,AMD
2018-06-28,8398000,348.6600036621094,357.0199890136719,346.1099853515625,349.92999267578125,349.92999267578125,TSLA
2019-02-12,4858600,1604.0,1639.4000244140625,1598.8800048828125,1638.010009765625,1638.010009765625,AMZN
2019-11-29,11977300,152.10000610351562,152.3000030517578,151.27999877929688,151.3800048828125,150.54837036132812,MSFT
2018-04-24,5685300,285.0,287.0899963378906,278.4599914550781,283.4599914550781,283.4599914550781,TSLA
2019-07-24,1900600,301.20001220703125,304.8800048828125,300.5,303.7699890136719,303.7699890136719,AVGO
2018-03-16,5425000,1583.449951171875,1589.43994140625,1567.5,1571.6800537109375,1571.6800537109375,AMZN
2018-11-12,51135500,199.0,199.8500061035156,193.7899932861328,194.1699981689453,190.32762145996097,AAPL
2019-09-25,9427100,224.55999755859375,228.97999572753903,218.36000061035156,228.6999969482422,228.6999969482422,TSLA
2019-12-18,21921200,46.52000045776367,46.7599983215332,46.25,46.63999938964844,45.86478042602539,CSCO
2019-03-18,10281000,276.0,278.04998779296875,267.29998779296875,269.489990234375,269.489990234375,TSLA
2019-11-21,7488400,306.0,312.69000244140625,304.260009765625,311.69000244140625,311.69000244140625,NFLX
2018-11-07,37901700,109.44000244140624,112.23999786376952,109.4000015258789,111.95999908447266,109.2505874633789,MSFT
2018-05-22,15441200,97.68000030517578,98.16999816894533,97.1999969482422,97.5,94.77579498291016,MSFT
2018-06-19,5504400,105.48999786376952,106.68000030517578,105.22000122070312,105.95999908447266,99.80474853515624,PEP
2018-05-30,58186400,13.479999542236328,13.949999809265137,13.479999542236328,13.81999969482422,13.81999969482422,AMD
2018-08-08,5394700,352.2099914550781,352.2900085449219,346.6099853515625,347.6099853515625,347.6099853515625,NFLX
2019-06-05,29773400,184.27999877929688,184.9900054931641,181.13999938964844,182.5399932861328,180.38714599609375,AAPL
2019-12-04,17202200,44.52000045776367,44.54999923706055,43.86000061035156,43.88999938964844,43.16048812866211,CSCO
2019-11-11,915400,311.20001220703125,313.239990234375,310.8399963378906,312.75,312.75,AVGO
2019-08-06,5070300,1792.22998046875,1793.77001953125,1753.4000244140625,1787.8299560546875,1787.8299560546875,AMZN
2018-09-18,4081200,115.4800033569336,115.4800033569336,113.69000244140624,113.9800033569336,108.24689483642578,PEP
2018-02-07,55758400,11.699999809265137,11.899999618530272,11.529999732971191,11.600000381469728,11.600000381469728,AMD
2019-12-02,6074500,329.3999938964844,336.3800048828125,328.69000244140625,334.8699951171875,334.8699951171875,TSLA
2019-09-10,48604800,30.219999313354492,30.3799991607666,29.770000457763672,30.229999542236328,30.229999542236328,AMD
2019-04-15,1621600,317.0299987792969,317.5199890136719,313.1700134277344,316.3999938964844,316.3999938964844,AVGO
2019-06-06,20242200,204.44000244140625,211.0,201.8000030517578,205.9499969482422,205.9499969482422,TSLA
2018-06-11,15069000,43.619998931884766,43.91999816894531,43.439998626708984,43.689998626708984,41.18174362182617,CSCO
2018-08-09,13677200,109.70999908447266,110.16000366210938,109.5999984741211,109.66999816894533,106.60575103759766,MSFT
2019-09-18,25340000,221.05999755859375,222.8500061035156,219.44000244140625,222.77000427246097,220.97914123535156,AAPL
2019-10-08,23022400,47.5,47.540000915527344,46.349998474121094,46.38999938964844,45.618934631347656,CSCO
2018-11-19,3532600,236.52999877929688,241.0800018310547,228.5399932861328,229.1300048828125,229.1300048828125,AVGO
2019-04-12,27760700,199.1999969482422,200.13999938964844,196.2100067138672,198.8699951171875,195.77066040039065,AAPL
2018-04-16,6338500,299.0,299.6600036621094,289.010009765625,291.2099914550781,291.2099914550781,TSLA
2018-02-07,8981500,266.5799865722656,272.45001220703125,264.3299865722656,264.55999755859375,264.55999755859375,NFLX
2018-08-06,2263800,216.6300048828125,218.30999755859375,215.86000061035156,216.9499969482422,216.9499969482422,AVGO
2018-08-02,26104300,105.4000015258789,108.08999633789062,104.83999633789062,107.56999969482422,104.5644302368164,MSFT
2019-12-31,25201400,289.92999267578125,293.67999267578125,289.5199890136719,293.6499938964844,292.163818359375,AAPL
2018-06-12,16911100,191.38999938964844,192.61000061035156,191.1499938964844,192.27999877929688,187.16329956054688,AAPL
2018-01-08,63346000,12.010000228881836,12.300000190734863,11.850000381469728,12.279999732971191,12.279999732971191,AMD
2018-11-19,28370400,46.349998474121094,46.58000183105469,45.25,45.75,43.75341796875,CSCO
2019-07-23,5023100,256.7099914550781,260.4800109863281,254.5,260.1700134277344,260.1700134277344,TSLA
2019-12-18,24129200,154.3000030517578,155.47999572753906,154.17999267578125,154.3699951171875,153.52194213867188,MSFT
2018-08-24,3677700,111.87000274658205,112.52999877929688,111.8000030517578,112.1500015258789,105.63518524169922,PEP
2019-11-27,16308900,265.5799865722656,267.9800109863281,265.30999755859375,267.8399963378906,266.4844665527344,AAPL
2019-07-01,2226100,74.66999816894531,74.66999816894531,73.91999816894531,74.1500015258789,74.1500015258789,TMUS
2019-03-07,6151300,360.1600036621094,362.8599853515625,350.5,352.6000061035156,352.6000061035156,NFLX
2019-01-23,5197400,109.68000030517578,110.79000091552734,109.51000213623048,110.7300033569336,105.99537658691406,PEP
2019-02-20,1615000,283.25,286.6300048828125,282.2799987792969,283.4200134277344,283.4200134277344,AVGO
2018-06-20,4565900,60.650001525878906,60.72999954223633,60.06999969482422,60.34000015258789,60.34000015258789,TMUS
2018-09-11,5033600,1928.27001953125,1988.8800048828125,1917.0,1987.1500244140625,1987.1500244140625,AMZN
2019-04-17,7576000,72.72000122070312,74.30999755859375,71.30000305175781,72.45999908447266,72.45999908447266,TMUS
2018-08-23,18883200,214.6499938964844,217.0500030517578,214.6000061035156,215.4900054931641,210.49131774902344,AAPL
2019-10-18,5749800,260.70001220703125,262.79998779296875,255.1000061035156,256.95001220703125,256.95001220703125,TSLA
2018-08-07,18040500,43.29999923706055,43.63999938964844,43.2400016784668,43.58000183105469,41.39822769165039,CSCO
2019-07-29,9273300,227.08999633789065,235.94000244140625,226.02999877929688,235.77000427246097,235.77000427246097,TSLA
2019-01-09,4498600,68.6500015258789,68.66999816894531,67.12000274658203,67.72000122070312,67.72000122070312,TMUS
2019-01-23,23130600,154.14999389648438,155.13999938964844,151.6999969482422,153.9199981689453,150.87413024902344,AAPL
2019-02-07,4227700,112.81999969482422,113.16000366210938,112.16000366210938,113.08999633789062,108.25447082519533,PEP
2019-04-05,1887500,304.0,304.44000244140625,301.79998779296875,304.2799987792969,304.2799987792969,AVGO
2018-05-10,27989300,187.7400054931641,190.3699951171875,187.6499938964844,190.0399932861328,184.27232360839844,AAPL
2018-05-04,5130300,223.6499938964844,232.08999633789065,221.97999572753903,230.52000427246097,230.52000427246097,AVGO
2019-02-05,5001100,69.69999694824219,69.69999694824219,66.80000305175781,66.8499984741211,66.8499984741211,TMUS
2019-04-24,3517200,127.41000366210938,127.9800033569336,126.66999816894533,126.91999816894533,122.4782943725586,PEP
2018-05-09,3503100,235.8000030517578,239.1300048828125,234.0500030517578,238.0500030517578,238.0500030517578,AVGO
2018-03-15,4069700,1595.0,1596.9100341796875,1578.1099853515625,1582.3199462890625,1582.3199462890625,AMZN
2018-10-25,27054500,44.619998931884766,45.810001373291016,44.209999084472656,45.470001220703125,43.48563766479492,CSCO
2019-07-12,18936800,138.85000610351562,139.1300048828125,138.00999450683594,138.89999389648438,137.21156311035156,MSFT
2018-07-10,19293100,102.0,102.51000213623048,101.86000061035156,102.12000274658205,99.2667007446289,MSFT
2018-05-22,16381800,43.790000915527344,43.90999984741211,43.47999954223633,43.650001525878906,41.144046783447266,CSCO
2018-03-22,8063300,313.07000732421875,314.1199951171875,305.6600036621094,306.70001220703125,306.70001220703125,NFLX
2018-08-20,3676000,114.98999786376952,115.8499984741211,114.5999984741211,114.83999633789062,108.16890716552734,PEP
2018-07-02,17731300,183.82000732421875,187.3000030517578,183.4199981689453,187.17999267578125,182.19900512695312,AAPL
2019-05-09,34908600,200.3999938964844,201.67999267578125,196.66000366210935,200.72000122070312,197.59182739257812,AAPL
2019-06-11,23913700,133.8800048828125,134.24000549316406,131.27999877929688,132.10000610351562,130.49423217773438,MSFT
2018-09-14,4756400,368.5499877929687,371.0899963378906,363.4599914550781,364.55999755859375,364.55999755859375,NFLX
2018-08-31,23222700,111.69000244140624,112.77999877929688,111.5199966430664,112.33000183105467,109.61164093017578,MSFT
2018-08-17,18061500,107.36000061035156,107.9000015258789,106.69000244140624,107.58000183105467,104.9765853881836,MSFT
2018-08-17,60616600,19.1200008392334,19.81999969482422,18.729999542236328,19.770000457763672,19.770000457763672,AMD
2019-09-23,16450000,49.65999984741211,49.75,49.279998779296875,49.41999816894531,48.233245849609375,CSCO
2019-05-20,4621500,351.2300109863281,352.4200134277344,345.3999938964844,348.1099853515625,348.1099853515625,NFLX
2018-10-19,5109000,108.58999633789062,110.5999984741211,108.48999786376952,110.29000091552734,104.74250030517578,PEP
2019-07-11,15994600,57.369998931884766,57.619998931884766,56.91999816894531,57.29999923706055,55.92402267456055,CSCO
2019-03-15,18194200,115.68000030517578,116.52999877929688,115.37000274658205,115.66000366210938,111.61235809326172,PEP
2019-04-16,2111600,320.0,320.010009765625,316.1000061035156,318.5,318.5,AVGO
2019-12-06,3216900,136.6699981689453,137.69000244140625,136.33999633789062,137.36000061035156,135.3878631591797,PEP
2019-08-30,40307000,31.600000381469727,31.8700008392334,31.1299991607666,31.450000762939453,31.450000762939453,AMD
2018-08-06,14345800,42.72999954223633,43.40999984741211,42.65999984741211,43.29999923706055,41.13224411010742,CSCO
2018-01-10,23959900,173.16000366210938,174.3000030517578,173.0,174.2899932861328,168.31410217285156,AAPL
2018-05-17,48210400,43.130001068115234,44.15999984741211,43.02000045776367,43.459999084472656,40.96495056152344,CSCO
2018-05-23,6249900,99.93000030517578,100.5999984741211,99.61000061035156,100.4499969482422,93.7525863647461,PEP
2018-03-08,11340100,322.20001220703125,322.9200134277344,314.1300048828125,317.0,317.0,NFLX
2019-09-05,18434200,48.02000045776367,48.709999084472656,47.779998779296875,48.41999816894531,47.25726318359375,CSCO
2018-03-13,4590000,113.2699966430664,113.9000015258789,112.72000122070312,113.5999984741211,106.02581787109376,PEP
2018-07-03,3121600,59.68000030517578,59.86000061035156,58.90999984741211,59.13999938964844,59.13999938964844,TMUS
2018-05-18,17865800,96.01000213623048,96.93000030517578,96.01000213623048,96.36000061035156,93.66764068603516,MSFT
2019-12-13,2725400,74.97000122070312,75.54000091552734,74.6500015258789,75.47000122070312,75.47000122070312,TMUS
2019-07-19,16302500,323.3999938964844,325.8500061035156,314.2300109863281,315.1000061035156,315.1000061035156,NFLX
2019-10-18,32273500,139.75999450683594,140.0,136.55999755859375,137.41000366210938,136.19168090820312,MSFT
2018-12-10,28682000,46.29999923706055,47.130001068115234,45.81999969482422,46.86000061035156,44.81497573852539,CSCO
2019-12-10,21862400,43.849998474121094,44.18000030517578,43.79999923706055,44.099998474121094,43.36699676513672,CSCO
2019-11-19,94373000,40.13999938964844,41.790000915527344,39.689998626708984,41.290000915527344,41.290000915527344,AMD
2019-02-28,6186800,362.4700012207031,366.3900146484375,357.7099914550781,358.1000061035156,358.1000061035156,NFLX
2019-01-24,25441500,154.11000061035156,154.47999572753906,151.74000549316406,152.6999969482422,149.67825317382812,AAPL
2018-01-18,31193400,179.3699951171875,180.10000610351562,178.25,179.25999450683594,173.1136932373047,AAPL
2018-09-04,4576300,111.81999969482422,112.08999633789062,110.4499969482422,111.0,104.5519790649414,PEP
2018-11-26,2871400,234.22000122070312,238.1499938964844,231.5500030517578,235.30999755859375,235.30999755859375,AVGO
2019-08-19,24355700,137.85000610351562,138.5500030517578,136.88999938964844,138.41000366210938,137.18283081054688,MSFT
2019-10-03,1709600,270.0,274.5,267.2200012207031,274.42999267578125,274.42999267578125,AVGO
2018-11-06,9710400,314.760009765625,320.2200012207031,305.29998779296875,310.8399963378906,310.8399963378906,NFLX
2018-03-28,13705300,1447.0,1455.9000244140625,1386.1700439453125,1431.4200439453125,1431.4200439453125,AMZN
2019-05-06,10833900,250.02000427246097,258.3500061035156,248.5,255.33999633789065,255.33999633789065,TSLA
2019-08-05,6192800,128.35000610351562,129.14999389648438,123.87999725341795,124.4000015258789,120.92542266845705,PEP
2019-11-15,3941400,77.55999755859375,79.5,77.33000183105469,78.06999969482422,78.06999969482422,TMUS
2018-03-13,12917200,323.8699951171875,325.8399963378906,313.2799987792969,315.8800048828125,315.8800048828125,NFLX
2019-07-16,8149000,249.3000030517578,253.52999877929688,247.92999267578125,252.3800048828125,252.3800048828125,TSLA
2018-06-07,19722000,44.2400016784668,44.38999938964844,43.349998474121094,43.650001525878906,41.144046783447266,CSCO
2018-04-10,4254100,1431.989990234375,1438.3800048828125,1415.699951171875,1436.219970703125,1436.219970703125,AMZN
2019-08-12,106737000,34.15999984741211,34.650001525878906,32.08000183105469,32.43000030517578,32.43000030517578,AMD
2018-08-24,1945600,65.44999694824219,65.93000030517578,65.16999816894531,65.41000366210938,65.41000366210938,TMUS
2018-06-29,6492400,353.3299865722656,353.8599853515625,342.4100036621094,342.95001220703125,342.95001220703125,TSLA
2018-05-16,19183100,186.07000732421875,188.4600067138672,186.0,188.17999267578125,183.17237854003903,AAPL
2019-08-08,3702100,128.10000610351562,129.75,127.0,129.47000122070312,125.8538055419922,PEP
2019-06-19,23744400,135.0,135.92999267578125,133.80999755859375,135.69000244140625,134.0406036376953,MSFT
2019-01-15,3924700,252.7599945068359,262.2200012207031,252.0099945068359,256.489990234375,256.489990234375,AVGO
2018-10-10,5632700,242.92999267578125,245.07000732421875,231.63999938964844,231.8300018310547,231.8300018310547,AVGO
2018-05-17,4420600,285.8999938964844,289.19000244140625,283.9700012207031,284.5400085449219,284.5400085449219,TSLA
2019-07-09,19564000,56.369998931884766,56.689998626708984,56.040000915527344,56.34000015258789,54.98707580566406,CSCO
2019-08-19,4942200,306.25,311.75,304.75,309.3800048828125,309.3800048828125,NFLX
2019-04-15,10038600,268.6300048828125,268.8800048828125,258.6300048828125,266.3800048828125,266.3800048828125,TSLA
2018-01-12,25418100,176.17999267578125,177.36000061035156,175.64999389648438,177.08999633789062,171.0181121826172,AAPL
2018-04-30,6088800,311.07000732421875,317.8800048828125,310.1199951171875,312.4599914550781,312.4599914550781,NFLX
2019-01-28,6423300,292.9100036621094,297.4599914550781,287.75,296.3800048828125,296.3800048828125,TSLA
2018-10-12,3870600,67.2699966430664,68.5999984741211,66.83999633789062,68.37999725341797,68.37999725341797,TMUS
2018-01-11,18667700,174.58999633789062,175.49000549316406,174.49000549316406,175.27999877929688,169.27015686035156,AAPL
2018-01-29,66645400,13.130000114440918,13.470000267028809,13.050000190734863,13.31999969482422,13.31999969482422,AMD
2018-01-05,7033200,207.25,210.02000427246097,205.58999633789065,209.9900054931641,209.9900054931641,NFLX
2018-04-19,2826000,62.650001525878906,63.61000061035156,62.650001525878906,63.25,63.25,TMUS
2019-08-15,61129100,47.36000061035156,47.939998626708984,46.0,46.25,45.139373779296875,CSCO
2018-04-03,37213800,89.58000183105469,90.05000305175781,87.88999938964844,89.70999908447266,86.82710266113281,MSFT
2018-06-29,41527800,15.40999984741211,15.489999771118164,14.979999542236328,14.989999771118164,14.989999771118164,AMD
2019-08-28,11187600,46.529998779296875,46.959999084472656,46.2400016784668,46.869998931884766,45.744483947753906,CSCO
2018-10-18,5421200,269.2900085449219,271.0,263.0,263.9100036621094,263.9100036621094,TSLA
2018-09-17,180410600,31.75,33.22999954223633,31.600000381469727,32.43000030517578,32.43000030517578,AMD
2018-11-16,7206200,345.19000244140625,355.70001220703125,345.1199951171875,354.30999755859375,354.30999755859375,TSLA
2019-01-25,7249600,294.3900146484375,298.5199890136719,289.54998779296875,297.0400085449219,297.0400085449219,TSLA
2018-12-12,4889700,118.33999633789062,118.58999633789062,116.41000366210938,117.0,111.99728393554688,PEP
2018-06-18,104317400,16.18000030517578,17.34000015258789,16.1299991607666,17.110000610351562,17.110000610351562,AMD
2018-09-24,4843000,298.4800109863281,303.0,293.5799865722656,299.67999267578125,299.67999267578125,TSLA
2018-10-15,70523500,26.3799991607666,26.770000457763672,25.75,26.260000228881836,26.260000228881836,AMD
2019-04-12,3114400,1848.4000244140625,1851.5,1841.300048828125,1843.06005859375,1843.06005859375,AMZN
2018-06-27,4872200,1708.1099853515625,1711.949951171875,1660.0,1660.510009765625,1660.510009765625,AMZN
2018-11-30,5761800,1679.5,1696.0,1666.5,1690.1700439453125,1690.1700439453125,AMZN
2018-12-03,6112600,120.4800033569336,120.91000366210938,117.51000213623048,118.9800033569336,112.99539947509766,PEP
2018-04-18,2606400,63.08000183105469,63.36000061035156,62.59000015258789,62.900001525878906,62.900001525878906,TMUS
2019-02-13,5528000,114.11000061035156,114.7300033569336,113.62999725341795,114.12000274658205,109.24041748046876,PEP
2018-01-22,4140100,1297.1700439453125,1327.449951171875,1296.6600341796875,1327.31005859375,1327.31005859375,AMZN
2019-12-17,22510000,46.220001220703125,46.52000045776367,45.93000030517578,46.439998626708984,45.6681022644043,CSCO
2019-03-22,6363000,1810.1700439453125,1818.97998046875,1763.1099853515625,1764.77001953125,1764.77001953125,AMZN
2019-12-18,39083300,42.790000915527344,43.060001373291016,42.2400016784668,42.29999923706055,42.29999923706055,AMD
2019-08-08,2916300,270.3800048828125,272.55999755859375,262.5,270.9800109863281,270.9800109863281,AVGO
2018-12-20,119394500,18.11000061035156,18.86000061035156,17.34000015258789,17.940000534057617,17.940000534057617,AMD
2019-01-04,9182600,1530.0,1594.0,1518.31005859375,1575.3900146484375,1575.3900146484375,AMZN
2019-07-31,5757600,130.47999572753906,130.47999572753906,126.23999786376952,127.80999755859376,124.24017333984376,PEP
2018-11-14,36613500,45.459999084472656,45.63999938964844,44.08000183105469,44.33000183105469,42.395389556884766,CSCO
2018-03-05,22101700,43.91999816894531,44.77000045776367,43.70000076293945,44.52000045776367,41.62944030761719,CSCO
2018-11-21,20117400,44.95000076293945,45.18000030517578,44.400001525878906,44.88999938964844,42.93095016479492,CSCO
2019-01-16,4691700,344.7799987792969,352.0,343.5,346.04998779296875,346.04998779296875,TSLA
2018-06-07,28232200,102.6500015258789,102.69000244140624,100.37999725341795,100.87999725341795,98.06136322021484,MSFT
2019-02-19,3672800,72.01000213623047,72.86000061035156,71.76000213623047,72.5199966430664,72.5199966430664,TMUS
2019-03-14,23579500,183.8999938964844,184.1000061035156,182.55999755859375,183.72999572753903,180.8666076660156,AAPL
2018-03-01,6896300,109.20999908447266,109.87999725341795,107.23999786376952,108.12000274658205,100.91119384765624,PEP
2018-06-01,5424400,285.8599853515625,291.95001220703125,283.8399963378906,291.82000732421875,291.82000732421875,TSLA
2019-11-07,23735100,258.739990234375,260.3500061035156,258.1099853515625,259.42999267578125,258.11700439453125,AAPL
2018-10-03,190137200,29.040000915527344,29.219999313354492,26.540000915527344,28.43000030517578,28.43000030517578,AMD
2018-01-03,154066700,11.609999656677246,12.140000343322754,11.359999656677246,11.550000190734863,11.550000190734863,AMD
2019-02-14,1601500,280.6000061035156,282.8399963378906,278.95001220703125,281.5,281.5,AVGO
2019-07-24,11072800,259.1700134277344,266.07000732421875,258.1600036621094,264.8800048828125,264.8800048828125,TSLA
2018-04-18,5227500,1514.6500244140625,1533.800048828125,1504.1099853515625,1527.8399658203125,1527.8399658203125,AMZN
2019-05-21,4026400,350.95001220703125,356.42999267578125,349.92999267578125,354.2699890136719,354.2699890136719,NFLX
2018-04-03,54891600,9.630000114440918,9.770000457763672,9.300000190734863,9.550000190734863,9.550000190734863,AMD
2019-12-27,9945700,435.0,435.30999755859375,426.1099853515625,430.3800048828125,430.3800048828125,TSLA
2018-02-05,11495000,1402.6199951171875,1458.97998046875,1320.719970703125,1390.0,1390.0,AMZN
2018-04-02,48515400,90.47000122070312,90.87999725341795,87.51000213623047,88.5199966430664,85.67535400390625,MSFT
2019-10-03,2321600,76.5999984741211,77.41000366210938,76.0199966430664,77.02999877929688,77.02999877929688,TMUS
2019-02-22,52650700,24.049999237060547,24.36000061035156,23.8799991607666,24.36000061035156,24.36000061035156,AMD
2018-10-22,19195400,45.77000045776367,46.279998779296875,45.40999984741211,45.7599983215332,43.762977600097656,CSCO
2019-02-22,5740600,294.489990234375,296.5,292.1000061035156,294.7099914550781,294.7099914550781,TSLA
2018-04-11,24872100,92.01000213623048,93.29000091552734,91.4800033569336,91.86000061035156,88.90802001953125,MSFT
2019-11-19,3019100,134.64999389648438,135.05999755859375,134.07000732421875,134.57000732421875,131.71536254882812,PEP
2019-06-12,17084700,131.39999389648438,131.97000122070312,130.7100067138672,131.49000549316406,129.8916473388672,MSFT
2019-10-03,15915500,46.31999969482422,47.08000183105469,45.70000076293945,47.060001373291016,46.27779769897461,CSCO
2018-05-18,3577700,324.8999938964844,326.4200134277344,322.79998779296875,324.17999267578125,324.17999267578125,NFLX
2018-08-20,17914200,107.51000213623048,107.9000015258789,106.4800033569336,106.87000274658205,104.28378295898438,MSFT
2018-08-07,4777600,66.30999755859375,66.33999633789062,65.12999725341797,65.33000183105469,65.33000183105469,TMUS
2018-10-04,2566000,246.66000366210935,249.72999572753903,246.1999969482422,248.1699981689453,248.1699981689453,AVGO
2019-10-15,7685600,283.82000732421875,285.8699951171875,279.3999938964844,284.25,284.25,NFLX
2018-11-09,13480800,311.07000732421875,312.9800109863281,298.010009765625,303.4700012207031,303.4700012207031,NFLX
2018-03-08,5437700,110.02999877929688,112.12999725341795,109.58000183105467,112.08000183105467,104.6071548461914,PEP
2019-10-22,2141800,82.52999877929688,82.56999969482422,81.6500015258789,81.66999816894531,81.66999816894531,TMUS
2019-02-28,10520700,318.9200134277344,320.0,310.80999755859375,319.8800048828125,319.8800048828125,TSLA
2018-07-19,6324700,208.2899932861328,211.47999572753903,208.0399932861328,210.3699951171875,210.3699951171875,AVGO
2019-03-29,25399800,118.06999969482422,118.31999969482422,116.95999908447266,117.94000244140624,116.0766830444336,MSFT
2019-10-02,1954300,273.4599914550781,273.79998779296875,268.32000732421875,270.07000732421875,270.07000732421875,AVGO
2018-03-19,33446800,177.32000732421875,177.47000122070312,173.66000366210938,175.3000030517578,169.97970581054688,AAPL
2019-12-26,2934700,136.86000061035156,137.33999633789062,136.10000610351562,136.69000244140625,134.72747802734375,PEP
2019-08-22,2010900,78.30999755859375,78.41999816894531,77.51000213623047,77.79000091552734,77.79000091552734,TMUS
2018-02-06,55171600,38.33000183105469,40.310001373291016,37.349998474121094,40.16999816894531,37.56187057495117,CSCO
2019-05-02,18159300,245.52000427246097,247.1300048828125,237.72000122070312,244.1000061035156,244.1000061035156,TSLA
2018-04-05,19121100,289.3399963378906,306.260009765625,288.20001220703125,305.7200012207031,305.7200012207031,TSLA
2019-04-18,8353200,355.0,360.4100036621094,351.6400146484375,360.3500061035156,360.3500061035156,NFLX
2018-07-27,5703300,307.25,307.69000244140625,295.3399963378906,297.17999267578125,297.17999267578125,TSLA
2019-08-02,4956200,1845.0699462890625,1846.3599853515625,1808.02001953125,1823.239990234375,1823.239990234375,AMZN
2018-08-13,18113200,44.08000183105469,44.38999938964844,43.70000076293945,43.75,41.55971908569336,CSCO
2018-02-05,7077600,234.67999267578125,244.0,227.6000061035156,228.1000061035156,228.1000061035156,AVGO
2018-05-09,5633400,328.7900085449219,331.95001220703125,327.510009765625,330.29998779296875,330.29998779296875,NFLX
2018-05-15,24594000,97.23999786376952,97.8499984741211,96.33999633789062,97.31999969482422,94.19256591796876,MSFT
2018-02-06,68243800,154.8300018310547,163.72000122070312,154.0,163.02999877929688,157.44015502929688,AAPL
2019-11-04,5566200,288.0,295.3900146484375,287.1600036621094,292.8599853515625,292.8599853515625,NFLX
2019-12-19,3641700,136.22000122070312,136.74000549316406,135.9499969482422,136.47000122070312,134.51063537597656,PEP
2018-01-12,4335500,116.9499969482422,118.01000213623048,116.8499984741211,117.37999725341795,108.75006866455078,PEP
2019-07-03,11362000,203.27999877929688,204.44000244140625,202.69000244140625,204.41000366210935,201.99923706054688,AAPL
2019-09-06,4189400,227.1999969482422,229.63999938964844,225.1699981689453,227.4499969482422,227.4499969482422,TSLA
2019-04-15,15792600,120.94000244140624,121.58000183105467,120.56999969482422,121.0500030517578,119.13754272460938,MSFT
2018-01-11,17808900,88.12999725341797,88.12999725341797,87.23999786376953,88.08000183105469,84.85090637207031,MSFT
2019-05-13,5783400,1836.56005859375,1846.5400390625,1818.0,1822.6800537109375,1822.6800537109375,AMZN
2019-03-26,75754100,26.690000534057617,26.979999542236328,25.459999084472656,25.690000534057617,25.690000534057617,AMD
2019-02-12,10429400,348.0899963378906,360.0,346.5199890136719,359.9700012207031,359.9700012207031,NFLX
2019-03-05,35462600,23.34000015258789,23.68000030517578,23.010000228881836,23.5,23.5,AMD
2018-01-12,23770500,40.220001220703125,40.93000030517578,40.04999923706055,40.869998931884766,38.21641540527344,CSCO
2019-02-11,60578700,23.049999237060547,23.280000686645508,22.65999984741211,22.959999084472656,22.959999084472656,AMD
2018-02-12,6738900,1364.6700439453125,1393.81005859375,1344.010009765625,1386.22998046875,1386.22998046875,AMZN
2019-04-15,17536600,198.5800018310547,199.8500061035156,198.0099945068359,199.22999572753903,196.1250457763672,AAPL
2018-08-28,19151500,109.94000244140624,110.5,109.79000091552734,110.26000213623048,107.59174346923828,MSFT
2019-01-02,7983100,1465.199951171875,1553.3599853515625,1460.9300537109375,1539.1300048828125,1539.1300048828125,AMZN
2018-06-12,1968600,57.90999984741211,58.22999954223633,57.7599983215332,58.09000015258789,58.09000015258789,TMUS
2019-12-13,7095200,318.05999755859375,319.7699890136719,310.6199951171875,315.4200134277344,315.4200134277344,AVGO
2019-01-17,3676700,346.2099914550781,351.5,344.1499938964844,347.30999755859375,347.30999755859375,TSLA
2019-02-20,26114400,171.19000244140625,173.32000732421875,170.99000549316406,172.02999877929688,169.34896850585938,AAPL
2019-09-03,2221000,280.0,280.8500061035156,270.92999267578125,274.04998779296875,274.04998779296875,AVGO
2018-02-02,3704800,348.44000244140625,351.95001220703125,340.510009765625,343.75,343.75,TSLA
2019-09-05,4994600,138.8000030517578,138.8000030517578,135.5500030517578,135.97999572753906,133.09542846679688,PEP
2019-06-27,6339700,219.4499969482422,222.8999938964844,217.3500061035156,222.83999633789065,222.83999633789065,TSLA
2019-10-15,19695700,140.05999755859375,141.7899932861328,139.80999755859375,141.57000732421875,140.31480407714844,MSFT
2018-05-18,7251900,284.6499938964844,284.6499938964844,274.0,276.82000732421875,276.82000732421875,TSLA
2019-12-26,11091700,47.779998779296875,48.0,47.650001525878906,47.849998474121094,47.05466842651367,CSCO
2018-01-30,2017700,64.80000305175781,64.97000122070312,64.38999938964844,64.76000213623047,64.76000213623047,TMUS
2018-12-27,53117100,155.83999633789062,156.77000427246094,150.07000732421875,156.14999389648438,153.05999755859375,AAPL
2018-10-08,3994100,106.36000061035156,108.33999633789062,106.30999755859376,108.19000244140624,102.74813079833984,PEP
2018-11-06,144995700,19.5,21.649999618530273,19.479999542236328,20.68000030517578,20.68000030517578,AMD
2019-07-19,44617700,33.08000183105469,33.349998474121094,32.45000076293945,32.5099983215332,32.5099983215332,AMD
2019-07-16,5863200,370.0899963378906,371.3399963378906,364.9200134277344,365.989990234375,365.989990234375,NFLX
2019-11-21,19868800,45.130001068115234,45.150001525878906,44.689998626708984,44.84000015258789,44.094696044921875,CSCO
2018-08-07,3377500,1854.530029296875,1869.719970703125,1846.27001953125,1862.47998046875,1862.47998046875,AMZN
2019-05-01,1815800,320.5,323.20001220703125,318.69000244140625,318.8999938964844,318.8999938964844,AVGO
2019-08-08,3701200,1806.0,1834.260009765625,1798.1099853515625,1832.8900146484375,1832.8900146484375,AMZN
2018-10-30,36660000,211.1499938964844,215.17999267578125,209.27000427246097,213.3000030517578,208.35211181640625,AAPL
2018-09-05,3719400,219.9499969482422,221.8000030517578,219.5800018310547,221.4199981689453,221.4199981689453,AVGO
2019-09-09,8232700,294.80999755859375,301.54998779296875,290.6000061035156,294.3399963378906,294.3399963378906,NFLX
2018-10-10,41990600,225.4600067138672,226.3500061035156,216.0500030517578,216.36000061035156,211.3411102294922,AAPL
2019-03-26,17742700,53.189998626708984,53.4900016784668,53.0,53.22999954223633,51.301143646240234,CSCO
2018-06-20,26180800,101.37000274658205,102.5199966430664,101.12000274658205,101.87000274658205,99.02369689941406,MSFT
2018-12-10,6613500,360.0,365.9800109863281,353.1199951171875,365.1499938964844,365.1499938964844,TSLA
2019-11-22,56931900,39.36000061035156,39.88999938964844,38.189998626708984,39.150001525878906,39.150001525878906,AMD
2018-06-21,7967100,362.0,366.2099914550781,346.2699890136719,347.510009765625,347.510009765625,TSLA
2019-11-20,25696800,150.30999755859375,150.83999633789062,148.4600067138672,149.6199951171875,148.7980194091797,MSFT
2019-12-24,2019300,334.010009765625,335.70001220703125,331.6000061035156,333.20001220703125,333.20001220703125,NFLX
2018-10-31,51062400,105.44000244140624,108.13999938964844,105.38999938964844,106.80999755859376,104.22521209716795,MSFT
2019-04-29,2631300,72.94000244140625,73.81999969482422,72.5,73.5999984741211,73.5999984741211,TMUS
2018-03-14,3283600,65.2300033569336,65.63999938964844,64.5,64.77999877929688,64.77999877929688,TMUS
2019-03-21,2329200,72.08000183105469,72.73999786376953,71.98999786376953,72.26000213623047,72.26000213623047,TMUS
2019-05-17,4725400,356.3900146484375,359.6199951171875,353.7900085449219,354.45001220703125,354.45001220703125,NFLX
2019-03-06,3996000,1695.969970703125,1697.75,1668.280029296875,1668.949951171875,1668.949951171875,AMZN
2018-09-10,162253800,28.149999618530273,29.93000030517578,27.84000015258789,29.88999938964844,29.88999938964844,AMD
2019-04-03,197650500,28.020000457763672,29.950000762939453,27.8799991607666,29.020000457763672,29.020000457763672,AMD
2018-04-02,36791800,42.52000045776367,42.630001068115234,40.529998779296875,41.0099983215332,38.34733200073242,CSCO
2019-12-12,34327600,267.7799987792969,272.55999755859375,267.32000732421875,271.4599914550781,270.0861511230469,AAPL
2018-05-15,24753600,45.209999084472656,45.54999923706055,44.93000030517578,45.47999954223633,42.86898422241211,CSCO
2019-06-25,2593900,75.47000122070312,75.5,74.44999694824219,74.58000183105469,74.58000183105469,TMUS
2019-10-14,1331200,280.4200134277344,282.6499938964844,279.8800048828125,281.6600036621094,281.6600036621094,AVGO
2019-10-30,2653400,135.86000061035156,137.2899932861328,135.41000366210938,136.89999389648438,133.9959259033203,PEP
2019-10-24,1884900,81.25,81.62999725341797,81.0199966430664,81.4800033569336,81.4800033569336,TMUS
2019-12-18,5370500,137.0500030517578,137.3000030517578,135.6300048828125,135.97000122070312,134.01780700683594,PEP
2019-08-23,38508600,137.19000244140625,138.35000610351562,132.8000030517578,133.38999938964844,132.2073211669922,MSFT
2019-12-24,881300,1793.81005859375,1795.5699462890625,1787.5799560546875,1789.2099609375,1789.2099609375,AMZN
2018-10-30,23685700,275.57000732421875,290.5199890136719,271.2099914550781,285.80999755859375,285.80999755859375,NFLX
2019-10-23,2095700,282.9599914550781,283.5400085449219,278.760009765625,280.32000732421875,280.32000732421875,AVGO
2018-02-06,67998600,86.88999938964844,91.4800033569336,85.25,91.33000183105467,87.98175048828125,MSFT
2018-02-05,4464100,337.9700012207031,344.4700012207031,333.0,333.1300048828125,333.1300048828125,TSLA
2019-01-14,5804600,107.8499984741211,107.95999908447266,106.95999908447266,107.31999969482422,102.73118591308594,PEP
2018-01-30,91236400,13.119999885559082,13.270000457763672,12.6899995803833,12.869999885559082,12.869999885559082,AMD
2019-10-16,18475800,233.3699951171875,235.2400054931641,233.1999969482422,234.3699951171875,232.48587036132812,AAPL
2018-08-29,2403200,111.3000030517578,112.12000274658205,111.22000122070312,112.0500030517578,105.54098510742188,PEP
2018-12-13,3209600,66.20999908447266,66.8499984741211,65.47000122070312,66.36000061035156,66.36000061035156,TMUS
2018-01-23,27705300,255.0500030517578,257.7099914550781,248.02000427246097,250.2899932861328,250.2899932861328,NFLX
2019-04-11,9835900,268.29998779296875,270.5,265.6000061035156,268.4200134277344,268.4200134277344,TSLA
2018-02-16,5642600,332.5,343.1199951171875,331.6400146484375,335.489990234375,335.489990234375,TSLA
2018-10-17,89466900,28.40999984741211,28.530000686645508,26.920000076293945,27.299999237060547,27.299999237060547,AMD
2019-06-27,16557500,134.13999938964844,134.7100067138672,133.50999450683594,134.14999389648438,132.519287109375,MSFT
2018-03-06,3791900,63.29999923706055,63.90999984741211,62.650001525878906,63.560001373291016,63.560001373291016,TMUS
2018-01-04,21912000,86.58999633789062,87.66000366210938,86.56999969482422,87.11000061035156,83.91647338867188,MSFT
2018-10-16,20156400,337.239990234375,347.95001220703125,330.55999755859375,346.3999938964844,346.3999938964844,NFLX
2018-02-26,2887800,251.9600067138672,254.44000244140625,251.0,252.9499969482422,252.9499969482422,AVGO
2019-08-07,3492700,76.48999786376953,76.80000305175781,75.2699966430664,76.4800033569336,76.4800033569336,TMUS
2019-03-21,4305600,118.01000213623048,119.66999816894533,118.01000213623048,119.44000244140624,115.26006317138672,PEP
2019-06-04,7891600,345.0,353.6099853515625,343.25,353.3999938964844,353.3999938964844,NFLX
2019-05-08,6572000,367.9200134277344,369.0,361.3599853515625,364.3699951171875,364.3699951171875,NFLX
2019-10-04,9890400,268.20001220703125,275.4800109863281,266.4700012207031,272.7900085449219,272.7900085449219,NFLX
2019-07-26,10027700,226.9199981689453,230.2599945068359,222.25,228.0399932861328,228.0399932861328,TSLA
2018-02-23,4079700,59.38999938964844,60.08000183105469,58.63999938964844,60.060001373291016,60.060001373291016,TMUS
2018-04-23,2649300,63.150001525878906,63.36000061035156,62.150001525878906,62.290000915527344,62.290000915527344,TMUS
2019-04-16,7272900,265.75,275.0,264.7200012207031,273.3599853515625,273.3599853515625,TSLA
2018-05-17,4935700,327.5299987792969,330.45001220703125,323.1700134277344,325.2200012207031,325.2200012207031,NFLX
2019-03-07,25339000,111.4000015258789,111.5500030517578,109.87000274658205,110.38999938964844,108.64595794677734,MSFT
2018-04-20,31154400,95.91000366210938,96.11000061035156,94.0500030517578,95.0,91.94710540771484,MSFT
2019-06-05,5020100,354.3800048828125,357.8800048828125,348.7099914550781,355.7300109863281,355.7300109863281,NFLX
2019-01-14,10499600,334.239990234375,335.4800109863281,329.1300048828125,332.94000244140625,332.94000244140625,NFLX
2019-11-25,22420900,150.0,151.35000610351562,149.9199981689453,151.22999572753906,150.39918518066406,MSFT
2019-07-05,17265500,203.3500061035156,205.0800018310547,202.8999938964844,204.22999572753903,201.82135009765625,AAPL
2019-06-03,7849600,343.55999755859375,347.6600036621094,332.6499938964844,336.6300048828125,336.6300048828125,NFLX
2018-07-19,20286800,189.69000244140625,192.5500030517578,189.69000244140625,191.8800048828125,186.77395629882812,AAPL
2019-12-04,16795400,261.07000732421875,263.30999755859375,260.67999267578125,261.739990234375,260.41534423828125,AAPL
2018-02-02,47867800,93.63999938964844,93.97000122070312,91.5,91.77999877929688,88.4152603149414,MSFT
2018-07-18,20364000,42.2400016784668,42.470001220703125,42.150001525878906,42.209999084472656,40.0968132019043,CSCO
2018-05-23,2345400,236.22999572753903,240.6300048828125,236.02999877929688,240.55999755859375,240.55999755859375,AVGO
2018-11-16,3600500,233.82000732421875,239.1999969482422,231.6499938964844,237.61000061035156,237.61000061035156,AVGO
2018-03-12,8264000,328.6099853515625,347.2099914550781,326.5,345.510009765625,345.510009765625,TSLA
2019-07-17,13639500,366.25,366.5,361.75,362.44000244140625,362.44000244140625,NFLX
2018-04-23,8968000,329.1499938964844,331.2200012207031,317.0799865722656,318.69000244140625,318.69000244140625,NFLX
2018-11-01,4194700,68.95999908447266,69.5999984741211,68.61000061035156,68.87999725341797,68.87999725341797,TMUS
2018-02-07,7162700,1449.0,1460.989990234375,1415.1500244140625,1416.780029296875,1416.780029296875,AMZN
2019-06-14,10079700,258.1099853515625,268.0899963378906,257.4700012207031,265.92999267578125,265.92999267578125,AVGO
2019-05-14,25266300,123.87000274658205,125.87999725341795,123.6999969482422,124.7300033569336,122.75940704345705,MSFT
2018-02-07,32690800,40.310001373291016,41.209999084472656,40.029998779296875,40.34000015258789,37.72083282470703,CSCO
2019-07-12,63068400,78.19999694824219,79.7300033569336,78.01000213623047,79.44999694824219,79.44999694824219,TMUS
2019-10-14,10205000,247.8999938964844,258.54998779296875,247.1300048828125,256.9599914550781,256.9599914550781,TSLA
2019-12-18,3515500,324.3999938964844,331.20001220703125,323.54998779296875,327.44000244140625,327.44000244140625,AVGO
2018-05-23,2770600,56.939998626708984,57.279998779296875,56.459999084472656,57.02000045776367,57.02000045776367,TMUS
2018-09-04,192541300,25.6200008392334,28.11000061035156,25.56999969482422,28.059999465942383,28.059999465942383,AMD
2019-12-17,3603800,75.44999694824219,75.69999694824219,75.0199966430664,75.48999786376953,75.48999786376953,TMUS
2018-01-18,6221800,119.08999633789062,119.62000274658205,118.6500015258789,119.0500030517578,110.29730224609376,PEP
2019-01-09,32280800,103.86000061035156,104.87999725341795,103.23999786376952,104.2699966430664,102.18622589111328,MSFT
2019-01-31,40739600,166.11000061035156,169.0,164.55999755859375,166.44000244140625,163.1463623046875,AAPL
2018-07-05,2529900,241.7899932861328,245.61000061035156,240.67999267578125,245.3999938964844,245.3999938964844,AVGO
2019-04-18,5876300,271.2300109863281,274.8399963378906,269.75,273.260009765625,273.260009765625,TSLA
2019-04-18,2749900,1868.7900390625,1870.8199462890625,1859.47998046875,1861.68994140625,1861.68994140625,AMZN
2019-10-22,15067100,47.5,47.88999938964844,47.400001525878906,47.54999923706055,46.7596549987793,CSCO
2018-10-10,61376300,111.23999786376952,111.5,105.79000091552734,106.16000366210938,103.59095764160156,MSFT
2019-09-17,17814200,136.9600067138672,137.52000427246094,136.42999267578125,137.38999938964844,136.171875,MSFT
2019-09-05,8966800,285.32000732421875,293.9700012207031,282.7900085449219,293.25,293.25,NFLX
2019-10-09,35661500,28.799999237060547,28.950000762939453,28.350000381469727,28.459999084472656,28.459999084472656,AMD
2018-02-07,4931400,113.97000122070312,115.7699966430664,112.75,113.5,105.15534210205078,PEP
2018-02-13,5274700,112.0,112.66999816894533,110.68000030517578,112.13999938964844,103.89533996582033,PEP
2018-11-27,11149500,259.239990234375,269.0799865722656,256.1400146484375,266.6300048828125,266.6300048828125,NFLX
2018-12-27,5175900,107.7699966430664,109.47000122070312,106.02999877929688,109.41999816894533,104.74137878417967,PEP
2019-10-03,8951000,267.7799987792969,268.8399963378906,257.010009765625,268.1499938964844,268.1499938964844,NFLX
2019-07-18,3504300,1980.010009765625,1987.5,1951.550048828125,1977.9000244140625,1977.9000244140625,AMZN
2018-11-13,3609900,117.75,117.75,116.20999908447266,117.13999938964844,111.24794006347656,PEP
2018-01-29,50640400,170.16000366210938,170.16000366210938,167.07000732421875,167.9600067138672,162.20114135742188,AAPL
2019-10-07,8064200,229.8000030517578,238.55999755859375,228.5500030517578,237.72000122070312,237.72000122070312,TSLA
2018-05-21,21785900,43.4900016784668,43.939998626708984,43.41999816894531,43.75,41.23830032348633,CSCO
2019-08-05,8692500,310.9599914550781,313.4200134277344,304.67999267578125,307.6300048828125,307.6300048828125,NFLX
2018-04-06,11444800,289.1000061035156,298.8500061035156,285.6499938964844,288.8500061035156,288.8500061035156,NFLX
2018-12-26,33335900,40.68000030517578,42.5,40.400001525878906,42.470001220703125,40.61655807495117,CSCO
2018-11-08,21002000,47.869998931884766,48.439998626708984,47.869998931884766,48.439998626708984,46.32602310180664,CSCO
2019-12-31,14892600,47.540000915527344,47.97999954223633,47.40999984741211,47.959999084472656,47.162841796875,CSCO
2018-01-22,2390300,63.75,63.9900016784668,63.47999954223633,63.939998626708984,63.939998626708984,TMUS
2019-02-25,23750600,111.76000213623048,112.18000030517578,111.26000213623048,111.58999633789062,109.82699584960938,MSFT
2019-10-31,67881600,32.97999954223633,34.34000015258789,32.81999969482422,33.93000030517578,33.93000030517578,AMD
2018-06-22,5709400,107.23999786376952,108.66999816894533,107.13999938964844,108.37000274658205,102.07476043701172,PEP
2018-09-04,8350500,296.94000244140625,298.19000244140625,288.0,288.95001220703125,288.95001220703125,TSLA
2019-07-12,17595200,202.4499969482422,204.0,202.1999969482422,203.3000030517578,200.90234375,AAPL
2018-05-24,47785700,13.0600004196167,13.43000030517578,13.029999732971191,13.40999984741211,13.40999984741211,AMD
2018-12-27,3750700,245.0,251.22999572753903,242.13999938964844,250.8500061035156,250.8500061035156,AVGO
2018-03-14,3961900,262.0,262.3399963378906,255.1499938964844,260.5899963378906,260.5899963378906,AVGO
2019-06-25,6182100,224.38999938964844,225.33999633789065,219.4900054931641,219.7599945068359,219.7599945068359,TSLA
2018-03-06,4285700,333.75,336.3699951171875,327.0299987792969,328.20001220703125,328.20001220703125,TSLA
2019-06-10,2957900,133.17999267578125,133.67999267578125,132.36000061035156,133.58999633789062,129.8587188720703,PEP
2019-09-10,2254200,78.77999877929688,78.77999877929688,77.94000244140625,78.37999725341797,78.37999725341797,TMUS
2019-07-05,18141100,135.94000244140625,137.3300018310547,135.72000122070312,137.05999755859375,135.39393615722656,MSFT
2019-04-11,1666900,308.1499938964844,310.19000244140625,306.2300109863281,309.4100036621094,309.4100036621094,AVGO
2019-02-28,30708500,51.54999923706055,51.959999084472656,51.349998474121094,51.77000045776367,49.89405059814453,CSCO
2019-10-11,25153600,46.66999816894531,47.29999923706055,46.459999084472656,46.560001373291016,45.786109924316406,CSCO
2019-01-23,12530000,292.5,294.5,281.69000244140625,287.5899963378906,287.5899963378906,TSLA
2018-11-07,8192200,1673.0,1759.22998046875,1664.0799560546875,1755.489990234375,1755.489990234375,AMZN
2018-03-01,37135600,93.98999786376952,94.56999969482422,91.83999633789062,92.8499984741211,89.8662109375,MSFT
2019-05-13,33944900,124.11000061035156,125.5500030517578,123.04000091552734,123.3499984741211,121.40119934082033,MSFT
2019-06-11,26932900,194.86000061035156,196.0,193.6000061035156,194.80999755859375,192.512451171875,AAPL
2019-01-15,28710900,150.27000427246094,153.38999938964844,150.0500030517578,153.07000732421875,150.0409698486328,AAPL
2018-07-10,20224600,42.869998931884766,43.040000915527344,42.709999084472656,42.86000061035156,40.71427154541016,CSCO
2018-08-14,15981300,43.84000015258789,44.279998779296875,43.58000183105469,44.0,41.79719924926758,CSCO
2018-01-04,22434600,172.5399932861328,173.47000122070312,172.0800018310547,173.02999877929688,167.0972900390625,AAPL
2018-02-27,4245400,61.040000915527344,61.16999816894531,59.93000030517578,59.939998626708984,59.939998626708984,TMUS
2018-06-18,3019100,269.0,269.0,264.2300109863281,264.5,264.5,AVGO
2019-10-10,6283300,245.27999877929688,249.27999877929688,241.5800018310547,244.7400054931641,244.7400054931641,TSLA
2018-08-17,3909300,207.97000122070312,211.19000244140625,205.5099945068359,209.27000427246097,209.27000427246097,AVGO
2019-09-19,1942100,288.5,291.95001220703125,287.2300109863281,290.6400146484375,290.6400146484375,AVGO
2018-09-11,6075500,237.6999969482422,239.6999969482422,230.3999938964844,232.5500030517578,232.5500030517578,AVGO
2018-06-13,3486800,261.760009765625,266.07000732421875,260.7099914550781,263.5799865722656,263.5799865722656,AVGO
2019-01-14,5247300,342.3800048828125,342.5,334.0,334.3999938964844,334.3999938964844,TSLA
2019-05-24,2702700,130.3300018310547,130.47999572753906,128.9600067138672,129.5,124.96800231933594,PEP
2019-07-25,15127200,57.36000061035156,57.5,56.369998931884766,56.619998931884766,55.260353088378906,CSCO
2019-04-10,7061300,276.739990234375,278.3800048828125,272.8900146484375,276.05999755859375,276.05999755859375,TSLA
2018-04-11,29169300,9.869999885559082,10.029999732971191,9.789999961853027,9.81999969482422,9.81999969482422,AMD
2018-09-18,4268700,1918.6500244140625,1958.199951171875,1915.43994140625,1941.050048828125,1941.050048828125,AMZN
2019-06-10,16871000,56.13999938964844,56.650001525878906,55.959999084472656,56.41999816894531,54.719818115234375,CSCO
2019-05-17,17786700,221.9600067138672,222.2400054931641,208.9199981689453,211.02999877929688,211.02999877929688,TSLA
2019-11-18,2839500,1738.300048828125,1753.699951171875,1722.7099609375,1752.530029296875,1752.530029296875,AMZN
2019-08-16,24449100,134.8800048828125,136.4600067138672,134.72000122070312,136.1300048828125,134.9230499267578,MSFT
2018-08-06,20265900,108.12000274658205,108.41999816894533,107.55999755859376,108.12999725341795,105.1087875366211,MSFT
2019-02-26,4074600,116.37000274658205,116.5,115.43000030517578,115.97000122070312,111.01132202148438,PEP
2019-09-20,39167300,141.00999450683594,141.64999389648438,138.25,139.44000244140625,138.2036895751953,MSFT
2018-10-08,29640600,111.66000366210938,112.02999877929688,109.33999633789062,110.8499984741211,108.16744995117188,MSFT
2018-01-31,11695100,281.94000244140625,282.2900085449219,269.5799865722656,270.29998779296875,270.29998779296875,NFLX
2019-01-30,5783800,1623.0,1676.949951171875,1619.6800537109375,1670.4300537109375,1670.4300537109375,AMZN
2018-06-18,5964400,107.01000213623048,107.20999908447266,104.83000183105467,105.37999725341795,99.2584457397461,PEP
2019-06-24,2283000,1912.6600341796875,1916.8599853515625,1901.300048828125,1913.9000244140625,1913.9000244140625,AMZN
2018-08-09,2756300,220.1499938964844,220.25,215.94000244140625,216.5800018310547,216.5800018310547,AVGO
2018-09-14,13937000,47.27000045776367,47.4900016784668,47.099998474121094,47.400001525878906,45.02698516845703,CSCO
2019-03-05,3681500,1702.949951171875,1707.800048828125,1689.010009765625,1692.4300537109375,1692.4300537109375,AMZN
2019-01-31,8535500,339.67999267578125,345.989990234375,338.0899963378906,339.5,339.5,NFLX
2018-06-01,3314900,56.0,57.04999923706055,55.900001525878906,56.869998931884766,56.869998931884766,TMUS
2019-06-21,5223900,77.70999908447266,77.75,75.19999694824219,75.69999694824219,75.69999694824219,TMUS
2018-10-22,17097200,333.1000061035156,335.79998779296875,320.3399963378906,329.5400085449219,329.5400085449219,NFLX
2019-10-30,1728100,290.010009765625,290.9700012207031,286.5199890136719,290.239990234375,290.239990234375,AVGO
2018-11-12,2471500,68.69000244140625,69.16000366210938,67.77999877929688,67.88999938964844,67.88999938964844,TMUS
2019-08-09,2879800,1828.949951171875,1831.0899658203125,1802.219970703125,1807.5799560546875,1807.5799560546875,AMZN
2018-03-15,3906800,112.4000015258789,113.25,111.66000366210938,111.98999786376952,104.52316284179688,PEP
2018-07-19,4676900,1829.4599609375,1841.0,1811.27001953125,1812.969970703125,1812.969970703125,AMZN
2018-09-24,3387400,114.0999984741211,114.72000122070312,112.1999969482422,112.2699966430664,106.62288665771484,PEP
2019-11-08,6069200,334.5,337.4599914550781,332.5,337.1400146484375,337.1400146484375,TSLA
2018-03-21,5263900,316.3500061035156,319.3999938964844,314.510009765625,316.4800109863281,316.4800109863281,NFLX
2019-05-03,26887100,54.63999938964844,54.9900016784668,54.18000030517578,54.939998626708984,53.284423828125,CSCO
2018-06-22,10266100,351.5400085449219,352.25,332.0,333.6300048828125,333.6300048828125,TSLA
2018-02-06,87123200,11.039999961853027,11.739999771118164,11.0,11.649999618530272,11.649999618530272,AMD
2018-07-11,3576100,244.9499969482422,247.5399932861328,242.61000061035156,243.44000244140625,243.44000244140625,AVGO
2018-06-14,3174400,1713.47998046875,1724.800048828125,1708.8699951171875,1723.8599853515625,1723.8599853515625,AMZN
2018-04-27,4364600,285.3699951171875,294.4700012207031,283.8299865722656,294.0799865722656,294.0799865722656,TSLA
2018-02-13,5378600,57.68000030517578,58.279998779296875,57.220001220703125,57.689998626708984,57.689998626708984,TMUS
2018-09-21,6855900,1954.219970703125,1957.31005859375,1910.5,1915.010009765625,1915.010009765625,AMZN
2019-05-17,32879100,186.92999267578125,190.8999938964844,186.7599945068359,189.0,186.77099609375,AAPL
2019-10-21,20078200,138.4499969482422,138.5,137.00999450683594,138.42999267578125,137.20262145996094,MSFT
2018-01-29,5701900,1409.1800537109375,1431.3900146484375,1400.43994140625,1417.6800537109375,1417.6800537109375,AMZN
2018-11-15,3669400,226.22000122070312,239.30999755859375,225.86000061035156,236.33999633789065,236.33999633789065,AVGO
2018-06-11,3185900,257.8599853515625,261.79998779296875,256.32000732421875,260.8299865722656,260.8299865722656,AVGO
2019-04-17,1813800,320.239990234375,320.94000244140625,317.8399963378906,320.5299987792969,320.5299987792969,AVGO
2019-02-28,39384900,23.209999084472656,23.670000076293945,23.11000061035156,23.530000686645508,23.530000686645508,AMD
2018-05-09,49605700,11.649999618530272,11.979999542236328,11.56999969482422,11.949999809265137,11.949999809265137,AMD
2018-11-28,46788500,107.88999938964844,111.33000183105467,107.86000061035156,111.12000274658205,108.89935302734376,MSFT
2018-03-02,32830400,91.58000183105467,93.1500015258789,90.86000061035156,93.0500030517578,90.05978393554688,MSFT
2018-10-04,32042000,230.77999877929688,232.3500061035156,226.72999572753903,227.9900054931641,222.7013397216797,AAPL
2019-05-22,3287300,76.48999786376953,77.12999725341797,76.13999938964844,76.3499984741211,76.3499984741211,TMUS
2019-05-09,27235800,124.29000091552734,125.79000091552734,123.56999969482422,125.5,123.51724243164062,MSFT
2019-12-18,11207400,316.260009765625,325.3599853515625,315.6000061035156,320.79998779296875,320.79998779296875,NFLX
2018-04-24,44992200,10.1899995803833,10.350000381469728,9.949999809265137,10.09000015258789,10.09000015258789,AMD
2019-02-08,18407100,46.400001525878906,47.20000076293945,46.29999923706055,47.189998626708984,45.48000717163086,CSCO
2018-11-29,41770000,182.66000366210935,182.8000030517578,177.6999969482422,179.5500030517578,175.99693298339844,AAPL
2018-06-20,21276500,43.95000076293945,43.9900016784668,43.70000076293945,43.7400016784668,41.228878021240234,CSCO
2018-11-26,32336200,104.79000091552734,106.62999725341795,104.58000183105467,106.47000122070312,104.34227752685548,MSFT
2018-12-03,3641200,68.5,69.0199966430664,66.97000122070312,67.80000305175781,67.80000305175781,TMUS
2019-02-13,1919000,280.0,282.1600036621094,277.9700012207031,281.32000732421875,281.32000732421875,AVGO
2018-03-12,2965200,65.51000213623047,65.7300033569336,64.43000030517578,64.55000305175781,64.55000305175781,TMUS
2018-05-31,46797700,13.739999771118164,13.93000030517578,13.6899995803833,13.729999542236328,13.729999542236328,AMD
2019-01-18,24150800,323.0,327.1300048828125,299.7300109863281,302.260009765625,302.260009765625,TSLA
2019-04-11,2654800,1848.699951171875,1849.949951171875,1840.31005859375,1844.0699462890625,1844.0699462890625,AMZN
2019-01-25,110239500,20.989999771118164,22.030000686645508,20.790000915527344,21.93000030517578,21.93000030517578,AMD
2018-03-29,2703100,60.95000076293945,61.290000915527344,60.40999984741211,61.040000915527344,61.040000915527344,TMUS
2018-01-29,2553600,64.75,64.97000122070312,64.3499984741211,64.5999984741211,64.5999984741211,TMUS
2018-11-29,3080700,347.0,347.5,339.54998779296875,341.1700134277344,341.1700134277344,TSLA
2018-10-02,15671600,48.75,49.13999938964844,48.66999816894531,49.0099983215332,46.55637741088867,CSCO
2018-05-14,3771800,56.38999938964844,56.65999984741211,56.119998931884766,56.459999084472656,56.459999084472656,TMUS
2018-01-31,8048200,250.0,253.13999938964844,244.86000061035156,248.02999877929688,248.02999877929688,AVGO
2018-01-17,39020800,11.899999618530272,12.1899995803833,11.81999969482422,12.18000030517578,12.18000030517578,AMD
2019-09-11,24726100,135.91000366210938,136.27000427246094,135.08999633789062,136.1199951171875,134.91310119628906,MSFT
2019-11-05,4300800,134.8300018310547,135.10000610351562,132.60000610351562,134.00999450683594,131.16722106933594,PEP
2018-01-04,6029600,206.1999969482422,207.0500030517578,204.0,205.6300048828125,205.6300048828125,NFLX
2019-07-15,2981300,2021.4000244140625,2022.9000244140625,2001.550048828125,2020.989990234375,2020.989990234375,AMZN
2018-02-23,33317600,11.949999809265137,12.15999984741211,11.9399995803833,12.06999969482422,12.06999969482422,AMD
2018-04-27,74347800,11.199999809265137,11.359999656677246,11.020000457763672,11.109999656677246,11.109999656677246,AMD
2018-01-02,22483800,86.12999725341797,86.30999755859375,85.5,85.94999694824219,82.79899597167969,MSFT
2019-02-06,6717700,357.0,357.0400085449219,347.19000244140625,352.19000244140625,352.19000244140625,NFLX
2019-08-05,52393000,197.9900054931641,198.6499938964844,192.5800018310547,193.33999633789065,191.05978393554688,AAPL
2019-04-04,23720700,261.8900146484375,271.20001220703125,260.5899963378906,267.7799987792969,267.7799987792969,TSLA
2019-10-28,13859700,47.150001525878906,47.599998474121094,47.060001373291016,47.16999816894531,46.38597106933594,CSCO
2019-07-29,12051100,56.689998626708984,57.150001525878906,56.540000915527344,56.93000030517578,55.56290817260742,CSCO
2019-04-18,24195800,203.1199951171875,204.1499938964844,202.52000427246097,203.86000061035156,200.6829071044922,AAPL
2019-11-27,4096900,313.92999267578125,316.82000732421875,312.75,315.92999267578125,315.92999267578125,NFLX
2019-04-10,13460200,55.11000061035156,55.84000015258789,55.11000061035156,55.81999969482422,54.13790512084961,CSCO
2018-10-29,5706000,111.29000091552734,113.30999755859376,111.13999938964844,112.88999938964844,107.2117156982422,PEP
2019-03-19,156052200,23.600000381469727,26.079999923706055,23.59000015258789,26.0,26.0,AMD
2018-07-13,24635200,104.37000274658205,105.5999984741211,104.08999633789062,105.43000030517578,102.4842300415039,MSFT
2018-10-02,5400700,1999.989990234375,2013.3900146484375,1965.77001953125,1971.31005859375,1971.31005859375,AMZN
2019-12-17,28539600,279.57000732421875,281.7699890136719,278.79998779296875,280.4100036621094,278.9908752441406,AAPL
2019-11-19,5918000,304.010009765625,305.6700134277344,298.5199890136719,302.6000061035156,302.6000061035156,NFLX
2019-02-06,18160500,47.119998931884766,47.59000015258789,46.95000076293945,47.47999954223633,45.75950622558594,CSCO
2018-04-11,4766900,62.720001220703125,63.61000061035156,62.709999084472656,62.91999816894531,62.91999816894531,TMUS
2018-08-20,30287700,218.1000061035156,219.17999267578125,215.11000061035156,215.4600067138672,210.4620056152344,AAPL
2019-10-02,30521700,136.25,136.3699951171875,133.5800018310547,134.64999389648438,133.45614624023438,MSFT
2019-03-28,5866500,71.9800033569336,72.25,68.91999816894531,69.1500015258789,69.1500015258789,TMUS
2019-10-14,24106900,234.8999938964844,238.1300048828125,234.6699981689453,235.8699951171875,233.97381591796875,AAPL
2019-02-01,16266500,47.369998931884766,47.560001373291016,47.04999923706055,47.34000015258789,45.62457656860352,CSCO
2019-09-06,2496900,1838.219970703125,1840.6500244140625,1826.4000244140625,1833.510009765625,1833.510009765625,AMZN
2019-05-01,64827300,209.8800048828125,215.30999755859375,209.22999572753903,210.52000427246097,207.23912048339844,AAPL
2019-09-18,2647800,135.80999755859375,136.0,134.10000610351562,135.5,132.6256103515625,PEP
2018-10-30,6077300,64.52999877929688,65.48999786376953,63.61000061035156,63.91999816894531,63.91999816894531,TMUS
2018-10-08,12375500,345.17999267578125,352.95001220703125,338.1099853515625,349.1000061035156,349.1000061035156,NFLX
2019-10-24,17318800,244.5099945068359,244.8000030517578,241.80999755859375,243.5800018310547,241.621826171875,AAPL
2018-07-06,4387300,109.48999786376952,110.0199966430664,108.97000122070312,109.55999755859376,103.19563293457033,PEP
2018-11-27,119230100,19.770000457763672,21.450000762939453,19.729999542236328,21.049999237060547,21.049999237060547,AMD
2018-08-08,24571200,369.0899963378906,382.6400146484375,367.1199951171875,370.3399963378906,370.3399963378906,TSLA
2019-08-26,20312600,134.99000549316406,135.55999755859375,133.89999389648438,135.4499969482422,134.2490692138672,MSFT
2019-11-12,15632900,48.290000915527344,48.7400016784668,48.119998931884766,48.369998931884766,47.56602478027344,CSCO
2018-06-22,27460000,43.34000015258789,43.45000076293945,42.88999938964844,43.20000076293945,40.719879150390625,CSCO
2018-11-07,33424400,205.97000122070312,210.05999755859375,204.1300048828125,209.9499969482422,205.07980346679688,AAPL
2019-11-29,922900,316.8500061035156,317.7900085449219,315.0,316.2099914550781,316.2099914550781,AVGO
2019-03-01,23501200,112.88999938964844,113.0199966430664,111.66999816894533,112.52999877929688,110.7521514892578,MSFT
2019-08-09,3898200,236.0500030517578,238.9600067138672,233.80999755859375,235.0099945068359,235.0099945068359,TSLA
2018-10-31,20360300,297.7699890136719,311.5,295.04998779296875,301.7799987792969,301.7799987792969,NFLX
2018-04-18,42449600,10.510000228881836,10.649999618530272,10.329999923706056,10.359999656677246,10.359999656677246,AMD
2018-06-08,18812400,43.52000045776367,43.72999954223633,43.310001373291016,43.47999954223633,40.98379898071289,CSCO
2019-11-01,2123200,292.989990234375,296.5899963378906,292.0899963378906,296.5899963378906,296.5899963378906,AVGO
2018-05-02,5295000,233.3000030517578,233.44000244140625,226.8000030517578,228.7400054931641,228.7400054931641,AVGO
2018-06-14,21610100,191.5500030517578,191.57000732421875,190.22000122070312,190.8000030517578,185.7227020263672,AAPL
2018-07-31,2495700,59.869998931884766,60.20000076293945,59.47999954223633,60.0,60.0,TMUS
2019-08-09,2929500,129.7100067138672,129.74000549316406,127.31999969482422,128.60000610351562,125.00811767578124,PEP
2019-04-15,40812500,27.799999237060547,27.84000015258789,26.959999084472656,27.329999923706055,27.329999923706055,AMD
2019-07-10,3013400,277.8599853515625,278.79998779296875,274.0,274.5,274.5,AVGO
2018-08-23,113444100,21.190000534057617,22.31999969482422,21.13999938964844,22.290000915527344,22.290000915527344,AMD
2018-11-30,3470700,68.87999725341797,69.20999908447266,68.08000183105469,68.44999694824219,68.44999694824219,TMUS
2019-06-06,3268700,267.0199890136719,275.0,265.2799987792969,272.7900085449219,272.7900085449219,AVGO
2018-02-08,42982100,40.439998626708984,40.7599983215332,38.720001220703125,38.77000045776367,36.25276947021485,CSCO
2019-07-25,13909600,208.88999938964844,209.2400054931641,206.72999572753903,207.02000427246097,204.57847595214844,AAPL
2019-12-24,470100,77.05000305175781,77.41000366210938,76.91999816894531,77.31999969482422,77.31999969482422,TMUS
2019-09-23,13478600,268.3500061035156,273.3900146484375,261.8900146484375,265.9200134277344,265.9200134277344,NFLX
2018-05-08,5333700,97.91000366210938,97.98999786376952,96.43000030517578,96.79000091552734,90.33660888671876,PEP
2018-04-25,14919700,306.3699951171875,309.9800109863281,292.6199951171875,305.760009765625,305.760009765625,NFLX
2018-01-23,3536900,121.06999969482422,122.51000213623048,120.8499984741211,121.3000030517578,112.3818817138672,PEP
2018-07-02,2217800,59.459999084472656,59.959999084472656,59.040000915527344,59.90999984741211,59.90999984741211,TMUS
2019-06-21,36727900,136.5800018310547,137.72999572753906,136.4600067138672,136.97000122070312,135.30503845214844,MSFT
2018-05-16,5544700,96.63999938964844,97.5500030517578,96.5500030517578,97.19000244140624,90.70994567871094,PEP
2018-04-19,5014100,243.5399932861328,246.27999877929688,240.66000366210935,242.86000061035156,242.86000061035156,AVGO
2018-06-26,3546400,59.709999084472656,59.7599983215332,58.81999969482422,59.70000076293945,59.70000076293945,TMUS
2019-04-17,26093600,57.18000030517578,57.31999969482422,56.290000915527344,56.310001373291016,54.61314010620117,CSCO
2018-10-25,6795200,66.33999633789062,67.0,65.0999984741211,66.31999969482422,66.31999969482422,TMUS
2018-04-27,7074400,316.25,317.45001220703125,306.5,311.760009765625,311.760009765625,NFLX
2018-06-08,2491500,57.33000183105469,57.970001220703125,56.97999954223633,57.79999923706055,57.79999923706055,TMUS